Date,Close,High,Low,Open,Volume,resistance,support,near_resistance,near_support,intended_direction,triangle_pattern,triangle_breakout_direction,multiple_top_bottom_pattern,channel_pattern,has_event
2010-01-04,85.0279541015625,85.07296839235833,83.66246528116115,84.30769682834931,118944600,,,False,False,,,,,,False
2010-01-05,85.25305938720703,85.29057512463632,84.66785051753644,84.9754635369826,111579900,,,False,False,,,,,,False
2010-01-06,85.31306457519531,85.52313892337453,85.1029902270161,85.17051167146083,116074400,,,False,False,,,,,,False
2010-01-07,85.6731948852539,85.77823205783233,84.915421805284,85.15550758890559,131091100,,,False,False,,,,,,False
2010-01-08,85.95830535888672,85.99582109252837,85.27556365456766,85.44812229148573,126402800,,,False,False,,,,,,False
2010-01-11,86.07831573486328,86.37841858421547,85.71068001344548,86.3409085900939,106375700,,,False,False,,,,,,False
2010-01-12,85.27555084228516,85.68819522985875,84.94543075294914,85.50813232844658,163333500,,,False,False,,,,,,False
2010-01-13,85.9958267211914,86.23591254955926,85.05799055973927,85.49314218833884,161822000,,,False,False,,,,,,False
2010-01-14,86.22837829589844,86.38593402938507,85.84573967223338,85.89825825006226,115718800,,,False,False,,,,,,False
2010-01-15,85.26054382324219,86.16086407089153,84.93042372785904,86.07833977114228,212283100,,,False,False,,,,,,False
2010-01-19,86.32592010498047,86.37843868824996,85.22302413222486,85.24553700285145,139172700,,,False,False,,,,,,False
2010-01-20,85.44810485839844,85.8682535137993,84.76536329337203,85.74070920399491,216490200,,,False,False,,,,,,False
2010-01-21,83.80500793457031,85.73319818256456,83.69997077896718,85.47060529355672,344859600,,,False,False,,,,,,False
2010-01-22,81.93682098388672,83.83499934490251,81.84678670454696,83.42985367401504,345942400,,,False,False,,,,,,False
2010-01-25,82.35700988769531,82.83718722218961,82.08691836543186,82.6871300163798,186937500,,,False,False,,,,,,False
2010-01-26,82.01187133789062,82.88218579414519,81.80930130360848,82.03437848346685,211168800,,,False,False,,,,,,False
2010-01-27,82.40203857421875,82.58960580812669,81.27663517077113,81.90685832913489,271863600,,,False,False,,,,,,False
2010-01-28,81.45665740966797,82.71710882066088,80.96148313611442,82.67209453872734,316104000,,,False,False,,,,,,False
2010-01-29,80.57135772705078,82.3795080975408,80.443813417889,81.80930226515815,310677600,,,False,False,,,,,,False
2010-02-01,81.82429504394531,81.83179933300008,80.65387781159914,81.14155356644184,187865000,,,False,False,,,,,,False
2010-02-02,82.81468963623047,82.97224543834349,81.68928614333902,81.974392024961,216327900,,,False,False,,,,,,False
2010-02-03,82.40203857421875,82.88971452719893,82.1619527437805,82.4395485865417,172730700,,,False,False,,,,,,False
2010-02-04,79.85861206054688,81.80180548446383,79.8436034792112,81.76429547931787,356715700,,,False,False,,,,,,False
2010-02-05,80.02366638183594,80.18872069603596,78.4631060322486,79.94863492872223,493585800,,,False,False,,,,,,False
2010-02-08,79.44597625732422,80.52636534439445,79.38595336935417,80.08370370073743,224166900,,,False,False,,,,,,False
2010-02-09,80.44379425048828,81.14154422577934,79.73103569881543,80.37626710495961,337820500,,,False,False,,,,,,False
2010-02-10,80.28626251220703,80.72891833801314,79.61101947580272,80.31627394983572,240511500,,,False,False,,,,,,False
2010-02-11,81.12654113769531,81.21657542979288,79.7160382394041,80.18120682909885,223591600,,,False,False,,,,,,False
2010-02-12,81.05902862548828,81.10404291443957,79.91111846446417,80.27124422426606,304622100,,,False,False,,,,,,False
2010-02-16,82.33450317382812,82.41703320643626,80.8939883350087,81.67426863706017,159317500,,,False,False,,,,,,False
2010-02-17,82.72463989257812,82.83718135794413,82.33449690918889,82.73213845926495,168845100,,,False,False,,,,,,False
2010-02-18,83.2123031616211,83.38486175484019,82.5595673405983,82.58957877509202,193708600,,,False,False,,,,,,False
2010-02-19,83.3848648071289,83.7074805846259,82.7996561233195,82.99472759262132,222684900,,,False,False,,,,,,False
2010-02-22,83.39988708496094,83.71499862429124,83.15229699373127,83.69249147492437,132346900,,,False,False,,,,,,False
2010-02-23,82.38700866699219,83.42988175968098,82.16943004507993,83.17479313515393,207497000,,,False,False,,,,,,False
2010-02-24,83.144775390625,83.27982398280419,82.42451814036792,82.63459245618093,176350700,,,False,False,,,,,,False
2010-02-25,83.0322265625,83.09224942571002,81.73426505913126,81.9593422100259,259634700,,,False,False,,,,,,False
2010-02-26,83.08475494384766,83.36986071570058,82.612087719491,83.10726208918426,173589300,,,False,False,,,,,,False
2010-03-01,83.94757843017578,84.0301084589114,83.40738395994157,83.42989110885185,147709700,,,False,False,,,,,,False
2010-03-02,84.1801528930664,84.58529871185335,84.03010143015113,84.30770293305044,160992400,,,False,False,,,,,,False
2010-03-03,84.25518798828125,84.75786670726824,84.04510791738986,84.39773516697961,150785000,,,False,False,,,,,,False
2010-03-04,84.5102767944336,84.63032254946073,84.05261237056179,84.36772389136303,135770400,,,False,False,,,,,,False
2010-03-05,85.71821594238281,85.78573739118222,84.85540562177574,85.05798141636807,176118800,,,False,False,,,,,,False
2010-03-08,85.73316192626953,85.92072901396725,85.58311054574867,85.72566336410877,114631200,,,False,False,,,,,,False
2010-03-09,85.87574768066406,86.27338914323623,85.4330919314899,85.4781062180919,154556700,,,False,False,,,,,,False
2010-03-10,86.2583999633789,86.490981446487,85.83825129090071,85.91327702182947,186088800,,,False,False,,,,,,False
2010-03-11,86.6185073852539,86.64102025144312,85.79321307193192,86.0558059365214,160791100,,,False,False,,,,,,False
2010-03-12,86.62601470947266,87.00865331076557,86.38592897856434,86.99364473278017,162074800,,,False,False,,,,,,False
2010-03-15,86.64855194091797,86.70857482551173,85.98081309108005,86.47599330283258,146816800,,,False,False,,,,,,False
2010-03-16,87.33876037597656,87.42128464626805,86.648508993467,86.88859468874593,168673000,87.42128464626805,78.4631060322486,False,False,,,,,,False
2010-03-17,87.85647583007812,88.14158163910601,87.34629281424039,87.60138718420762,177468100,88.14158163910601,78.4631060322486,False,False,,,,,,False
2010-03-18,87.81143951416016,87.98399809036769,87.45881234874223,87.8639580883227,196509100,88.14158163910601,78.4631060322486,False,False,,,,,,False
2010-03-19,87.3669662475586,88.36139901095075,87.02795155124232,87.3669662475586,226641100,88.36139901095075,78.4631060322486,False,False,,,,,,False
2010-03-22,87.83403778076172,87.99224807512151,86.81700526764389,86.86974011654134,184477800,88.36139901095075,78.4631060322486,False,False,,,,,,False
2010-03-23,88.4518051147461,88.5271397989199,87.6758411995187,87.96212104611435,182941600,88.5271397989199,78.4631060322486,False,False,,,,,,False
2010-03-24,88.02238464355469,88.46686904767441,87.07315728472506,88.1203249051015,196072600,88.5271397989199,78.4631060322486,False,False,,,,,,False
2010-03-25,87.8792724609375,89.0243748817558,87.77380272800697,88.6175605914512,223396300,89.0243748817558,78.4631060322486,False,False,,,,,,False
2010-03-26,87.82650756835938,88.45932574959475,87.4799634575399,88.04498215407179,205808500,89.0243748817558,78.4631060322486,False,False,,,,,,False
2010-03-29,88.38400268554688,88.54220725164194,87.90938898726165,88.27099778185949,134513500,89.0243748817558,78.4631060322486,False,False,,,,,,False
2010-03-30,88.44425964355469,88.76820392075635,88.07511571063517,88.48945929927254,145772500,89.0243748817558,78.4631060322486,False,False,,,,,,False
2010-03-31,88.14293670654297,88.53468056293114,87.84912737733465,88.10526648580601,161078700,89.0243748817558,78.4631060322486,False,False,,,,,,False
2010-04-01,88.74561309814453,89.08462204576315,88.21825882136592,88.74561309814453,161215200,89.08462204576315,78.4631060322486,False,False,,,,,,False
2010-04-05,89.46883392333984,89.52909821952058,88.83600995826637,89.08461957839052,105847600,89.52909821952058,78.4631060322486,False,False,,,,,,False
2010-04-06,89.67977905273438,89.83798361718283,89.11476028784644,89.21269480459982,110384200,89.83798361718283,78.4631060322486,False,False,,,,,,False
2010-04-07,89.1675033569336,89.92086177951826,88.7531539254446,89.49898290212481,184576300,89.92086177951826,78.4631060322486,False,False,,,,,,False
2010-04-08,89.47634887695312,89.62702396217176,88.59492118217463,88.85859539672374,158704000,89.92086177951826,78.4631060322486,False,False,,,,,,False
2010-04-09,90.06398010253906,90.10164456602716,89.49896142121239,89.66469540636106,133006500,90.10164456602716,78.4631060322486,False,False,,,,,,False
2010-04-12,90.20712280273438,90.44066778821332,90.07151807646743,90.17698778048974,110279000,90.44066778821332,78.4631060322486,False,False,,,,,,False
2010-04-13,90.27494049072266,90.43314506857624,89.64965162515715,90.11673591286907,125043600,90.44066778821332,78.4631060322486,False,False,,,,,,False
2010-04-14,91.29949951171876,91.29949951171876,90.46327129040324,90.60640546729114,161609000,91.29949951171876,78.4631060322486,False,False,long,,,,channel_up,True
2010-04-15,91.37482452392578,91.58576391820432,91.11867972539652,91.14881474567451,144615300,91.58576391820432,78.4631060322486,False,False,,,,,,False
2010-04-16,89.92084503173828,91.37482674642897,89.46129601973927,91.05088245514553,366786700,91.58576391820432,78.4631060322486,False,False,,,,,,False
2010-04-19,90.25984191894533,90.3502469699181,89.25034471424983,89.65715882212716,217947800,91.58576391820432,78.4631060322486,False,False,,,,,,False
2010-04-20,91.0659637451172,91.14130418525596,90.30507587919948,90.82488928061154,157708000,91.58576391820432,79.38595336935417,False,False,,,,,,False
2010-04-21,90.90023803710938,91.3296521459113,90.39548348127587,91.1187069409597,192910100,91.58576391820432,79.61101947580272,False,False,,,,,,False
2010-04-22,91.17142486572266,91.28442976760468,89.74004860077727,90.25986195316568,115360300,91.58576391820432,79.61101947580272,False,False,,,,,,False
2010-04-23,91.76654815673828,91.804218360737,90.8775853704301,91.11113028942316,177335500,91.804218360737,79.7160382394041,False,False,,,,,,False
2010-04-26,91.42003631591795,92.0001254748544,91.3296369907515,91.79671549789346,143457300,92.0001254748544,79.91111846446417,False,False,,,,,,False
2010-04-27,89.2579116821289,91.4125115612049,89.08463670966015,90.89269813913629,355853300,92.0001254748544,80.8939883350087,False,False,,,,,,False
2010-04-28,89.93592071533203,90.16193052684152,89.0996924594825,89.68731681987352,300674100,92.0001254748544,81.73426505913126,False,False,,,,,,False
2010-04-29,91.05087280273438,91.23921235333616,90.45571913311277,90.47831895955824,193775000,92.0001254748544,81.73426505913126,False,False,,,,,,False
2010-04-30,89.5064697265625,91.16386091562828,89.48386990427359,91.06592068882182,270000900,92.0001254748544,81.73426505913126,False,False,,,,,,False
2010-05-03,90.66668701171876,90.91529667610492,89.80032365707125,89.93592840603927,182747900,92.0001254748544,81.73426505913126,False,False,,,,,,False
2010-05-04,88.53466033935547,89.67223292326987,88.08264653210713,89.65716828701747,360353400,92.0001254748544,81.73426505913126,False,False,,,,,,False
2010-05-05,88.00733947753906,88.74563333431095,87.36698590398328,87.81146465877603,328973200,92.0001254748544,81.73426505913126,False,False,,,,,,False
2010-05-06,85.08429718017578,88.14293036026089,79.10262981049054,87.58544676903885,647356600,92.0001254748544,79.10262981049054,False,False,,,,,,False
2010-05-07,83.81866455078125,85.70959016244161,82.4249525379777,84.85829716487747,637558800,92.0001254748544,79.10262981049054,False,False,,,,,,False
2010-05-10,87.5101089477539,87.87925293097355,86.56841100753273,87.24642892635751,396159600,92.0001254748544,79.10262981049054,False,False,,,,,,False
2010-05-11,87.26152038574219,88.41415802330786,86.56843191379896,86.6889662904689,317849800,92.0001254748544,79.10262981049054,False,False,,,,,,False
2010-05-12,88.48193359375,88.61000887812729,87.4573658047392,87.60804091939839,235607100,92.0001254748544,79.10262981049054,False,False,,,,,,False
2010-05-13,87.38202667236328,88.65520402498954,87.30669199270316,88.24085466535745,234452500,92.0001254748544,79.10262981049054,False,False,,,,,,False
2010-05-14,85.79996490478516,86.88480255161625,85.03154207005774,86.72659801939787,345601400,92.0001254748544,79.10262981049054,False,False,,,,,,False
2010-05-17,85.84516143798828,86.27457536630996,84.20284039240123,86.03350098107089,325739800,92.0001254748544,79.10262981049054,False,False,,,,,,False
2010-05-18,84.677490234375,86.80196081602743,84.39874554100257,86.54581595634247,360556800,92.0001254748544,79.10262981049054,False,False,,,,,,False
2010-05-19,84.19532775878906,84.95621552643577,83.14062495741923,84.2028572036956,394742700,92.0001254748544,79.10262981049054,False,False,,,,,,False
2010-05-20,81.01617431640625,82.78656565360023,80.96343945096368,82.40235120670765,530418300,92.0001254748544,79.10262981049054,False,False,,,,,,False
2010-05-21,82.19893646240234,82.40234070384977,79.37384242876924,79.7881918527695,500909400,92.0001254748544,79.10262981049054,False,False,,,,,,False
2010-05-24,81.14422607421875,82.40986831474117,81.06889138978713,81.75444449008327,269823000,92.0001254748544,79.10262981049054,False,False,,,,,,False
2010-05-25,81.22709655761719,81.26476677394815,78.63554201061827,79.18549613164278,396505200,92.0001254748544,78.63554201061827,False,False,,,,,,False
2010-05-26,80.7374038696289,82.47013017796021,80.49632945476839,81.72430710505853,349719300,92.0001254748544,78.63554201061827,False,False,,,,,,False
2010-05-27,83.44196319580078,83.47209821617686,81.95031129935529,82.25919094745962,300870500,92.0001254748544,78.63554201061827,False,False,,,,,,False
2010-05-28,82.39483642578125,83.41186943901063,82.0030867147622,83.35159936844303,297933500,92.0001254748544,78.63554201061827,False,False,,,,,,False
2010-06-01,81.00862884521484,82.83175481656875,80.88809448849541,81.6263825110318,277909400,92.0001254748544,78.63554201061827,False,False,,,,,,False
2010-06-02,83.11802673339844,83.12555617845047,80.99355645212813,81.42297047448059,240243700,92.0001254748544,78.63554201061827,False,False,,,,,,False
2010-06-03,83.40431213378906,83.66798643803753,82.55301916645298,83.3591124666804,226618300,92.0001254748544,78.63554201061827,False,False,,,,,,False
2010-06-04,80.47374725341797,82.36467852184725,80.20253775883573,81.82225953268278,398475600,92.0001254748544,78.63554201061827,False,False,,,,,,False
2010-06-07,79.47176361083984,81.06888523888533,79.41149931646775,80.76000558418278,264609100,92.0001254748544,78.63554201061827,False,False,,,,,,False
2010-06-08,80.32305145263672,80.48125598117342,78.83893491412569,79.53202306228647,357774300,92.0001254748544,78.63554201061827,False,False,,,,,,False
2010-06-09,79.89363861083984,81.57362416136142,79.55462397562681,80.79013095146937,268023300,92.0001254748544,78.63554201061827,False,False,,,,,,False
2010-06-10,82.22907257080078,82.3270070960951,79.88612742825582,81.25723952071927,317890600,92.0001254748544,78.63554201061827,False,False,,,,,,False
2010-06-11,82.62833404541016,82.68106889361329,81.4530970010734,81.50583184927653,214128200,92.0001254748544,78.63554201061827,False,False,,,,,,False
2010-06-14,82.50027465820312,83.71318206358006,82.4174047797487,83.2611624546766,207196100,92.0001254748544,78.63554201061827,False,False,long,symmetric_triangle,up,,,True
2010-06-15,84.3761215209961,84.45145619424927,82.93720454689173,83.08034444943976,238268700,92.0001254748544,78.63554201061827,False,False,,,,,,False
2010-06-16,84.34600830078125,84.69255248544142,83.7734542902838,83.93919406287532,216374000,92.0001254748544,78.63554201061827,False,False,,,,,,False
2010-06-17,84.48161315917969,84.62475309891171,83.66045523637077,84.58708287866581,263185800,92.0001254748544,78.63554201061827,False,False,,,,,,False
2010-06-18,84.57319641113281,84.87596882099803,84.30069662224328,84.64888951359912,174006600,92.0001254748544,78.63554201061827,False,False,,,,,,False
2010-06-21,84.33097839355469,85.68590057446845,83.86167189945809,85.62534955507999,213140700,92.0001254748544,78.63554201061827,False,False,,,,,,False
2010-06-22,82.93818664550781,84.70186399593787,82.81707885267399,84.33096380067997,239355400,92.0001254748544,78.63554201061827,False,False,,,,,,False
2010-06-23,82.68086242675781,83.28641318594174,82.11315534157687,82.99120596364887,254639900,92.0001254748544,78.63554201061827,False,False,,,,,,False
2010-06-24,81.31078338623047,82.37807536442668,81.09884035439379,82.27210384850834,268523600,92.0001254748544,78.63554201061827,False,False,,,,,,False
2010-06-25,81.65139770507812,82.06771265663012,80.81875625194704,81.55299147424616,238726500,92.0001254748544,78.63554201061827,False,False,,,,,,False
2010-06-28,81.39403533935547,81.99202067522934,81.09882819285001,81.77250663231258,169218600,92.0001254748544,78.63554201061827,False,False,,,,,,False
2010-06-29,78.88097381591797,81.37888626774662,78.38139479055987,80.25103783358077,373649500,92.0001254748544,78.38139479055987,False,False,,,,,,False
2010-06-30,78.131591796875,79.38811311908648,77.87422838990855,78.6614491420825,284101700,92.0001254748544,77.87422838990855,False,False,,,,,,False
2010-07-01,77.78343963623047,78.33600461703365,76.5496192413951,78.07864685063545,382924800,92.0001254748544,76.5496192413951,False,False,,,,,,False
2010-07-02,77.3595199584961,78.28299071779729,76.9204977044948,78.04834039453687,233385200,92.0001254748544,76.5496192413951,False,False,,,,,,False
2010-07-06,77.8666763305664,79.00209007001759,77.11729910451933,78.44951950914566,256935300,92.0001254748544,76.5496192413951,False,False,short,,,multiple_top,,True
2010-07-07,80.31914520263672,80.41754561930964,77.98019057161687,78.06345468380597,253769400,91.4125115612049,76.5496192413951,False,False,,,,,,False
2010-07-08,81.1139907836914,81.20482022095351,80.16781231211054,80.99287716732181,210842100,91.23921235333616,76.5496192413951,False,False,,,,,,False
2010-07-09,81.71952819824219,81.72709924178295,80.93987818895452,81.09126440968477,144999900,91.23921235333616,76.5496192413951,False,False,,,,,,False
2010-07-12,81.77250671386719,81.93146396406608,81.10639931660323,81.4470211705989,131283600,91.16386091562828,76.5496192413951,False,False,,,,,,False
2010-07-13,83.0063247680664,83.33180452825103,82.4537541524925,82.62028244143295,213025900,90.91529667610492,76.5496192413951,False,False,,,,,,False
2010-07-14,82.99874114990234,83.32422663578481,82.40075591886188,82.74137771280307,184426800,89.67223292326987,76.5496192413951,False,False,,,,,,False
2010-07-15,83.02143859863281,83.30907461754701,81.87845401358493,82.96845286422725,232337900,88.74563333431095,76.5496192413951,False,False,,,,,,False
2010-07-16,80.73548889160156,82.66568877934995,80.57652588642206,82.57485360139206,282693400,88.65520402498954,76.5496192413951,False,False,,,,,,False
2010-07-19,81.21236419677734,81.46972188326002,80.40243592606252,81.0306996077888,186709000,88.65520402498954,76.5496192413951,False,False,,,,,,False
2010-07-20,82.11314392089844,82.17369494588453,80.0996736334923,80.13752307724613,258162400,88.65520402498954,76.5496192413951,False,False,,,,,,False
2010-07-21,81.04583740234375,82.55972248001899,80.71278083725095,82.537015127856,264527000,88.65520402498954,76.5496192413951,False,False,,,,,,False
2010-07-22,82.85494995117188,83.2182850000278,81.99960675128152,82.00717202051781,274781300,88.65520402498954,76.5496192413951,False,False,,,,,,False
2010-07-23,83.57402038574219,83.69512817721251,82.453742995825,82.68839331211998,222020800,88.65520402498954,76.5496192413951,False,False,,,,,,False
2010-07-26,84.44451904296875,84.52778319534283,83.48320443148715,83.71785480180645,184445700,86.88480255161625,76.5496192413951,False,False,,,,,,False
2010-07-27,84.43693542480469,84.99707123949051,84.103878887688,84.9062360634552,204855600,86.80196081602743,76.5496192413951,False,False,,,,,,False
2010-07-28,83.89192962646484,84.52019321980862,83.61185885262171,84.26282979451801,163056200,86.80196081602743,76.5496192413951,False,False,,,,,,False
2010-07-29,83.48322296142578,84.64134453330408,82.81711536959791,84.4142593809684,220149100,85.68590057446845,76.5496192413951,False,False,,,,,,False
2010-07-30,83.46806335449219,83.91466252035745,82.49161241940844,82.63542759569208,220070600,85.68590057446845,76.5496192413951,False,False,,,,,,False
2010-08-02,85.35284423828125,85.4890941293725,84.42937339588643,84.76999523610787,188263200,85.68590057446845,76.5496192413951,False,False,,,,,,False
2010-08-03,84.94410705566406,85.36042205770607,84.664036189734,85.14091376618286,146657300,85.68590057446845,76.5496192413951,False,False,,,,,,False
2010-08-04,85.5118179321289,85.61778944836212,84.8986961917775,85.17876129538764,158171700,85.68590057446845,76.5496192413951,False,False,,,,,,False
2010-08-05,85.42096710205078,85.4663875828519,84.83812386939316,84.96680271913382,140473800,85.68590057446845,76.5496192413951,True,False,short,,,,,True
2010-08-06,85.07279968261719,85.20904961578019,83.96009285762189,84.58078571424996,239728300,85.68590057446845,76.5496192413951,False,False,,,,,,False
2010-08-09,85.52693939208984,85.67076032843586,85.01978925604607,85.47395364317502,120800400,85.68590057446845,76.5496192413951,False,False,,,,,,False
2010-08-10,85.06521606445312,85.51938629121022,84.30070811777495,84.8002872821877,242916300,85.68590057446845,76.5496192413951,False,False,,,,,,False
2010-08-11,82.73384857177734,83.78599857916187,82.5975986397052,83.75572017481083,273406900,85.68590057446845,76.5496192413951,False,False,,,,,,False
2010-08-12,82.22669982910156,82.52190707900459,81.44704961653635,81.48489906909444,239542600,85.68590057446845,76.5496192413951,False,False,,,,,,False
2010-08-13,81.98446655273438,82.47648049012568,81.88606607526205,81.96933023889818,158698500,85.68590057446845,76.5496192413951,False,False,,,,,,False
2010-08-16,81.94660186767578,82.21153060448667,81.12910252979077,81.4243096615248,147895300,85.68590057446845,76.5496192413951,False,False,,,,,,False
2010-08-17,82.95333862304688,83.558895026638,82.41591005799134,82.65056619626517,172270300,85.68590057446845,76.5496192413951,False,False,,,,,,False
2010-08-18,83.104736328125,83.55132973085831,82.43862885836513,82.91550066086222,182922100,85.68590057446845,76.5496192413951,False,False,,,,,,False
2010-08-19,81.65896606445312,82.87764411925147,81.31834420255878,82.67327215711762,265847600,85.68590057446845,76.5496192413951,False,False,,,,,,False
2010-08-20,81.39403533935547,81.70438457158684,80.80362104634455,81.41674269293071,209714200,85.68590057446845,76.5496192413951,False,False,,,,,,False
2010-08-23,81.08369445800781,82.18125893244547,81.04584501750425,81.78008027316845,163490300,85.68590057446845,76.5496192413951,False,False,,,,,,False
2010-08-24,79.88015747070312,80.53112861610659,79.45627143184103,80.1980719998497,280677800,85.68590057446845,76.5496192413951,False,False,,,,,,False
2010-08-25,80.19051361083984,80.49328607885091,78.94155696774293,79.4411361599729,272234800,85.68590057446845,76.5496192413951,False,False,,,,,,False
2010-08-26,79.6530532836914,80.67492439422753,79.3881188170604,80.56895291758006,224439500,85.68590057446845,76.5496192413951,False,False,,,,,,False
2010-08-27,80.88690185546875,80.97016601907279,78.9566955537602,80.15266647187754,272649000,85.68590057446845,76.5496192413951,False,False,,,,,,False
2010-08-30,79.71361541748047,80.92472807684885,79.70605015024395,80.67493565772814,167238600,85.68590057446845,76.5496192413951,False,False,,,,,,False
2010-08-31,79.71361541748047,80.22077129797157,79.0929227783101,79.41840829488805,273933100,85.67076032843586,76.5496192413951,False,False,,,,,,False
2010-09-01,82.09799194335938,82.21153448592852,80.73549875757048,80.78848450743426,256828100,85.67076032843586,76.5496192413951,False,False,,,,,,False
2010-09-02,82.86251068115234,82.87764699275553,82.12070436228919,82.2948037083026,156112200,85.67076032843586,76.5496192413951,False,False,,,,,,False
2010-09-03,83.93737030029297,84.0130634105641,83.22584235871322,83.67244152683693,212197300,85.67076032843586,76.5496192413951,False,False,,,,,,False
2010-09-07,82.99117279052734,83.64971482511112,82.92305073954255,83.54374334023733,141973700,85.67076032843586,76.5496192413951,False,False,,,,,,False
2010-09-08,83.57402038574219,83.9070711435451,83.11985028644354,83.15769971972266,149924400,85.67076032843586,76.5496192413951,False,False,,,,,,False
2010-09-09,83.9600830078125,84.535361077569,83.73300366252418,84.5126537205416,147017900,85.67076032843586,76.5496192413951,False,False,,,,,,False
2010-09-10,84.38395690917969,84.48235736038536,83.92222149772952,84.11145713274965,127819000,85.67076032843586,76.5496192413951,False,False,,,,,,False
2010-09-13,85.32257843017578,85.49667200974498,84.87597925320952,85.21660691869516,178503500,85.67076032843586,76.9204977044948,True,False,short,,,,,True
2010-09-14,85.26959228515625,85.75403512828869,84.83813519752222,85.15604973051272,209823600,85.75403512828869,77.11729910451933,False,False,,,,,,False
2010-09-15,85.5950698852539,85.69347034343417,84.76243418715109,85.0197918970135,168608400,85.75403512828869,77.98019057161687,False,False,,,,,,False
2010-09-16,85.57237243652344,85.6253581932173,85.04250909457043,85.33015100949228,199962900,85.75403512828869,78.94155696774293,False,False,,,,,,False
2010-09-17,85.60432434082031,86.10658381837638,85.36841775308208,86.02287390545037,195836900,86.10658381837638,78.94155696774293,False,False,,,,,,False
2010-09-20,86.9132308959961,87.10347962989135,85.62714759696638,85.90110623825,214555200,87.10347962989135,78.94155696774293,False,False,,,,,,False
2010-09-21,86.73821258544922,87.3926629434708,86.38054400678544,86.98173075301781,268389100,87.3926629434708,78.94155696774293,False,False,,,,,,False
2010-09-22,86.31204223632812,87.08826030428071,86.06852409472016,86.60122402106478,191322400,87.3926629434708,78.94155696774293,False,False,,,,,,False
2010-09-23,85.61195373535156,86.50231666077549,85.36843552140829,85.6043421582474,202354300,87.3926629434708,78.94155696774293,False,False,,,,,,False
2010-09-24,87.37745666503906,87.43833766612497,86.48709379640196,86.56319214479343,209671800,87.43833766612497,78.94155696774293,False,False,,,,,,False
2010-09-27,86.9588394165039,87.50675638832617,86.87513536251795,87.40782919294111,128761800,87.50675638832617,78.94155696774293,False,False,,,,,,False
2010-09-28,87.2633056640625,87.54487593777925,86.12942460449052,87.07305689137242,209207500,87.54487593777925,78.94155696774293,False,False,,,,,,False
2010-09-29,87.11111450195312,87.44595422105628,86.76866320579795,87.04262192034923,179665800,87.54487593777925,78.94155696774293,False,False,,,,,,False
2010-09-30,86.85236358642578,88.11561816529158,86.44142555978021,87.55248344993203,287106700,88.11561816529158,78.94155696774293,False,False,,,,,,False
2010-10-01,87.21762084960938,87.60572985155821,86.70014411565424,87.50679680455224,174638700,88.11561816529158,78.94155696774293,False,False,,,,,,False
2010-10-04,86.56316375732422,87.40025692697829,86.12939692721702,87.0349826521143,166153200,88.11561816529158,78.94155696774293,False,False,,,,,,False
2010-10-05,88.30587005615234,88.51894775026982,87.26330470315555,87.36223777966133,229634100,88.51894775026982,78.94155696774293,False,False,,,,,,False
2010-10-06,88.29821014404297,88.52651086615495,87.94054172216752,88.29059857172496,148626600,88.52651086615495,78.94155696774293,False,False,,,,,,False
2010-10-07,88.19168853759766,88.67872475412533,87.65899449012355,88.6558958386521,164860000,88.67872475412533,78.94155696774293,False,False,,,,,,False
2010-10-08,88.68634796142578,88.92986610163328,87.97862245927107,88.31346207928031,177760100,88.92986610163328,78.94155696774293,False,False,,,,,,False
2010-10-11,88.77009582519531,89.01361406953308,88.46569656828989,88.8233652597088,103098300,89.01361406953308,78.94155696774293,False,False,,,,,,False
2010-10-12,89.04401397705078,89.30274945359604,88.00906045900922,88.4808735764577,182210000,89.30274945359604,78.94155696774293,False,False,,,,,,False
2010-10-13,89.73655700683594,90.21598772222733,89.32561888190027,89.53870242537027,194347200,90.21598772222733,78.94155696774293,False,False,,,,,,False
2010-10-14,89.38644409179688,89.80499353347456,88.82330959329994,89.65279109744209,217764300,90.21598772222733,78.94155696774293,False,False,,,,,,False
2010-10-15,89.56909942626953,90.0637472836036,88.85376815218055,90.01047787164028,243705000,90.21598772222733,78.94155696774293,False,False,,,,,,False
2010-10-18,90.01050567626953,90.30729332116285,89.27233944966174,89.59956759735594,141204800,90.30729332116285,78.94155696774293,False,False,,,,,,False
2010-10-19,88.83092498779297,89.68323544252121,88.29061357404693,89.180981896832,280604700,90.30729332116285,78.94155696774293,False,False,,,,,,False
2010-10-20,89.698486328125,90.13225326323868,88.93749129768477,88.99076071757834,200051800,90.30729332116285,78.94155696774293,False,False,,,,,,False
2010-10-21,89.89631652832031,90.62687086313092,89.19620268320135,90.1017883822566,221585500,90.62687086313092,78.94155696774293,False,False,,,,,,False
2010-10-22,90.06375122070312,90.20073054401549,89.7974041492432,90.03331072597476,108212400,90.62687086313092,78.94155696774293,False,False,,,,,,False
2010-10-25,90.33008575439452,91.136744237906,90.26159900520965,90.66492534400042,151145700,91.136744237906,78.94155696774293,False,False,,,,,,False
2010-10-26,90.34532165527344,90.43663733374292,89.69847710708142,89.87350269476842,158982900,91.136744237906,78.94155696774293,False,False,,,,,,False
2010-10-27,90.08657836914062,90.18551142654547,89.23426775722554,89.71369247642777,190024000,91.136744237906,78.94155696774293,False,False,,,,,,False
2010-10-28,90.10179138183594,90.6420970285083,89.66802454966628,90.6040449636445,168576000,91.136744237906,78.94155696774293,False,False,,,,,,False
2010-10-29,90.17029571533205,90.345327119536,89.85067920949633,90.01048746241419,144305500,91.136744237906,78.94155696774293,False,False,,,,,,False
2010-11-01,90.20074462890624,91.12915954233674,89.68326774958098,90.61168266301146,174074800,91.136744237906,78.94155696774293,False,False,,,,,,False
2010-11-02,90.91609191894533,91.12916963297933,90.63452162201052,90.87803983889684,158345900,91.136744237906,78.94155696774293,True,False,short,,,,,True
2010-11-03,91.28136444091795,91.33463386831744,90.1398717344158,91.07589830835772,226702800,91.33463386831744,78.94155696774293,False,False,,,,,,False
2010-11-04,93.03924560546876,93.08490344525444,91.29656644716896,92.29346798869486,215039400,93.08490344525444,78.9566955537602,False,False,,,,,,False
2010-11-05,93.38931274414062,93.54150943059334,92.9783747236006,93.10013091157649,180654100,93.54150943059334,78.9566955537602,False,False,long,,,multiple_bottom,,True
2010-11-08,93.21428680419922,93.36648930552276,92.79574298890594,93.1001363796895,156107100,93.54150943059334,79.0929227783101,False,False,,,,,,False
2010-11-09,92.54460906982422,93.56433965631128,92.17172311866882,93.4654123893321,186621600,93.56433965631128,79.0929227783101,False,False,,,,,,False
2010-11-10,92.91746520996094,92.96312884662755,91.82163663076582,92.52175046307124,221387400,93.56433965631128,80.73549875757048,False,False,,,,,,False
2010-11-11,92.56744384765624,92.70442319840868,91.83688924562058,92.118459523815,158017600,93.56433965631128,82.12070436228919,False,False,,,,,,False
2010-11-12,91.47159576416016,92.34674116660686,91.05305200189854,91.9434147495836,239068800,93.56433965631128,82.92305073954255,False,False,,,,,,False
2010-11-15,91.34223175048828,92.118449925854,91.3041854828684,91.7607813358258,163940800,93.56433965631128,82.92305073954255,False,False,,,,,,False
2010-11-16,89.91915130615234,90.9312700108654,89.48537868222277,90.77907336824188,299566200,93.56433965631128,83.11985028644354,False,False,,,,,,False
2010-11-17,89.96483612060547,90.3377220710224,89.69087743697177,89.95722454441244,172308900,93.56433965631128,83.73300366252418,False,False,,,,,,False
2010-11-18,91.2889633178711,91.61619141378182,90.82475588399932,90.83236745997807,197723700,93.56433965631128,83.92222149772952,False,False,,,,,,False
2010-11-19,91.54009246826172,91.57813873604202,90.74865694369716,91.24330487229142,156852900,93.56433965631128,84.76243418715109,False,False,,,,,,False
2010-11-22,91.46395874023438,91.50200499329492,90.38334180777724,91.08346137405442,181361000,93.56433965631128,84.76243418715109,False,False,,,,,,False
2010-11-23,90.1398468017578,90.57361367801155,89.789789831968,90.38336494621728,222309000,93.56433965631128,84.76243418715109,False,False,long,,,multiple_bottom,,True
2010-11-24,91.47159576416016,91.49443049091424,90.69538342652136,90.71060077175972,140046100,93.56433965631128,85.04250909457043,False,False,,,,,,False
2010-11-26,90.40621185302734,91.17481265277333,90.40621185302734,90.6801705282008,76007800,93.56433965631128,85.36841775308208,False,False,,,,,,False
2010-11-29,90.68016052246094,90.92367867286384,89.5995432869881,90.17790107141896,223642300,93.56433965631128,85.36843552140829,False,False,,,,,,False
2010-11-30,90.17029571533205,90.6877725463698,89.65281888429426,89.78219244650201,233930700,93.56433965631128,85.36843552140829,False,False,,,,,,False
2010-12-01,92.08799743652344,92.26302301783188,91.4639818306902,91.47158759966496,221037200,93.56433965631128,85.36843552140829,False,False,,,,,,False
2010-12-02,93.26753997802734,93.33603254317232,92.17931695837682,92.2325863730759,191213600,93.56433965631128,85.36843552140829,True,False,short,,,,,True
2010-12-03,93.51866912841795,93.625207957157,92.92509399517748,92.94792291477432,151288900,93.625207957157,86.12939692721702,False,False,,,,,,False
2010-12-06,93.41975402832033,93.63283171351875,93.22189368952256,93.3208209559557,103050500,93.63283171351875,86.12939692721702,False,False,,,,,,False
2010-12-07,93.47301483154295,94.37098914060982,93.41974541515472,94.31771972422158,206581000,94.37098914060982,86.12939692721702,False,False,,,,,,False
2010-12-08,93.81544494628906,93.89154327072542,93.15338313716978,93.58714997298,138019200,94.37098914060982,86.12939692721702,False,False,,,,,,False
2010-12-09,94.18075561523438,94.37861016183228,93.71654813772136,94.3405638902243,123705100,94.37861016183228,86.12939692721702,False,False,,,,,,False
2010-12-10,94.72866821289062,94.81998390486268,94.15792191433896,94.46992687179612,117571700,94.81998390486268,86.12939692721702,False,False,,,,,,False
2010-12-13,94.78955078125,95.27658719610312,94.75911027958016,95.16244257225632,133812700,95.27658719610312,86.12939692721702,False,False,,,,,,False
2010-12-14,94.87323760986328,95.29939872354817,94.58406162330584,94.93411859837978,147249600,95.29939872354817,87.26330470315555,False,False,,,,,,False
2010-12-15,94.43950653076172,95.0711339627377,94.2796982297677,94.698247927085,160823100,95.29939872354817,87.65899449012355,False,False,,,,,,False
2010-12-16,94.98739624023438,95.05588880973134,94.1731318175642,94.5003599017736,185035200,95.29939872354817,87.65899449012355,False,False,,,,,,False
2010-12-17,95.08914184570312,95.21153834671718,94.72194066973158,94.9208415499022,141075300,95.29939872354817,87.97862245927107,False,False,,,,,,False
2010-12-20,95.31864166259766,95.54814313722348,94.84434717518616,95.3492422483121,119085500,95.54814313722348,88.00906045900922,False,False,,,,,,False
2010-12-21,95.92298889160156,95.98419006226048,95.5251929552484,95.61698887477188,94965500,95.98419006226048,88.00906045900922,False,False,long,,,multiple_bottom,,True
2010-12-22,96.22132873535156,96.25192931795632,95.93828356007022,95.99183312051244,78878100,96.25192931795632,88.29061357404693,False,False,,,,,,False
2010-12-23,96.08362579345705,96.2213254923052,95.84647858184346,96.11422637503044,70053700,96.25192931795632,88.29061357404693,False,False,,,,,,False
2010-12-27,96.12188720703124,96.21368312409948,95.65523850705208,95.72408544485324,58126000,96.25192931795632,88.29061357404693,False,False,,,,,,False
2010-12-28,96.25957489013672,96.35137079573376,96.00712447681684,96.313124447223,55309100,96.35137079573376,88.29061357404693,False,False,,,,,,False
2010-12-29,96.32843017578124,96.54262842270796,96.3131328023427,96.3743339690259,58033100,96.54262842270796,88.29061357404693,False,False,,,,,,False
2010-12-30,96.1754150390625,96.48906074561556,96.03006375459503,96.23661619425548,76616900,96.54262842270796,88.93749129768477,False,False,,,,,,False
2010-12-31,96.19840240478516,96.29020417421162,95.87710496649112,96.03010207906952,91218900,96.54262842270796,89.19620268320135,False,False,,,,,,False
2011-01-03,97.1928939819336,97.61363892874424,96.16014312052272,96.9327919059634,138725200,97.61363892874424,89.23426775722554,False,False,,,,,,False
2011-01-04,97.1393585205078,97.43770699690018,96.53500996060716,97.40710640490272,137409700,97.61363892874424,89.23426775722554,False,False,,,,,,False
2011-01-05,97.64421081542967,97.7054119725472,96.741514175569,96.83331591124526,133975300,97.7054119725472,89.23426775722554,False,False,,,,,,False
2011-01-06,97.4530029296875,97.78960360020228,97.16230606472132,97.6825044480323,122519000,97.78960360020228,89.23426775722554,False,False,,,,,,False
2011-01-07,97.26174926757812,97.74369543082618,96.5044036291981,97.5830467097435,156034600,97.78960360020228,89.48537868222277,False,False,,,,,,False
2011-01-10,97.1393585205078,97.2770582662632,96.54265573125691,96.83335843699956,122401700,97.78960360020228,89.48537868222277,False,False,,,,,,False
2011-01-11,97.48357391357422,97.7207211304292,97.11637276304188,97.49122551825272,110287000,97.78960360020228,89.48537868222277,False,False,,,,,,False
2011-01-12,98.36333465576172,98.4704337895266,97.50653574917769,98.08028944643958,107929200,98.4704337895266,89.48537868222277,False,False,,,,,,False
2011-01-13,98.20269775390624,98.4475024881481,97.9579046925966,98.4016045187108,129048400,98.4704337895266,89.48537868222277,False,False,,,,,,False
2011-01-14,98.91412353515624,98.93707251343344,97.996129385282,98.06497632011354,117677900,98.93707251343344,89.48537868222277,False,False,,,,,,False
2011-01-18,99.08242797851562,99.17422389547292,98.70757519605762,98.82232009225424,114401300,99.17422389547292,89.48537868222277,False,False,,,,,,False
2011-01-19,98.11087799072266,99.09771911278604,97.85078177844912,98.99827742746344,151958400,99.17422389547292,89.48537868222277,False,False,,,,,,False
2011-01-20,97.9808349609375,98.22562797548656,97.25408417703026,97.88903320313284,175745700,99.17422389547292,89.48537868222277,False,False,,,,,,False
2011-01-21,98.20269775390624,98.81469791657864,98.09559860090847,98.59285383998768,151462900,99.17422389547292,89.48537868222277,False,False,,,,,,False
2011-01-24,98.76111602783205,98.87586090710246,98.11850968513453,98.1414586609886,113715500,99.17422389547292,89.48537868222277,False,False,,,,,,False
2011-01-25,98.814697265625,98.89884743334976,98.00380201642211,98.50104557929345,167552200,99.17422389547292,89.48537868222277,False,False,,,,,,False
2011-01-26,99.19718170166016,99.48788436179868,98.8605810789588,99.05948781397169,141281500,99.48788436179868,89.48537868222277,False,False,,,,,,False
2011-01-27,99.44195556640624,99.610255825574,99.0441538926528,99.2200999189002,123302700,99.610255825574,89.48537868222277,False,False,,,,,,False
2011-01-28,97.70542907714844,99.71737515524272,97.54478038893905,99.55672063056872,295637300,99.71737515524272,89.5995432869881,False,False,,,,,,False
2011-01-31,98.43982696533205,98.516331348965,97.7283852238517,97.97318991313315,149249200,99.71737515524272,89.5995432869881,False,False,,,,,,False
2011-02-01,100.01571655273438,100.1916626023549,98.9753201182736,99.0365212818217,167194300,100.1916626023549,89.5995432869881,False,False,,,,,,False
2011-02-02,99.8244857788086,100.09222778686568,99.7020834290468,99.755627161486,118323600,100.1916626023549,89.5995432869881,False,False,,,,,,False
2011-02-03,100.0463409423828,100.19933806012284,99.12070079265008,99.64853909791331,145886700,100.19933806012284,89.5995432869881,False,False,,,,,,False
2011-02-04,100.32935333251952,100.3676055176586,99.62555748308748,100.08456035890003,134634800,100.3676055176586,89.5995432869881,False,False,long,,,multiple_bottom,,True
2011-02-07,100.95668029785156,101.28562348719554,100.54357527759312,100.55123272018396,112439100,101.28562348719554,89.5995432869881,False,False,,,,,,False
2011-02-08,101.41567993164062,101.46922366335372,100.77307344057068,101.04847288733484,99072800,101.46922366335372,89.5995432869881,False,False,,,,,,False
2011-02-09,101.18617248535156,101.46157191588934,100.68127158387736,101.1402745257502,146436700,101.46922366335372,89.65281888429426,False,False,,,,,,False
2011-02-10,101.22442626953124,101.339171170341,100.44412592523533,100.67362739978468,162708500,101.46922366335372,91.4639818306902,False,False,,,,,,False
2011-02-11,101.82878112792967,101.95882925548062,100.80368764751782,100.8266366304426,137710300,101.95882925548062,92.17931695837682,False,False,,,,,,False
2011-02-14,102.07357788085938,102.1577280456199,101.65283872998847,101.76758364878388,101690700,102.1577280456199,92.92509399517748,False,False,,,,,,False
2011-02-15,101.7522430419922,101.91289754219792,101.22440493657888,101.75990048238565,119575400,102.1577280456199,93.15338313716978,False,False,,,,,,False
2011-02-16,102.39488220214844,102.5172728854856,101.88998123723992,102.09653375432634,130183500,102.5172728854856,93.15338313716978,False,False,,,,,,False
2011-02-17,102.70085906982422,102.838552942666,102.00470891820171,102.0965165063588,109810500,102.838552942666,93.15338313716978,False,False,,,,,,False
2011-02-18,102.91506958007812,103.03747193024888,102.55551997203318,102.79266722990738,130002400,103.03747193024888,93.71654813772136,False,False,,,,,,False
2011-02-22,100.84957885742188,102.93801787419216,100.57417940784212,101.83642007587318,233116400,103.03747193024888,94.15792191433896,False,False,,,,,,False
2011-02-23,100.22992706298828,101.0331763826475,99.6102812564577,100.788371698476,227584000,103.03747193024888,94.1731318175642,False,False,,,,,,False
2011-02-24,100.16107940673828,100.55123545570008,99.22013610399894,100.1228388844669,260431400,103.03747193024888,94.1731318175642,False,False,,,,,,False
2011-02-25,101.2320556640625,101.29325682557156,100.52060237533182,100.58180353684088,141686900,103.03747193024888,94.1731318175642,False,False,,,,,,False
2011-02-28,101.8593521118164,101.989411881949,101.27031279029148,101.6069133585506,141585500,103.03747193024888,94.1731318175642,False,False,,,,,,False
2011-03-01,100.16107940673828,102.27247918343188,100.13048465433496,102.1806832532908,258565500,103.03747193024888,94.72194066973158,False,False,,,,,,False
2011-03-02,100.3752670288086,100.84191569140106,99.71736910569346,100.02336325335834,200277400,103.03747193024888,94.84434717518616,False,False,,,,,,False
2011-03-03,102.10415649414062,102.21890138167892,101.27795828507924,101.28560405327228,176480100,103.03747193024888,95.5251929552484,False,False,,,,,,False
2011-03-04,101.3391571044922,102.22655645734972,100.67361342631318,102.02764975964784,277202300,103.03747193024888,95.65523850705208,False,False,,,,,,False
2011-03-07,100.54356384277344,101.86701723808535,100.01572564592212,101.6375157721464,216790400,103.03747193024888,95.65523850705208,False,False,,,,,,False
2011-03-08,101.4232940673828,101.74459137624078,100.26815290889868,100.70419508773207,174615000,103.03747193024888,95.65523850705208,False,False,long,,,multiple_bottom,,True
2011-03-09,101.27796173095705,101.59161333147144,100.6736191811456,101.22441800592688,153806000,103.03747193024888,95.87710496649112,False,False,,,,,,False
2011-03-10,99.40373229980467,100.35232130239277,99.30427893420551,100.2146274173449,301291800,103.03747193024888,95.87710496649112,False,False,,,,,,False
2011-03-11,100.09222412109376,100.45177371476936,99.05948497424416,99.08243395486772,225621800,103.03747193024888,95.87710496649112,False,False,,,,,,False
2011-03-14,99.48788452148438,99.81682770233292,98.73053311919074,99.44198655884789,234974100,103.03747193024888,95.87710496649112,False,False,,,,,,False
2011-03-15,98.34801483154295,98.93706580421296,96.77212284108784,96.84096977125068,359585400,103.03747193024888,96.16014312052272,False,False,,,,,,False
2011-03-16,96.52733612060548,98.35568459342048,95.83883755040846,98.03437553322055,468670300,103.03747193024888,95.83883755040846,False,False,,,,,,False
2011-03-17,97.80486297607422,98.21796204670736,97.23111523960551,97.91961369066073,254303700,103.03747193024888,95.83883755040846,False,False,,,,,,False
2011-03-18,98.1605987548828,99.02111956243866,97.96851868852092,98.9903801865841,230435400,103.03747193024888,95.83883755040846,False,False,,,,,,False
2011-03-21,99.68190002441406,99.8893381061856,99.26700041359148,99.3822555159932,153992600,103.03747193024888,95.83883755040846,False,False,,,,,,False
2011-03-22,99.33612060546876,99.79711744789984,99.2439259264372,99.66650441139294,129538600,103.03747193024888,95.83883755040846,False,False,,,,,,False
2011-03-23,99.62042999267578,99.88165612579286,98.59088342782184,99.0595476364875,148603100,103.03747193024888,95.83883755040846,False,False,,,,,,False
2011-03-24,100.5731430053711,100.71912576779988,99.62811212706865,100.18898277735418,159129800,103.03747193024888,95.83883755040846,False,False,,,,,,False
2011-03-25,100.8804702758789,101.3184068050304,100.56545610004432,100.8343729279302,155642800,103.03747193024888,95.83883755040846,False,False,,,,,,False
2011-03-28,100.63460540771484,101.35682847886216,100.60387774929208,101.0956023495312,109762400,103.03747193024888,95.83883755040846,False,False,,,,,,False
2011-03-29,101.31072235107422,101.34145000683452,100.21970885519109,100.55008098007676,129798800,103.03747193024888,95.83883755040846,False,False,,,,,,False
2011-03-30,102.0099105834961,102.3095550934414,101.69489638175776,101.84087914469212,135835000,103.03747193024888,95.83883755040846,False,False,,,,,,False
2011-03-31,101.8716049194336,102.15589145596472,101.7640405261525,101.87929562700768,132537100,103.03747193024888,95.83883755040846,False,False,,,,,,False
2011-04-01,102.3018569946289,102.7782236166781,102.05600056190195,102.50162780258594,153850100,103.03747193024888,95.83883755040846,False,False,,,,,,False
2011-04-04,102.38636016845705,102.7013743088558,102.0944064230774,102.51697321416536,100768900,103.03747193024888,95.83883755040846,False,False,,,,,,False
2011-04-05,102.37102508544922,102.82433135546152,102.1405265964741,102.1866239495411,120791500,103.03747193024888,95.83883755040846,False,False,,,,,,False
2011-04-06,102.69371032714844,102.95493645672342,102.27881073439828,102.86274175772972,120411600,103.03747193024888,95.83883755040846,False,False,,,,,,False
2011-04-07,102.4324722290039,102.9395547378592,101.92537799651072,102.50929722797576,170731500,103.03747193024888,95.83883755040846,False,False,,,,,,False
2011-04-08,102.07906341552734,102.94726934329012,101.65648479034898,102.88580229566048,147945400,103.03747193024888,95.83883755040846,False,False,,,,,,False
2011-04-11,101.77174377441406,102.53237360504382,101.52587557453786,102.18663170715382,121385400,103.03747193024888,95.83883755040846,False,False,,,,,,False
2011-04-12,101.01107788085938,101.40291704089968,100.64228739354864,101.2031579693643,161187400,103.03747193024888,95.83883755040846,False,False,,,,,,False
2011-04-13,101.0033950805664,101.55657492880688,100.61923491807528,101.47974993049132,162059000,103.03747193024888,95.83883755040846,False,False,,,,,,False
2011-04-14,101.08023834228516,101.233900090318,100.08911010237942,100.41948227446804,161220400,103.03747193024888,95.83883755040846,False,False,,,,,,False
2011-04-15,101.44903564453124,101.70258282132396,100.96500169214578,101.26464622405705,170006700,103.03747193024888,95.83883755040846,False,False,,,,,,False
2011-04-18,100.3118896484375,101.441321350273,99.50515104374978,100.33493831797402,210759300,103.03747193024888,95.83883755040846,False,False,,,,,,False
2011-04-19,100.8881378173828,100.91887719495494,100.21970290065762,100.4655593030472,124258800,103.03747193024888,95.83883755040846,False,False,,,,,,False
2011-04-20,102.26348876953124,102.48629661175342,102.02529950720934,102.0944572794413,156133800,103.03747193024888,95.83883755040846,False,False,,,,,,False
2011-04-21,102.78589630126952,102.83199364685346,102.26344408646736,102.79357528432077,135935400,103.03747193024888,95.83883755040846,True,False,short,,,,,True
2011-04-25,102.67832946777344,102.84736087996916,102.340266643382,102.70905712288268,65757100,103.03747193024888,95.83883755040846,False,False,,,,,,False
2011-04-26,103.56190490722656,103.76935470455524,102.88579090543266,102.99335529596618,146600000,103.76935470455524,95.83883755040846,False,False,,,,,,False
2011-04-27,104.23802947998048,104.39169121852352,103.3390959996824,103.7616745734052,143031000,104.39169121852352,95.83883755040846,False,False,,,,,,False
2011-04-28,104.57610321044922,104.71439527242276,104.03828120781816,104.05363917672165,124791100,104.71439527242276,95.83883755040846,False,False,,,,,,False
2011-04-29,104.82191467285156,104.9294907508357,104.47617294270442,104.61447666894448,115094100,104.9294907508357,95.83883755040846,False,False,,,,,,False
2011-05-02,104.66060638427734,105.39818740697471,104.45315659255166,105.31368341721722,126278700,105.39818740697471,95.83883755040846,False,False,,,,,,False
2011-05-03,104.28414916992188,104.63758179556189,103.7540060932827,104.4608713445627,138375000,105.39818740697471,95.83883755040846,False,False,,,,,,False
2011-05-04,103.5926513671875,104.28413510734146,103.1316543913248,104.23803775448322,182678500,105.39818740697471,95.83883755040846,False,False,,,,,,False
2011-05-05,102.6552734375,103.68481980261508,102.20196728439312,103.01638490824944,226900000,105.39818740697471,95.83883755040846,False,False,,,,,,False
2011-05-06,103.10858917236328,104.2072933749848,102.7090593056247,103.67715045488978,222787200,105.39818740697471,95.83883755040846,False,False,,,,,,False
2011-05-09,103.5081024169922,103.8077468380174,102.93954122576952,103.10089363261524,114104500,105.39818740697471,95.83883755040846,False,False,,,,,,False
2011-05-10,104.3917007446289,104.57610188189136,103.723265672968,103.85387874883044,114806900,105.39818740697471,95.83883755040846,False,False,,,,,,False
2011-05-11,103.29302215576172,104.25342289475287,102.81666714078747,104.23805320030932,193564200,105.39818740697471,95.83883755040846,False,False,,,,,,False
2011-05-12,103.78470611572266,103.99983485889835,102.48624295064532,103.01638582619876,171550700,105.39818740697471,95.83883755040846,False,False,,,,,,False
2011-05-13,102.9856414794922,103.9844601523996,102.61685104093628,103.83847742865296,157444900,105.39818740697471,95.83883755040846,False,False,,,,,,False
2011-05-16,102.33258819580078,103.42360167427414,102.16355678272087,102.6168629706906,141675400,105.39818740697471,95.83883755040846,False,False,,,,,,False
2011-05-17,102.31725311279295,102.45555691738096,101.51051413634865,101.9484625066283,192686200,105.39818740697471,95.83883755040846,False,False,short,symmetric_triangle,down,,,True
2011-05-18,103.23149871826172,103.33906307333316,102.1481644627052,102.37098387769024,135217900,105.39818740697471,95.83883755040846,False,False,,,,,,False
2011-05-19,103.47740173339844,103.74631860414564,102.90885205322768,103.569608167631,119489500,105.39818740697471,95.83883755040846,False,False,,,,,,False
2011-05-20,102.6552734375,103.47737004367372,102.4631933668306,103.20846497891884,182594900,105.39818740697471,95.83883755040846,False,False,,,,,,False
2011-05-23,101.4644012451172,101.97149557825011,101.10328967973224,101.40293419955805,168700000,105.39818740697471,95.83883755040846,False,False,,,,,,False
2011-05-24,101.37987518310548,101.97916416163504,101.18779508168858,101.7563564023926,147199600,105.39818740697471,95.83883755040846,False,False,,,,,,False
2011-05-25,101.71794891357422,102.1405275266034,100.94194944138629,100.97267710249736,151050100,105.39818740697471,95.83883755040846,False,False,,,,,,False
2011-05-26,102.18661499023438,102.37101610997496,101.24926314792154,101.44134325128664,164850000,105.39818740697471,97.23111523960551,False,False,,,,,,False
2011-05-27,102.5784149169922,102.85501062891188,102.15584823024469,102.47085056922532,120921900,105.39818740697471,97.96851868852092,False,False,,,,,,False
2011-05-31,103.64643096923828,103.66180066188856,102.83201311338092,103.54655727611268,164731200,105.39818740697471,98.59088342782184,False,False,,,,,,False
2011-06-01,101.31838989257812,103.66176905246158,101.23387419423358,103.34675492921038,233094300,105.39818740697471,98.59088342782184,False,False,,,,,,False
2011-06-02,101.21085357666016,101.60270452470164,100.61925524791224,101.38757572813148,200466800,105.39818740697471,98.59088342782184,False,False,long,,,multiple_bottom,,True
2011-06-03,100.20433044433594,100.97265073149414,99.94310436037507,99.9968806841848,234690200,105.39818740697471,99.50515104374978,False,False,,,,,,False
2011-06-06,99.14408111572266,100.15826989466578,99.01346802576327,99.95082005831078,179951200,105.39818740697471,99.01346802576327,False,False,,,,,,False
2011-06-07,99.08261108398438,99.93544725839986,98.99809536494718,99.65116071783486,161660500,105.39818740697471,98.99809536494718,False,False,,,,,,False
2011-06-08,98.66771697998048,99.2593270462616,98.483315839887,98.92894313571588,198696400,105.39818740697471,98.483315839887,False,False,,,,,,False
2011-06-09,99.420654296875,99.82786316781508,98.69844297435176,98.9366204207161,160964400,105.39818740697471,98.483315839887,False,False,,,,,,False
2011-06-10,98.03766632080078,99.05952783577096,97.7764402398994,98.9980725303188,238629400,105.39818740697471,97.7764402398994,False,False,,,,,,False
2011-06-13,98.11449432373048,98.52939382711084,97.61509084690093,98.2604770481185,207599800,105.39818740697471,97.61509084690093,False,False,,,,,,False
2011-06-14,99.35919952392578,99.70494135839272,98.97503932482054,99.01344596581995,160570400,105.39818740697471,97.61509084690093,False,False,,,,,,False
2011-06-15,97.59205627441406,99.34383173988115,97.33083014768256,98.52941397793052,300958000,105.39818740697471,97.33083014768256,False,False,,,,,,False
2011-06-16,97.80718231201172,98.32195553658192,97.0542257943358,97.62278120861004,308032800,105.39818740697471,97.0542257943358,False,False,,,,,,False
2011-06-17,98.09906005859376,98.78625487543816,97.7670441219592,98.77853193061944,233284900,105.39818740697471,97.0542257943358,False,False,,,,,,False
2011-06-20,98.60093688964844,98.80941515797328,97.736155601429,97.76704148899124,159479000,105.39818740697471,97.0542257943358,False,False,,,,,,False
2011-06-21,99.95217895507812,100.14521136394532,98.63956093113389,99.11056048004036,193157300,105.39818740697471,97.0542257943358,False,False,,,,,,False
2011-06-22,99.34991455078124,100.23014182645748,99.28814276876292,99.64332756992756,176703000,105.39818740697471,97.0542257943358,False,False,,,,,,False
2011-06-23,99.064208984375,99.326730164964,97.43501540332184,98.18398189870116,334286500,105.39818740697471,97.0542257943358,False,False,,,,,,False
2011-06-24,97.91372680664062,99.1182467791341,97.7670262272214,99.0410409086017,226129300,105.39818740697471,97.0542257943358,False,False,,,,,,False
2011-06-27,98.7862319946289,99.16456783990326,97.78246147239923,97.97549381199114,168904700,105.39818740697471,97.0542257943358,False,False,,,,,,False
2011-06-28,100.07569122314452,100.09113710991652,99.041040662853,99.1800182985222,165556300,105.39818740697471,97.0542257943358,False,False,,,,,,False
2011-06-29,100.93276977539062,101.09491037355671,100.09115144306988,100.53125913413912,244295500,105.39818740697471,97.0542257943358,False,False,long,symmetric_triangle,up,,,True
2011-06-30,101.89793395996094,102.06007456179304,100.92505500368388,101.25706504289536,223322700,105.39818740697471,97.0542257943358,False,False,,,,,,False
2011-07-01,103.4036102294922,103.54259970499264,101.75125310729898,101.99061143435394,202385700,105.39818740697471,97.0542257943358,False,False,,,,,,False
2011-07-05,103.31864166259766,103.52711991670978,102.9943487016236,103.29547872122528,165936000,105.39818740697471,97.0542257943358,False,False,,,,,,False
2011-07-06,103.4421615600586,103.57342212508604,102.77812990172352,103.0715428010542,143331600,105.39818740697471,97.0542257943358,False,False,,,,,,False
2011-07-07,104.51541900634766,104.77794013190196,104.144800253697,104.3609955078897,170464200,105.39818740697471,97.0542257943358,False,False,,,,,,False
2011-07-08,103.77424621582033,104.515496049287,102.99439931560585,103.33413833170448,194100500,105.39818740697471,97.0542257943358,False,False,,,,,,False
2011-07-11,101.89793395996094,102.83220408378608,101.65857569322496,102.50019404457458,195918600,105.39818740697471,97.0542257943358,False,False,,,,,,False
2011-07-12,101.45782470703124,102.52336732498247,101.426944707013,101.68174888877364,214675700,105.39818740697471,97.0542257943358,False,False,short,,,multiple_top,,True
2011-07-13,101.79755401611328,102.86309653357944,101.55047869397946,101.99058639787096,204062600,104.77794013190196,97.0542257943358,False,False,,,,,,False
2011-07-14,101.09490966796876,102.52335395409372,100.9018772931822,102.05235448834406,226111800,104.77794013190196,97.0542257943358,False,False,,,,,,False
2011-07-15,101.6817626953125,101.8207403869093,100.97140478081218,101.65859974671304,220012800,104.77794013190196,97.0542257943358,False,False,,,,,,False
2011-07-18,100.84783172607422,101.36515706320633,100.09114813552765,101.2107335237545,196872100,104.77794013190196,97.0542257943358,False,False,,,,,,False
2011-07-19,102.4847412109375,102.60828475370792,101.3883187778117,101.41148171936106,166554900,104.77794013190196,97.0542257943358,False,False,,,,,,False
2011-07-20,102.42298889160156,102.80905369975952,102.24540237874253,102.74729369840564,137145400,104.77794013190196,97.0542257943358,False,False,,,,,,False
2011-07-21,103.84368896484376,104.09849308486896,102.43840777835798,103.0020589507872,245246300,104.77794013190196,97.0542257943358,False,False,,,,,,False
2011-07-22,103.91319274902344,104.02129041110808,103.28004088412658,103.86686686266738,126019400,104.77794013190196,97.0542257943358,False,False,,,,,,False
2011-07-25,103.33403778076172,103.84364580902692,102.81671270300946,102.92481030460314,136653800,104.77794013190196,97.0542257943358,False,False,,,,,,False
2011-07-26,102.94796752929688,103.43441260038644,102.7163264582183,103.26454326704578,131278200,104.77794013190196,97.0542257943358,False,False,,,,,,False
2011-07-27,100.84012603759766,102.40754811411897,100.70885364342006,102.37665633369052,249020100,104.77794013190196,97.0542257943358,False,False,,,,,,False
2011-07-28,100.54669189453124,101.7434948266441,100.38453953577648,100.8401048381067,207939900,104.77794013190196,97.0542257943358,False,False,,,,,,False
2011-07-29,99.85950469970705,100.80150358556185,98.80940816048007,99.53521173959057,307038400,104.77794013190196,97.0542257943358,False,False,,,,,,False
2011-08-01,99.4348373413086,101.11808579938833,98.469675453944,101.02542224660364,325790900,104.77794013190196,97.0542257943358,False,False,,,,,,False
2011-08-02,96.89452362060548,99.21863492869292,96.89452362060548,98.68586371986962,346653800,104.77794013190196,96.89452362060548,False,False,,,,,,False
2011-08-03,97.41958618164062,97.52768384989112,95.38116459337245,97.0258043433914,370830800,104.77794013190196,95.38116459337245,False,False,,,,,,False
2011-08-04,92.8563003540039,96.22278562780114,92.70187091110256,96.0683561848998,520721800,104.77794013190196,92.70187091110256,False,False,,,,,,False
2011-08-05,92.71732330322266,94.25385954984458,90.23106506151522,94.01450126016212,655619200,104.77794013190196,90.23106506151522,False,False,,,,,,False
2011-08-08,86.67927551269531,92.74821498775287,86.49396015664105,90.26967953662351,702263900,104.77794013190196,86.49396015664105,False,False,,,,,,False
2011-08-09,90.70979309082033,90.8333307704952,85.14273317840912,88.0768281794295,717828700,104.77794013190196,85.14273317840912,False,False,,,,,,False
2011-08-10,86.70243072509766,89.78322608137348,86.43990360621396,88.99565650648475,662607400,104.77794013190196,85.14273317840912,False,False,,,,,,False
2011-08-11,90.59394073486328,91.82162361013438,86.7255709272437,87.45137442284073,487979700,104.77794013190196,85.14273317840912,False,False,,,,,,False
2011-08-12,91.20393371582033,92.04555199756676,90.55534190772778,91.42012902155774,313731600,104.77794013190196,85.14273317840912,False,False,,,,,,False
2011-08-15,93.13426971435548,93.2269214914577,91.88341770554598,92.03012420713256,258810600,104.77794013190196,85.14273317840912,False,False,,,,,,False
2011-08-16,92.3389663696289,93.18831355341784,91.35064152763532,92.24631459749249,294095200,104.77794013190196,85.14273317840912,False,False,,,,,,False
2011-08-17,92.40074157714844,93.5820988428148,91.6672208630453,92.84857812871164,238201100,104.77794013190196,85.14273317840912,False,False,,,,,,False
2011-08-18,88.41655731201172,92.43162865616875,87.55177008656943,89.9530934825677,512956300,104.77794013190196,85.14273317840912,False,False,,,,,,False
2011-08-19,86.97268676757812,89.47438528373726,86.86458908354471,87.21976802978048,428281300,104.77794013190196,85.14273317840912,False,False,,,,,,False
2011-08-22,87.04215240478516,88.97247596135391,86.79507122517956,88.92614419019786,275090600,104.77794013190196,85.14273317840912,False,False,,,,,,False
2011-08-23,89.90674591064453,90.00712060823192,86.92632606511555,87.36643957127502,331136600,104.77794013190196,85.14273317840912,False,False,,,,,,False
2011-08-24,91.1730728149414,91.29661049883885,89.50526990071207,89.71374821043167,246869700,104.77794013190196,85.14273317840912,False,False,,,,,,False
2011-08-25,89.78321075439453,92.19225673901263,89.46664074579338,91.67493142563995,312365400,104.77794013190196,85.14273317840912,False,False,,,,,,False
2011-08-26,91.0881118774414,91.50506248605802,87.90693643255915,89.32765767942469,314495900,104.77794013190196,85.14273317840912,False,False,,,,,,False
2011-08-29,93.70565032958984,93.7596991668788,91.15762024966727,92.31581466947182,190977200,104.77794013190196,85.14273317840912,False,False,,,,,,False
2011-08-30,93.95269775390624,94.53179475537488,92.08414617631183,93.29638899708434,241315700,104.77794013190196,85.14273317840912,False,False,,,,,,False
2011-08-31,94.36963653564452,95.3656839608866,93.6592790495564,94.55494590356348,301828400,104.77794013190196,85.14273317840912,False,False,,,,,,False
2011-09-01,93.38133239746094,95.28077003238148,93.25778886467916,94.4237059190676,254585900,104.77794013190196,85.14273317840912,False,False,,,,,,False
2011-09-02,90.99547576904295,93.327310551862,90.67118273807024,91.43558942275784,255517200,104.77794013190196,85.14273317840912,False,False,,,,,,False
2011-09-06,90.33145141601562,90.46271794130487,88.31619243973729,88.32391538613834,285130500,104.77794013190196,85.14273317840912,False,False,,,,,,False
2011-09-07,92.87947082519533,92.91807377088855,91.38926045298764,91.69811347294058,209803200,104.77794013190196,85.14273317840912,False,False,,,,,,False
2011-09-08,91.91429138183594,93.38133853012596,91.7058131292952,92.3235190520111,250568200,104.77794013190196,85.14273317840912,False,False,,,,,,False
2011-09-09,89.50523376464844,91.92971947747368,89.01107144680377,90.864183084161,380195100,104.77794013190196,85.14273317840912,False,False,,,,,,False
2011-09-12,90.0843505859375,90.15384530669084,88.06137499346006,88.38566798129344,305793500,104.77794013190196,85.14273317840912,False,False,,,,,,False
2011-09-13,90.91056060791016,91.25029960351787,89.73692590899337,90.37779505402324,272514700,104.77794013190196,85.14273317840912,False,False,,,,,,False
2011-09-14,92.16912841796876,93.27327417262111,90.12298344580958,91.37382984404184,319389500,104.77794013190196,85.14273317840912,False,False,,,,,,False
2011-09-15,93.75968170166016,93.79056758734076,92.1922598213728,93.15742165808967,326777200,104.77794013190196,85.14273317840912,False,False,,,,,,False
2011-09-16,94.31460571289062,94.66386513916817,93.38325908553216,94.13610047130302,284528300,104.515496049287,85.14273317840912,False,False,,,,,,False
2011-09-19,93.37549591064452,93.85669502213037,92.14146133696464,92.77012001251045,241517000,104.09849308486896,85.14273317840912,False,False,,,,,,False
2011-09-20,93.26683807373048,94.67938379577303,93.1426612883179,93.77131995760796,218932200,104.09849308486896,85.14273317840912,False,False,,,,,,False
2011-09-21,90.5193862915039,93.60060109504823,90.3719266825964,93.31343885782472,316251300,104.09849308486896,85.14273317840912,False,False,,,,,,False
2011-09-22,87.5933837890625,88.64115034779749,86.38263184753389,87.89607177444465,513911300,104.09849308486896,85.14273317840912,False,False,,,,,,False
2011-09-23,88.12113189697266,88.60233097542509,86.94141993733346,87.01127418613066,307242500,104.09849308486896,85.14273317840912,False,False,,,,,,False
2011-09-26,90.21671295166016,90.34089571767028,87.68655126848556,88.95163211007286,260673700,104.09849308486896,85.14273317840912,False,False,,,,,,False
2011-09-27,91.22561645507812,92.79338434316378,90.68232609759224,91.99397756370608,311753900,104.09849308486896,85.14273317840912,False,False,,,,,,False
2011-09-28,89.36293029785156,91.96294490378968,89.23099061917559,91.4118974916514,286696800,104.09849308486896,85.14273317840912,False,False,,,,,,False
2011-09-29,90.06920623779297,91.29547784366598,88.42382097639472,90.84533035558056,298108900,104.09849308486896,85.14273317840912,False,False,,,,,,False
2011-09-30,87.8184585571289,89.60354074852596,87.75636719707387,88.8274165119121,288392300,104.02129041110808,85.14273317840912,False,False,,,,,,False
2011-10-03,85.31934356689453,88.4393606120632,85.22620652026322,87.30621985749514,365136800,103.84364580902692,85.14273317840912,False,True,long,,,,,True
2011-10-04,87.1897964477539,87.37607053336431,83.3790294136865,84.09306231111853,459177500,103.43441260038644,83.3790294136865,False,False,,,,,,False
2011-10-05,88.80413055419922,89.03697018539394,86.59994064334903,87.40711053110422,284108000,102.40754811411897,83.3790294136865,False,False,,,,,,False
2011-10-06,90.41072082519533,90.54266646047932,88.09787365613717,88.75757814712253,257800800,101.7434948266441,83.3790294136865,False,False,,,,,,False
2011-10-07,89.8053207397461,91.00055258878857,89.30083888014236,90.93846123839118,312657900,101.11808579938833,83.3790294136865,False,False,,,,,,False
2011-10-10,92.80892181396484,92.84772446636592,91.32652193249018,91.3342848315132,230666300,101.11808579938833,83.3790294136865,False,False,,,,,,False
2011-10-11,92.90206146240234,93.16594676124528,92.1647458640331,92.25788289680546,209088000,99.21863492869292,83.3790294136865,False,False,,,,,,False
2011-10-12,93.71697998046876,94.79579194711508,93.39100929731444,93.60056018752604,281544900,97.52768384989112,83.3790294136865,False,False,,,,,,False
2011-10-13,93.5307159423828,93.81012108908436,92.45190392870175,93.16593667189152,212538800,96.22278562780114,83.3790294136865,False,False,,,,,,False
2011-10-14,95.12953186035156,95.1528146362184,94.08952839591896,94.61729302720988,211397600,95.3656839608866,83.3790294136865,False,False,,,,,,False
2011-10-17,93.31340789794922,95.11401566474392,93.08056828755514,94.67938212009882,202311600,95.3656839608866,83.3790294136865,False,False,,,,,,False
2011-10-18,95.1373062133789,95.85133905892684,92.51400261788667,93.24356126345307,318857900,95.85133905892684,83.3790294136865,False,False,,,,,,False
2011-10-19,94.01188659667967,95.52533176610584,93.68591597730376,94.98204147912382,226601300,95.85133905892684,83.3790294136865,False,False,,,,,,False
2011-10-20,94.42328643798828,94.76477710801323,92.99521462785968,94.24477524121274,262075600,95.85133905892684,83.3790294136865,False,False,,,,,,False
2011-10-21,96.21609497070312,96.33251475708371,95.24593995312544,95.53310204866038,278999400,96.33251475708371,83.3790294136865,False,False,,,,,,False
2011-10-24,97.39582061767578,97.63642313734935,96.28596281564349,96.37133694821192,203215600,97.63642313734935,83.3790294136865,False,False,,,,,,False
2011-10-25,95.50209045410156,96.97672177847436,95.29253359256526,96.93015621873656,268596800,97.63642313734935,83.3790294136865,False,False,,,,,,False
2011-10-26,96.47222900390624,96.8370023607678,94.85012653889623,96.51103165649644,289053800,97.63642313734935,83.3790294136865,False,False,,,,,,False
2011-10-27,99.83287811279295,100.44601113347716,98.26510362266808,99.05674784778864,393220200,100.44601113347716,83.3790294136865,False,False,,,,,,False
2011-10-28,99.80957794189452,100.0036089940034,99.188676206603,99.343898679747,225906500,100.44601113347716,83.3790294136865,False,False,,,,,,False
2011-10-31,97.40357971191406,99.82508324257348,97.26387712965622,98.69194862844266,228146700,100.44601113347716,83.3790294136865,False,False,,,,,,False
2011-11-01,94.68714904785156,95.85909820634195,94.31460683964303,94.71043182561009,416565800,100.44601113347716,83.3790294136865,False,False,,,,,,False
2011-11-02,96.23165130615234,96.54986511473476,95.30030450494851,96.10747449595917,244717600,100.44601113347716,83.3790294136865,False,False,,,,,,False
2011-11-03,97.98566436767578,98.17969538622565,95.92893438677598,97.22506016956338,291174800,100.44601113347716,83.3790294136865,False,False,,,,,,False
2011-11-04,97.38806915283205,97.55881150627776,96.247165608788,97.19403809898394,249401600,100.44601113347716,83.3790294136865,False,False,,,,,,False
2011-11-07,97.99342346191406,98.09431745595444,96.39460390461304,97.31819341188718,196617200,100.44601113347716,83.3790294136865,False,False,,,,,,False
2011-11-08,99.25076293945312,99.3594257777026,97.56657480627514,98.5056844001858,224426300,100.44601113347716,83.3790294136865,False,False,,,,,,False
2011-11-09,95.58747100830078,97.63643867326026,95.3546313512724,96.93016272260364,337982000,100.44601113347716,83.3790294136865,False,False,,,,,,False
2011-11-10,96.48775482177734,96.96895393010976,95.47879105059424,96.85253412245672,231866500,100.44601113347716,83.3790294136865,False,False,,,,,,False
2011-11-11,98.30391693115234,98.56003347662713,97.62868658805186,97.65973227385226,189924400,100.44601113347716,83.3790294136865,False,False,,,,,,False
2011-11-14,97.37252044677734,98.91700561410524,96.95341275849287,97.93909359613129,159258300,100.44601113347716,83.3790294136865,False,False,,,,,,False
2011-11-15,97.85372924804688,98.37373098082377,96.7981999843271,97.14745346542034,184709400,100.44601113347716,83.3790294136865,False,False,,,,,,False
2011-11-16,96.30149841308594,98.0555349556545,96.16179581115624,96.86806579993107,235782500,100.44601113347716,83.3790294136865,False,False,,,,,,False
2011-11-17,94.77252960205078,96.36358663207214,94.08954241564167,96.12298409576424,331219600,100.44601113347716,83.3790294136865,False,False,,,,,,False
2011-11-18,94.6716537475586,95.26926691015096,94.2758286588312,95.0752358166476,215580400,100.44601113347716,83.3790294136865,False,False,,,,,,False
2011-11-21,92.87100982666016,93.4065314128673,92.08712285149612,93.29011161713296,229611600,100.44601113347716,83.3790294136865,False,False,,,,,,False
2011-11-22,92.5062484741211,93.21251844130369,91.98624074200616,92.66923385116324,216494900,100.44601113347716,83.3790294136865,False,False,,,,,,False
2011-11-23,90.46505737304688,92.50626831675356,90.46505737304688,91.63700686471398,224329100,100.44601113347716,83.3790294136865,False,False,,,,,,False
2011-11-25,90.29426574707033,91.34979488917728,90.18560885785546,90.32531141846832,99557000,100.44601113347716,83.3790294136865,False,False,,,,,,False
2011-11-28,92.90982055664062,93.27459985169446,92.21907054227128,92.77788087330204,210686000,100.44601113347716,83.3790294136865,False,False,,,,,,False
2011-11-29,93.1737060546875,93.91102162451892,92.832209535764,93.1737060546875,199241500,100.44601113347716,83.3790294136865,False,False,,,,,,False
2011-11-30,97.00772857666016,97.18623968636874,93.13487181499936,95.84354267897268,324439500,100.44601113347716,83.3790294136865,False,False,,,,,,False
2011-12-01,96.99222564697266,97.51222735098668,96.57311794002864,96.89908862719952,176954800,100.44601113347716,83.3790294136865,False,False,,,,,,False
2011-12-02,96.90684509277344,98.17968800505938,96.84475375037992,97.88476301072455,221109700,100.44601113347716,83.3790294136865,False,False,,,,,,False
2011-12-05,97.96239471435548,98.707473214823,97.35701880281046,98.4435879151438,225263900,100.44601113347716,83.3790294136865,False,False,,,,,,False
2011-12-06,97.99342346191406,98.65312771509994,97.60536143988044,97.95461489116808,178842100,100.44601113347716,83.3790294136865,False,False,,,,,,False
2011-12-07,98.35823822021484,98.7695831646609,96.99225775151812,97.667482123964,237802500,100.44601113347716,83.3790294136865,False,False,,,,,,False
2011-12-08,96.2005844116211,97.93134384251054,95.96775072333784,97.71403003156992,240862800,100.44601113347716,83.3790294136865,False,False,,,,,,False
2011-12-09,97.83043670654295,98.07879616019376,96.54983086810508,96.63520498542468,209111400,100.44601113347716,83.3790294136865,False,False,,,,,,False
2011-12-12,96.4023666381836,96.99222256864589,95.58743994612044,96.97669677183144,215826100,100.44601113347716,83.3790294136865,False,False,,,,,,False
2011-12-13,95.50209045410156,97.45792094074471,95.03641117129116,96.90687343886763,245159800,100.44601113347716,83.3790294136865,False,False,,,,,,False
2011-12-14,94.48533630371094,95.4865369976036,94.27578542422472,95.12175776168654,238618800,100.44601113347716,86.59994064334903,False,False,,,,,,False
2011-12-15,94.8268585205078,95.61850262856036,94.67939302218748,95.48656293077794,199109200,100.44601113347716,88.09787365613717,False,False,,,,,,False
2011-12-16,94.96742248535156,96.02964599413988,94.74092428852984,95.4672976297026,220481400,100.44601113347716,89.30083888014236,False,False,,,,,,False
2011-12-19,93.9521026611328,95.53762641425348,93.74902886273462,95.33455261585527,183903000,100.44601113347716,90.18560885785546,False,False,,,,,,False
2011-12-20,96.79509735107422,96.95911640840588,94.01457359245951,95.42826591439822,225418100,100.44601113347716,90.18560885785546,False,False,,,,,,False
2011-12-21,96.9825439453125,97.13094468941436,95.8734593286354,96.79509445096572,194230900,100.44601113347716,90.18560885785546,False,False,,,,,,False
2011-12-22,97.84168243408205,97.94322228240873,97.02939940093631,97.34181320187946,119465400,100.44601113347716,90.18560885785546,False,False,,,,,,False
2011-12-23,98.7164535522461,98.7476961231676,97.95103142085765,98.15409919348087,92187200,100.44601113347716,90.18560885785546,False,False,,,,,,False
2011-12-27,98.79458618164062,99.05233299869208,98.45873589367103,98.54465149935484,86075700,100.44601113347716,90.18560885785546,False,False,,,,,,False
2011-12-28,97.498046875,98.82582368919404,97.4199434080908,98.81020537937722,119107100,100.44601113347716,90.18560885785546,False,False,,,,,,False
2011-12-29,98.5055694580078,98.60710334000149,97.52144937202048,97.81824484478643,123507200,100.44601113347716,90.18560885785546,False,False,,,,,,False
2011-12-30,98.02133178710938,98.6696017860394,98.02133178710938,98.4274733287683,95599000,100.44601113347716,90.18560885785546,False,False,,,,,,False
2012-01-03,99.58342742919922,100.27075215378666,99.52875441328084,99.78650118500111,193697900,100.44601113347716,90.18560885785546,False,False,,,,,,False
2012-01-04,99.73965454101562,99.82557014898713,98.96642002818524,99.3491312171136,127186500,100.44601113347716,90.18560885785546,False,False,,,,,,False
2012-01-05,100.00518798828124,100.15358872920132,98.7477086133752,99.20071701066986,173895000,100.44601113347716,90.18560885785546,False,False,,,,,,False
2012-01-06,99.7474365234375,100.14577186190084,99.4193984606612,100.13014759667652,148050000,100.44601113347716,90.18560885785546,False,False,,,,,,False
2012-01-09,99.98957824707033,100.11453663199876,99.51313939592252,99.97395397977024,99530200,100.44601113347716,90.18560885785546,False,False,,,,,,False
2012-01-10,100.85653686523438,101.26267245838726,100.71594230004791,101.05960466181082,115282000,101.26267245838726,90.18560885785546,False,False,,,,,,False
2012-01-11,100.91120910644533,101.04398558616168,100.38010318757983,100.54411628459596,111540700,101.26267245838726,90.18560885785546,False,False,,,,,,False
2012-01-12,101.1533432006836,101.30174396494678,100.39572702784308,101.20021600873427,118983700,101.30174396494678,90.18560885785546,False,False,,,,,,False
2012-01-13,100.62998962402344,100.79401456998824,99.75522169306232,100.47378276746883,179836200,101.30174396494678,90.18560885785546,False,False,,,,,,False
2012-01-17,101.02054595947266,101.7859800687061,100.67688361129817,101.59852462847734,132209200,101.7859800687061,90.18560885785546,False,False,,,,,,False
2012-01-18,102.1374740600586,102.19214112845096,100.8175033107962,100.99714070383703,163395200,102.19214112845096,90.18560885785546,False,False,,,,,,False
2012-01-19,102.67638397216795,102.7622995687662,102.16089039257857,102.4889285110924,126328900,102.7622995687662,90.18560885785546,False,False,,,,,,False
2012-01-20,103.0591049194336,103.0591049194336,102.25462780903185,102.50456846203984,138230200,103.0591049194336,90.18560885785546,False,False,,,,,,False
2012-01-23,102.7935028076172,103.29337195701012,102.30143983071676,102.71539341140992,129295800,103.29337195701012,90.18560885785546,False,False,,,,,,False
2012-01-24,102.67638397216795,102.70762059010166,102.00468346726116,102.16089039257857,103083300,103.29337195701012,90.18560885785546,False,False,,,,,,False
2012-01-25,103.5355453491211,103.77766791156088,102.12185277397792,102.52018228787954,198613200,103.77766791156088,90.18560885785546,False,False,,,,,,False
2012-01-26,103.00440216064452,104.19158409761172,102.59825469914408,103.99632249928948,184880500,104.19158409761172,90.18560885785546,False,False,,,,,,False
2012-01-27,102.95755004882812,103.13718739758716,102.43423843309075,102.50454167201664,135259100,104.19158409761172,90.18560885785546,False,False,,,,,,False
2012-01-30,102.60609436035156,102.66077334628208,101.58292515806151,101.93439376618636,147311800,104.19158409761172,90.18560885785546,False,False,,,,,,False
2012-01-31,102.56703186035156,103.23872040766769,102.0671506604114,103.1137620255064,157212000,104.19158409761172,90.18560885785546,False,False,,,,,,False
2012-02-01,103.46520233154295,103.98850191237558,103.1996494549092,103.32460780297065,166234500,104.19158409761172,90.18560885785546,False,False,,,,,,False
2012-02-02,103.62924194335938,103.89480680589271,103.2621610596862,103.66829665118696,113090400,104.19158409761172,90.18560885785546,False,False,,,,,,False
2012-02-03,105.0820083618164,105.14449352235874,104.48061103751972,104.66024842543784,160598500,105.14449352235874,90.18560885785546,False,False,,,,,,False
2012-02-06,105.0116958618164,105.0585567433226,104.527450862488,104.64460306625348,107694500,105.14449352235874,90.18560885785546,False,False,,,,,,False
2012-02-07,105.27725219726562,105.45690147259724,104.37905349190255,104.79300718232103,135528100,105.45690147259724,90.18560885785546,False,False,,,,,,False
2012-02-08,105.58967590332033,105.61310634437548,104.90235118483912,105.33192913388986,139361400,105.61310634437548,92.21907054227128,False,False,,,,,,False
2012-02-09,105.72244262695312,105.90207996442024,105.09760311484112,105.76149733105184,148602900,105.90207996442024,92.832209535764,False,False,,,,,,False
2012-02-10,104.94139099121094,105.02730656882136,104.53524354088697,104.78518410041612,167907500,105.90207996442024,93.13487181499936,False,False,,,,,,False
2012-02-13,105.72244262695312,105.84741291294002,105.23819766603198,105.69120601436762,115841900,105.90207996442024,93.74902886273462,False,False,,,,,,False
2012-02-14,105.58967590332033,105.65216105207529,104.85549030272875,105.44127516475518,165329500,105.90207996442024,93.74902886273462,False,False,,,,,,False
2012-02-15,105.09761810302734,106.08955052304832,104.8867322050774,105.93334360219892,195195100,106.08955052304832,93.74902886273462,False,False,,,,,,False
2012-02-16,106.2613754272461,106.35509719064838,104.917974535304,105.105429979932,186567800,106.35509719064838,93.74902886273462,False,False,,,,,,False
2012-02-17,106.54256439208984,106.71439558917098,106.1910958227238,106.6284799906304,129869400,106.71439558917098,93.74902886273462,False,False,,,,,,False
2012-02-21,106.58943176269533,107.04244022639028,106.26139361681112,106.79249959076871,134042300,107.04244022639028,93.74902886273462,False,False,,,,,,False
2012-02-22,106.24571990966795,106.6518672946529,106.058264520178,106.42535720929172,124455300,107.04244022639028,93.74902886273462,False,False,,,,,,False
2012-02-23,106.71436309814452,106.79246057987844,105.83177693802138,106.19106349102496,137704300,107.04244022639028,93.74902886273462,False,False,,,,,,False
2012-02-24,106.94872283935548,107.15960879309418,106.71441835500944,106.94872283935548,105539100,107.15960879309418,93.74902886273462,False,False,,,,,,False
2012-02-27,107.12837982177734,107.41736331833594,106.0661557181494,106.2379869641648,145728900,107.41736331833594,93.74902886273462,False,False,,,,,,False
2012-02-28,107.44078826904295,107.56575860844444,106.94872500629182,107.15961096430338,129355900,107.56575860844444,93.74902886273462,False,False,,,,,,False
2012-02-29,107.0189971923828,107.9328201879541,106.644086283053,107.59696398807417,185934700,107.9328201879541,93.74902886273462,False,False,,,,,,False
2012-03-01,107.57352447509766,107.77660417998312,106.94868493006008,107.24548639546312,145023500,107.9328201879541,93.74902886273462,False,False,,,,,,False
2012-03-02,107.2455062866211,107.64384767834848,107.00338374849478,107.50325309367255,120638300,107.9328201879541,94.01457359245951,False,False,,,,,,False
2012-03-05,106.80811309814452,107.15958165347668,106.44102027520395,107.08148415108302,140765000,107.9328201879541,95.8734593286354,False,False,,,,,,False
2012-03-06,105.24601745605467,105.7771233634778,104.94140979319168,105.71465013022424,202129900,107.9328201879541,97.02939940093631,False,False,,,,,,False
2012-03-07,105.98018646240234,106.15201762146025,105.38658357917618,105.48812342348003,143692200,107.9328201879541,97.4199434080908,False,False,,,,,,False
2012-03-08,107.03461456298828,107.25331856260227,106.40978685377551,106.6284789355649,116968900,107.9328201879541,97.4199434080908,False,False,,,,,,False
2012-03-09,107.44856262207033,107.72972789452125,107.10490028753338,107.23767674990944,122836800,107.9328201879541,97.4199434080908,False,False,,,,,,False
2012-03-12,107.45639038085938,107.5969730453239,107.07367326455304,107.43295993678196,104003500,107.9328201879541,97.52144937202048,False,False,,,,,,False
2012-03-13,109.39339447021484,109.44807345756,107.8547315800272,108.03438089459576,184090500,109.44807345756,98.02133178710938,False,False,,,,,,False
2012-03-14,109.27619934082033,109.69795913235502,108.94034320797564,109.42460005641529,145163600,109.69795913235502,98.7477086133752,False,False,,,,,,False
2012-03-15,109.90888214111328,109.95574303181134,109.15907213646707,109.4402493984812,165118500,109.95574303181134,98.7477086133752,False,False,long,,,multiple_bottom,,True
2012-03-16,110.06106567382812,110.20226442849004,109.82572244600448,110.10813192538208,152893500,110.20226442849004,98.7477086133752,False,False,,,,,,False
2012-03-19,110.49251556396484,110.82983164747452,109.91200392088577,109.99045564591496,125291100,110.82983164747452,99.4193984606612,False,False,,,,,,False
2012-03-20,110.17089080810548,110.30424917739391,109.5433128578834,109.8649482032546,121729700,110.82983164747452,99.51313939592252,False,False,,,,,,False
2012-03-21,109.99044036865234,110.33559678870292,109.7629375796986,110.23362392439182,122388400,110.82983164747452,99.75522169306232,False,False,,,,,,False
2012-03-22,109.19810485839844,109.47267385287184,108.83725574742996,109.18241212355866,135216700,110.82983164747452,99.75522169306232,False,False,,,,,,False
2012-03-23,109.55111694335938,109.6766348858242,108.68820802152592,109.2922526458442,120521000,110.82983164747452,99.75522169306232,False,False,,,,,,False
2012-03-26,111.08868408203124,111.08868408203124,110.29637449788538,110.33558838191284,120164000,111.08868408203124,99.75522169306232,False,False,,,,,,False
2012-03-27,110.74356079101562,111.261313547445,110.67296140697204,111.19071416340144,119868500,111.261313547445,100.67688361129817,False,False,,,,,,False
2012-03-28,110.19441986083984,110.86122365268942,109.5433088089306,110.68863942350607,148562100,111.261313547445,100.8175033107962,False,False,,,,,,False
2012-03-29,110.006103515625,110.21007315167913,109.11180917998888,109.54326959850827,164963700,111.261313547445,101.58292515806151,False,False,,,,,,False
2012-03-30,110.46111297607422,110.64938990494954,109.86492065637854,110.54740507221906,135486800,111.261313547445,101.58292515806151,False,False,,,,,,False
2012-04-02,111.26913452148438,111.55939633311615,110.10812318511582,110.3277736549679,151741100,111.55939633311615,101.58292515806151,False,False,,,,,,False
2012-04-03,110.81414031982422,111.30051947510508,110.1630292979577,111.11224251466868,155806700,111.55939633311615,101.58292515806151,False,False,,,,,,False
2012-04-04,109.7158660888672,110.09240796457205,109.30793874099083,109.99827548815844,146896000,111.55939633311615,101.58292515806151,False,False,,,,,,False
2012-04-05,109.66098022460938,109.982615575078,109.2452123696344,109.33935684419473,137439400,111.55939633311615,101.58292515806151,False,False,,,,,,False
2012-04-09,108.4293441772461,109.70018057267129,108.1312420222496,108.28029309974784,127555900,111.55939633311615,101.58292515806151,False,False,,,,,,False
2012-04-10,106.60939025878906,108.52349757439656,106.4995650178962,108.21755497690545,235360300,111.55939633311615,101.58292515806151,False,False,,,,,,False
2012-04-11,107.4723129272461,107.89592115663206,107.2761955678898,107.69980379727578,154133000,111.55939633311615,102.0671506604114,False,False,,,,,,False
2012-04-12,108.8765106201172,108.96280273914964,107.4958486856518,107.57430041933728,154321500,111.55939633311615,103.1996494549092,False,False,,,,,,False
2012-04-13,107.58210754394533,108.9000220480726,107.4801227156952,108.62545303511476,169246700,111.55939633311615,103.2621610596862,False,False,,,,,,False
2012-04-16,107.51154327392578,108.28816038850968,107.14284166536515,108.13126888849656,147825300,111.55939633311615,104.37905349190255,False,False,,,,,,False
2012-04-17,109.1040267944336,109.32367731152176,108.0214549816023,108.13128024014638,147877600,111.55939633311615,104.37905349190255,False,False,,,,,,False
2012-04-18,108.7353057861328,109.1040073677501,108.55488117280518,108.61764016223508,123884200,111.55939633311615,104.37905349190255,False,False,,,,,,False
2012-04-19,108.0371322631836,109.15891781705665,107.52723191506924,108.75100232658664,198666700,111.55939633311615,104.53524354088697,False,False,,,,,,False
2012-04-20,108.21753692626952,108.90787373676464,108.15477794621984,108.5156390889927,143199600,111.55939633311615,104.53524354088697,False,False,,,,,,False
2012-04-23,107.30758666992188,107.40173115748289,106.64079472083284,107.11146927841529,171844900,111.55939633311615,104.53524354088697,False,False,,,,,,False
2012-04-24,107.71549987792967,107.99006897756443,107.31542476165572,107.40171688125058,137484200,111.55939633311615,104.85549030272875,False,False,,,,,,False
2012-04-25,109.1902847290039,109.23735097220376,108.67253211370206,108.76666460010178,150252200,111.55939633311615,104.85549030272875,False,False,,,,,,False
2012-04-26,109.95124053955078,110.07675852385542,108.89220199831796,108.95496099047028,136291600,111.55939633311615,104.8867322050774,False,False,,,,,,False
2012-04-27,110.13164520263672,110.44542813648069,109.6688111856988,110.28069628573068,130725000,111.55939633311615,104.917974535304,False,False,,,,,,False
2012-04-30,109.72371673583984,109.99044539404652,109.42562654262882,109.91199367632956,115092200,111.55939633311615,104.94140979319168,False,False,,,,,,False
2012-05-01,110.40623474121094,111.12794519905935,109.53547317260126,109.66097918740464,138832200,111.55939633311615,104.94140979319168,False,False,,,,,,False
2012-05-02,110.07678985595705,110.18661513097064,109.40214546085711,109.76299480587728,121081000,111.55939633311615,104.94140979319168,False,False,,,,,,False
2012-05-03,109.23737335205078,110.178734319063,109.03341559971528,110.09244219883374,143759700,111.55939633311615,104.94140979319168,False,False,,,,,,False
2012-05-04,107.4723129272461,109.27659502733468,107.40955393584564,108.66470982374736,193927300,111.55939633311615,104.94140979319168,False,False,,,,,,False
2012-05-07,107.5507583618164,107.91160757867388,107.04869843006252,107.08791232359482,127765900,111.55939633311615,104.94140979319168,False,False,,,,,,False
2012-05-08,107.11931610107422,107.29190035428869,105.84062694409116,106.90750597757372,213377700,111.55939633311615,104.94140979319168,False,False,,,,,,False
2012-05-09,106.48387145996094,107.1663559485449,105.50328479473012,105.98181156616484,220752500,111.55939633311615,104.94140979319168,False,False,,,,,,False
2012-05-10,106.70350646972656,107.35461735759588,106.46032292715918,107.2212470567844,150600000,111.55939633311615,104.94140979319168,False,False,,,,,,False
2012-05-11,106.38188934326172,107.3703164179321,105.9896546671152,106.0367209130444,153032400,111.55939633311615,104.94140979319168,False,False,,,,,,False
2012-05-14,105.20518493652344,106.3818889607318,105.04829346063946,105.36207641240742,163910000,111.55939633311615,104.94140979319168,False,True,long,,,,,True
2012-05-15,104.60113525390624,105.754306100863,104.43640340151345,105.1345806108228,207629300,111.55939633311615,104.43640340151345,False,False,,,,,,False
2012-05-16,104.20106506347656,105.55035330135296,104.17753194061088,105.07182651966365,207265500,111.55939633311615,104.17753194061088,False,False,,,,,,False
2012-05-17,102.65567779541016,104.35013476423327,102.60075918556149,104.22461677319724,247992900,111.55939633311615,102.60075918556149,False,False,,,,,,False
2012-05-18,101.77706146240234,103.23617498502225,101.62801036529854,103.05573840955302,319615900,111.55939633311615,101.62801036529854,False,False,,,,,,False
2012-05-21,103.52642822265624,103.56565408687416,101.94179667466793,102.1065405163618,177861100,111.55939633311615,101.62801036529854,False,False,,,,,,False
2012-05-22,103.70686340332033,104.5148660143336,103.03221916819662,103.79315552537292,197531200,111.55939633311615,101.62801036529854,False,False,,,,,,False
2012-05-23,103.76175689697266,103.91080797808108,101.97316786377448,102.96159486526248,204958400,111.55939633311615,101.62801036529854,False,False,,,,,,False
2012-05-24,103.96570587158205,104.208889417153,103.09494454934534,104.04415758243417,167357600,111.55939633311615,101.62801036529854,False,False,,,,,,False
2012-05-25,103.62842559814452,104.2167777223504,103.37738961285716,103.92651586810504,135465600,111.55939633311615,101.62801036529854,False,False,,,,,,False
2012-05-29,104.88357543945312,105.06400008261474,102.89886845450958,104.45996715332257,152883500,111.55939633311615,101.62801036529854,False,False,,,,,,False
2012-05-30,103.36165618896484,104.87568795043916,103.14985812605204,103.98923393511924,162370400,111.55939633311615,101.62801036529854,False,False,,,,,,False
2012-05-31,103.13417053222656,103.90294702531564,102.24771647271383,103.3224474564741,196186000,111.55939633311615,101.62801036529854,False,False,,,,,,False
2012-06-01,100.53760528564452,103.15773031591264,100.53760528564452,101.51819207571974,253240900,111.55939633311615,100.53760528564452,False,False,,,,,,False
2012-06-04,100.49056243896484,100.99262251360992,99.73746634196904,100.71805336042084,202545800,111.55939633311615,99.73746634196904,False,False,,,,,,False
2012-06-05,101.25144958496094,101.40048868429432,100.23947757180204,100.29439017867632,164149400,111.55939633311615,99.73746634196904,False,False,,,,,,False
2012-06-06,103.52642822265624,103.57349447169646,101.92610393497012,101.9574894143657,184202800,111.55939633311615,99.73746634196904,False,False,,,,,,False
2012-06-07,103.5891571044922,104.75016813357888,103.37734707531804,104.70310189821788,184772700,111.55939633311615,99.73746634196904,False,False,,,,,,False
2012-06-08,104.41289520263672,104.43642833002436,102.99299535327202,103.32248307680844,143915400,111.55939633311615,99.73746634196904,False,False,,,,,,False
2012-06-11,103.08714294433594,105.31503351801176,102.98515807587482,105.25227451973224,169756100,111.55939633311615,99.73746634196904,False,False,,,,,,False
2012-06-12,104.27166748046876,104.34226685112976,102.8910056950917,103.3852132597715,181931800,111.55939633311615,99.73746634196904,False,False,,,,,,False
2012-06-13,103.60491943359376,104.61688008376296,103.25189849115412,103.96576879378586,172223900,111.30051947510508,99.73746634196904,False,False,,,,,,False
2012-06-14,104.7031021118164,105.1188698184196,103.5342387277519,103.81664811054368,230615500,111.12794519905935,99.73746634196904,False,False,,,,,,False
2012-06-15,105.77393341064452,105.86855362529153,104.953863475536,105.1746519977603,169444500,111.12794519905935,99.73746634196904,False,False,,,,,,False
2012-06-18,105.97897338867188,106.23919107364064,105.09581908725669,105.33238171287144,131360900,111.12794519905935,99.73746634196904,False,False,,,,,,False
2012-06-19,107.00407409667967,107.43777025458115,105.9553223083272,106.51518680890462,137382600,111.12794519905935,99.73746634196904,False,False,,,,,,False
2012-06-20,106.83057403564452,107.31947325665452,105.87645471323046,107.01194550360172,206451800,111.12794519905935,99.73746634196904,False,False,,,,,,False
2012-06-21,104.43343353271484,107.06713391872118,104.34669432086086,106.95673965200452,205272200,111.12794519905935,99.73746634196904,False,False,,,,,,False
2012-06-22,105.23778533935548,105.43491890005764,104.57540743101718,104.9775675953793,130029200,111.12794519905935,99.73746634196904,False,False,,,,,,False
2012-06-25,103.55030059814452,104.16535621463537,103.179688619993,104.12592710443464,146375700,111.12794519905935,99.73746634196904,False,False,,,,,,False
2012-06-26,104.07070922851562,104.3861300334469,103.242746159672,103.84992068110046,141634000,111.12794519905935,99.73746634196904,False,False,,,,,,False
2012-06-27,105.00909423828124,105.2141087914476,104.06285563832458,104.41769360929877,108088000,111.12794519905935,99.73746634196904,False,False,,,,,,False
2012-06-28,104.7094268798828,104.8671433090274,103.51874484511632,104.31515987116984,169242100,111.12794519905935,99.73746634196904,False,False,,,,,,False
2012-06-29,107.31950378417967,107.45355314727487,106.33383608605928,106.60981582228716,212250900,111.12794519905935,99.73746634196904,False,False,,,,,,False
2012-07-02,107.64276885986328,107.75316313535124,106.86212792322463,107.61911380312112,129524500,111.12794519905935,99.73746634196904,False,False,,,,,,False
2012-07-03,108.3524932861328,108.43133949123552,107.50875587019752,107.6191501830035,80450000,111.12794519905935,99.73746634196904,False,False,,,,,,False
2012-07-05,107.86357879638672,108.66000597152173,107.4693117297499,107.95031803232986,126177500,111.12794519905935,99.73746634196904,False,False,,,,,,False
2012-07-06,106.83848571777344,107.0592742953074,106.33382439311367,106.82271166735671,151192100,111.12794519905935,99.73746634196904,False,False,,,,,,False
2012-07-09,106.70440673828124,106.90154020148492,106.21550756772734,106.75171684431864,103780500,111.12794519905935,99.73746634196904,False,False,,,,,,False
2012-07-10,105.77393341064452,107.42196632013024,105.41120253437772,107.24848790522942,167884800,111.12794519905935,99.73746634196904,False,False,,,,,,False
2012-07-11,105.78975677490234,106.13671376645075,105.17470102882204,105.8291858934106,141733400,111.12794519905935,99.73746634196904,False,False,,,,,,False
2012-07-12,105.27716064453124,105.8449060365988,104.55960391273086,105.17465941545858,143583200,110.18661513097064,99.73746634196904,False,False,,,,,,False
2012-07-13,107.04349517822266,107.15388946176436,105.53739228470228,105.55316633437238,129642600,110.178734319063,99.73746634196904,False,False,,,,,,False
2012-07-16,106.79113006591795,107.10655081492908,106.37320810154064,106.7990231046878,97525200,109.27659502733468,99.73746634196904,False,False,,,,,,False
2012-07-17,107.52450561523438,107.74529419093112,106.09726088231083,107.21697781108,138860300,108.66000597152173,99.73746634196904,False,False,,,,,,False
2012-07-18,108.32089233398438,108.53379984484224,107.2090687374418,107.27214085792312,113349700,108.66000597152173,99.73746634196904,False,False,,,,,,False
2012-07-19,108.60478973388672,108.95962764473232,108.19476069703492,108.54170556696924,129847300,108.95962764473232,99.73746634196904,False,False,,,,,,False
2012-07-20,107.61124420166016,108.1553346285506,107.4929689054122,107.98973718172854,142904500,108.95962764473232,99.73746634196904,False,False,,,,,,False
2012-07-23,106.5230484008789,107.5402639341783,105.53738096353553,106.03416120222,145210900,108.95962764473232,99.73746634196904,False,False,,,,,,False
2012-07-24,105.60836791992188,106.64923872389896,104.8986920314471,106.6019286022774,173301200,108.95962764473232,99.73746634196904,False,False,,,,,,False
2012-07-25,105.63199615478516,106.10510922903602,105.07213184670636,105.82912961040748,129122300,108.95962764473232,99.73746634196904,False,False,,,,,,False
2012-07-26,107.37464904785156,107.60333059408488,106.65708038246886,107.15386054036016,156526500,108.95962764473232,99.73746634196904,False,False,,,,,,False
2012-07-27,109.3538818359375,109.66142162561162,107.35101090757504,107.94241136696716,236768900,109.66142162561162,99.73746634196904,False,False,,,,,,False
2012-07-30,109.3538818359375,109.87431712790011,109.03059206251206,109.2277255489761,106782000,109.87431712790011,99.73746634196904,False,False,,,,,,False
2012-07-31,108.58901977539062,109.50371004861888,108.58901977539062,109.20407531776551,120575900,109.87431712790011,99.73746634196904,False,False,,,,,,False
2012-08-01,108.49442291259766,109.39335146258382,108.3445994822537,109.36969639801136,138293800,109.87431712790011,99.73746634196904,False,False,,,,,,False
2012-08-02,107.74527740478516,108.47862022787156,106.90943335099976,107.674312237669,199556600,109.87431712790011,99.73746634196904,False,False,,,,,,False
2012-08-03,109.88220977783205,110.11087932720642,107.77681356164533,109.259261224856,157825000,110.11087932720642,99.73746634196904,False,False,,,,,,False
2012-08-06,110.0951156616211,110.5288117776158,110.0478055457079,110.17397387619258,86326200,110.5288117776158,99.73746634196904,False,False,,,,,,False
2012-08-07,110.64714813232422,111.12026153318877,110.41846642797204,110.53674177016828,109545100,111.12026153318877,99.73746634196904,False,False,,,,,,False
2012-08-08,110.78113555908205,110.90729184282544,110.2449262328994,110.27647432788986,89754700,111.12026153318877,99.73746634196904,False,False,,,,,,False
2012-08-09,110.87580871582033,111.0965973578744,110.51307764268655,110.62347196371358,90291700,111.12026153318877,99.73746634196904,False,False,,,,,,False
2012-08-10,111.05712127685548,111.09655038170972,110.2449322515664,110.4262916954078,99792700,111.12026153318877,99.73746634196904,False,False,,,,,,False
2012-08-13,111.0019073486328,111.0570984584301,110.42626900659626,110.86785804532968,79426900,111.12026153318877,99.73746634196904,False,False,,,,,,False
2012-08-14,111.0177230834961,111.48296739900024,110.68654016823888,111.41199017767045,102379400,111.48296739900024,100.23947757180204,False,False,,,,,,False
2012-08-15,111.14387512207033,111.3331276310337,110.82846630587306,110.89943148470618,71085900,111.48296739900024,101.92610393497012,False,False,,,,,,False
2012-08-16,111.96395874023438,112.09800809045166,111.02560125663808,111.301580966353,112014200,112.09800809045166,102.8910056950917,False,False,,,,,,False
2012-08-17,112.11373901367188,112.20837125916545,111.86141443385678,112.1531681132882,90813700,112.20837125916545,102.8910056950917,False,False,,,,,,False
2012-08-20,112.12165069580078,112.14530575308945,111.64852548588,111.95605326270632,78255700,112.20837125916545,102.8910056950917,False,False,,,,,,False
2012-08-21,111.78253936767578,112.83129069244944,111.53809583183944,112.3975947262543,105581100,112.83129069244944,102.8910056950917,False,False,long,,,multiple_bottom,,True
2012-08-22,111.82991027832033,112.01126974981077,111.23850971156531,111.49871537271125,133243500,112.83129069244944,103.179688619993,False,False,,,,,,False
2012-08-23,110.91516876220705,111.56176023066229,110.74169036119125,111.5538792240965,111466400,112.83129069244944,103.179688619993,False,False,,,,,,False
2012-08-24,111.58543395996094,111.83777059715578,110.56823046744287,110.6391956346265,99481200,112.83129069244944,103.179688619993,False,False,,,,,,False
2012-08-27,111.60907745361328,112.03489247674923,111.45137308774036,111.8850691179448,68785900,112.83129069244944,103.179688619993,False,False,,,,,,False
2012-08-28,111.49871063232422,111.84566754186828,111.15964676386288,111.3252321775522,75689600,112.83129069244944,103.179688619993,False,False,,,,,,False
2012-08-29,111.58543395996094,111.88508070861153,111.27790620342542,111.59332699991896,65421300,112.83129069244944,103.179688619993,False,False,,,,,,False
2012-08-30,110.78113555908205,111.13597341925148,110.54457297494476,111.104425324261,96589900,112.83129069244944,103.179688619993,False,False,,,,,,False
2012-08-31,111.3094711303711,111.82990649922635,110.67864147406848,111.41197237666688,151970400,112.83129069244944,103.179688619993,False,False,,,,,,False
2012-09-04,111.20694732666016,111.5460231980614,110.4972715505348,111.21482833499088,120226200,112.83129069244944,103.179688619993,False,False,,,,,,False
2012-09-05,111.11231231689452,111.55388936614628,110.89152379226866,111.2542426404088,100660300,112.83129069244944,103.242746159672,False,False,,,,,,False
2012-09-06,113.36754608154295,113.375427090659,111.77470389862738,111.78258490774344,158272500,113.375427090659,103.51874484511632,False,False,,,,,,False
2012-09-07,113.80909729003906,113.85640739810069,113.45425944750468,113.55676067094744,107272100,113.85640739810069,103.51874484511632,False,False,,,,,,False
2012-09-10,113.16252136230467,113.8958643125611,113.12310428400906,113.69873079278226,86458500,113.8958643125611,104.55960391273086,False,False,,,,,,False
2012-09-11,113.47794342041016,113.84066236269986,113.2019516769536,113.23349977841592,88760000,113.8958643125611,104.55960391273086,False,False,,,,,,False
2012-09-12,113.8564682006836,113.9826365776069,113.47008205838549,113.8564682006836,87640900,113.9826365776069,104.55960391273086,False,False,,,,,,False
2012-09-13,115.59122467041016,115.94606265147787,113.54104298419836,113.84067779626066,225470200,115.94606265147787,104.55960391273086,False,False,,,,,,False
2012-09-14,116.103759765625,116.78978055015897,115.7252547522977,115.819887021667,169777000,116.78978055015897,104.55960391273086,False,False,,,,,,False
2012-09-17,115.70946502685548,116.06430286381634,115.41769931160457,115.86716939527452,119427800,116.78978055015897,104.55960391273086,False,False,,,,,,False
2012-09-18,115.61488342285156,115.76470684970194,115.323129611876,115.51238215612028,98326600,116.78978055015897,104.55960391273086,False,False,,,,,,False
2012-09-19,115.67794799804688,116.04855998099528,115.4492784072432,115.7489131780816,128318300,116.78978055015897,104.55960391273086,False,False,,,,,,False
2012-09-20,115.68578338623048,115.74885549344518,114.83416555400038,115.1495742183511,154009800,116.78978055015897,104.55960391273086,False,False,,,,,,False
2012-09-21,115.63743591308594,116.2716328331146,115.5898732609363,116.24785150703978,108737500,116.78978055015897,104.8986920314471,False,False,,,,,,False
2012-09-24,115.46311950683594,115.7247263894536,114.9795453473868,115.06674764159268,95682000,116.78978055015897,104.8986920314471,False,False,,,,,,False
2012-09-25,114.2343292236328,115.9307996223909,114.20261271357882,115.70883243723036,133165200,116.78978055015897,104.8986920314471,False,False,,,,,,False
2012-09-26,113.59217834472656,114.2422336352634,113.32264853483186,114.21052922669442,146502200,116.78978055015897,104.8986920314471,False,False,,,,,,False
2012-09-27,114.66236877441406,114.92397546556656,113.76656514376768,114.0678114116949,111830300,116.78978055015897,104.8986920314471,False,False,,,,,,False
2012-09-28,114.13125610351562,114.59897175656133,113.7269613672681,114.22638143056136,150696100,116.78978055015897,104.8986920314471,False,False,,,,,,False
2012-10-01,114.43251037597656,115.49478358938728,114.162968436802,114.5672752974119,135911200,116.78978055015897,104.8986920314471,False,False,,,,,,False
2012-10-02,114.55143737792967,115.06671582173016,114.02030067693823,114.88438820110468,113422200,116.78978055015897,104.8986920314471,False,False,,,,,,False
2012-10-03,115.01915740966795,115.28868731037512,114.25813038457642,114.86061112079943,121283100,116.78978055015897,105.07213184670636,False,False,,,,,,False
2012-10-04,115.84359741210938,116.01006675289644,115.29660252834312,115.4551487897656,124311600,116.78978055015897,106.65708038246886,False,False,long,symmetric_triangle,up,,,True
2012-10-05,115.85149383544922,116.66009530785014,115.50268488279386,116.4619095025961,124842100,116.78978055015897,106.90943335099976,False,False,,,,,,False
2012-10-08,115.45516967773438,115.8356831932511,115.1935628557208,115.42346525823572,78415400,116.78978055015897,106.90943335099976,False,False,,,,,,False
2012-10-09,114.31359100341795,115.46306646531453,114.27395141584144,115.36794113217388,148872900,116.78978055015897,106.90943335099976,False,False,,,,,,False
2012-10-10,113.58426666259766,114.40872652373814,113.43364349010255,114.2977308418545,124247500,116.78978055015897,106.90943335099976,False,False,,,,,,False
2012-10-11,113.64764404296876,114.54344755958384,113.62386271919128,114.37696619684247,123601500,116.78978055015897,106.90943335099976,False,False,,,,,,False
2012-10-12,113.2751007080078,114.11540675260736,113.02935219643292,113.72697023933247,124181900,116.78978055015897,107.77681356164533,False,False,,,,,,False
2012-10-15,114.21847534179688,114.33738201829117,113.17998337939738,113.54463858484974,107689100,116.78978055015897,110.0478055457079,False,False,,,,,,False
2012-10-16,115.3758773803711,115.45515656457322,114.67827136387416,114.75753845177113,108815500,116.78978055015897,110.2449262328994,False,False,,,,,,False
2012-10-17,115.89905548095705,115.99419289213306,115.28071674166958,115.45512121647388,128834100,116.78978055015897,110.2449262328994,False,False,long,,,multiple_bottom,,True
2012-10-18,115.59781646728516,116.15273427476164,115.20936795390112,115.59781646728516,148108500,116.78978055015897,110.2449322515664,False,False,,,,,,False
2012-10-19,113.67144012451172,115.39169131344768,113.4019103558417,115.38376823659286,185645200,116.78978055015897,110.2449322515664,False,False,,,,,,False
2012-10-22,113.6873550415039,113.89346400916796,112.79155096207845,113.48123397753326,125578600,116.78978055015897,110.42626900659626,False,False,,,,,,False
2012-10-23,112.1097412109375,112.61709637200128,111.642025628893,112.45855015222531,192056300,116.78978055015897,110.4972715505348,False,False,,,,,,False
2012-10-24,111.7926788330078,112.64884316558636,111.61827431546564,112.51406614141833,120179400,116.78978055015897,110.4972715505348,False,False,,,,,,False
2012-10-25,112.11770629882812,112.7915431057397,111.43595850797011,112.58543415243189,134457400,116.78978055015897,110.4972715505348,False,False,,,,,,False
2012-10-26,112.05428314208984,112.44271966199568,111.293244164453,112.01464355328406,146023500,116.78978055015897,110.4972715505348,False,False,,,,,,False
2012-10-31,112.05428314208984,112.59334284167514,111.52313442543986,112.45065483753932,103438500,116.78978055015897,110.4972715505348,False,False,,,,,,False
2012-11-01,113.22754669189452,113.37023470449658,112.18905472360773,112.292103145052,100995600,116.78978055015897,110.4972715505348,False,False,,,,,,False
2012-11-02,112.2207489013672,113.93307747421332,112.10184223504612,113.90136096565853,137702200,116.78978055015897,110.4972715505348,False,False,,,,,,False
2012-11-05,112.4506607055664,112.70433231381328,111.72132610313272,112.054288989433,98378500,116.78978055015897,110.4972715505348,False,False,,,,,,False
2012-11-06,113.33062744140624,113.7745619104925,112.67264881890092,112.7915555172965,107068100,116.78978055015897,110.4972715505348,False,False,,,,,,False
2012-11-07,110.76210021972656,112.3158703892118,110.23888671321885,112.3000242317807,264304500,116.78978055015897,110.23888671321885,False,False,,,,,,False
2012-11-08,109.4303207397461,111.30913128896172,109.3431184602778,110.746278013065,181517300,116.78978055015897,109.3431184602778,False,False,,,,,,False
2012-11-09,109.52542877197266,110.54013933519,109.04185482416564,109.0973405709348,201055300,116.78978055015897,109.04185482416564,False,False,,,,,,False
2012-11-12,109.61266326904295,110.0407394996894,109.366914683273,109.86633493630924,97677500,116.78978055015897,109.04185482416564,False,False,,,,,,False
2012-11-13,109.23210906982422,110.38951977003843,108.89123520997413,109.03392321745432,123018300,116.78978055015897,108.89123520997413,False,False,short,,,,channel_down,True
2012-11-14,107.75757598876952,109.73943396337032,107.5118275353272,109.56504159020248,191505000,116.78978055015897,107.5118275353272,False,False,,,,,,False
2012-11-15,107.57528686523438,108.20156098282608,107.163056872315,107.79725406996664,178128400,116.78978055015897,107.163056872315,False,False,,,,,,False
2012-11-16,108.10639190673828,108.32043596877752,106.78251214579532,107.73380161575592,239483900,116.78978055015897,106.78251214579532,False,False,,,,,,False
2012-11-19,110.29435729980467,110.31020345332028,108.13809498424722,109.3192745250788,151495800,116.78978055015897,106.78251214579532,False,False,,,,,,False
2012-11-20,110.3419418334961,110.52426940548354,109.46199628687457,110.11997467725848,119807400,116.78978055015897,106.78251214579532,False,False,,,,,,False
2012-11-21,110.54802703857422,110.64316443964056,110.21507637559247,110.43704348424696,81710800,116.78978055015897,106.78251214579532,False,False,,,,,,False
2012-11-23,112.05428314208984,112.09391063459144,111.0157791391167,111.08713523748878,65409200,116.78978055015897,106.78251214579532,False,False,,,,,,False
2012-11-26,111.8164291381836,112.06217759116863,111.1346695123374,111.49932460505684,100124400,116.78978055015897,106.78251214579532,False,False,,,,,,False
2012-11-27,111.24568939208984,112.08599551067496,111.17434538495829,111.7054820430016,128646200,116.78978055015897,106.78251214579532,False,False,,,,,,False
2012-11-28,112.1414794921875,112.20488831537185,110.19132553092138,110.79380612160102,177086500,116.66009530785014,106.78251214579532,False,False,,,,,,False
2012-11-29,112.66468048095705,112.97384990209498,112.07012297136068,112.56163207144672,151085900,116.66009530785014,106.78251214579532,False,False,,,,,,False
2012-11-30,112.68843841552734,112.90248246150388,112.3000019982118,112.68051533838045,136568300,116.66009530785014,106.78251214579532,False,False,,,,,,False
2012-12-03,112.13358306884766,113.29891716251566,112.04638078645388,113.2037917985616,124656300,116.66009530785014,106.78251214579532,False,False,,,,,,False
2012-12-04,111.97499084472656,112.46648781867944,111.67374452066367,112.125614006758,127512200,116.66009530785014,106.78251214579532,False,False,,,,,,False
2012-12-05,112.17320251464844,112.69641611500325,111.2773985106748,112.0701419913437,147300500,116.66009530785014,106.78251214579532,False,False,,,,,,False
2012-12-06,112.55367279052734,112.60123544569991,111.90362967600076,112.07009896910472,103220600,116.66009530785014,106.78251214579532,False,False,,,,,,False
2012-12-07,112.89460754394533,113.11657476175752,112.30797298469524,112.98973289549164,108726400,116.66009530785014,106.78251214579532,False,False,,,,,,False
2012-12-10,112.9421157836914,113.21164554736838,112.68843217343051,112.73600692257966,98840700,116.66009530785014,106.78251214579532,False,False,,,,,,False
2012-12-11,113.71110534667967,114.24224192695227,113.35437326695072,113.40985901004916,152570400,116.66009530785014,106.78251214579532,False,False,,,,,,False
2012-12-12,113.7666015625,114.59106147665662,113.60805530094817,114.15505018516076,145880100,116.66009530785014,106.78251214579532,False,False,,,,,,False
2012-12-13,113.06898498535156,114.02027456172608,112.7835969028089,113.69524689343795,135715000,116.66009530785014,106.78251214579532,False,False,,,,,,False
2012-12-14,112.64884185791016,113.02935530253754,112.47443734239256,112.82324637342776,137701700,116.66009530785014,106.78251214579532,False,False,,,,,,False
2012-12-17,113.97273254394533,114.03615347336633,112.91044709652525,112.94216360938846,143238200,116.66009530785014,106.78251214579532,False,False,,,,,,False
2012-12-18,115.24111938476562,115.34417991117428,113.98858319602915,114.15506465435804,177762800,116.66009530785014,106.78251214579532,False,False,,,,,,False
2012-12-19,114.38491821289062,115.40756377925509,114.34529072743476,115.36792419749716,150895400,116.15273427476164,106.78251214579532,False,False,,,,,,False
2012-12-20,115.0429229736328,115.05878122923714,114.13919594506304,114.45630057562558,168487000,116.15273427476164,106.78251214579532,False,False,,,,,,False
2012-12-21,113.9986343383789,115.03651219750272,113.32003079432816,113.50365149658964,245883800,116.15273427476164,106.78251214579532,False,False,,,,,,False
2012-12-24,113.64737701416016,113.81502701094104,113.51963556188254,113.75115628480224,53874600,116.15273427476164,106.78251214579532,False,False,,,,,,False
2012-12-26,113.16832733154295,113.93476369158108,112.84898595441447,113.87887225043262,106947700,116.15273427476164,106.78251214579532,False,False,,,,,,False
2012-12-27,113.01665496826172,113.43180857419772,111.70733560993564,113.20027568196438,167920600,116.15273427476164,106.78251214579532,False,False,,,,,,False
2012-12-28,111.79517364501952,112.90490173533492,111.66743218000995,112.282177321034,148806700,116.15273427476164,106.78251214579532,False,False,,,,,,False
2012-12-31,113.69527435302734,113.81502434792613,111.4039562665051,111.49976844451922,243935200,116.15273427476164,106.78251214579532,False,False,,,,,,False
2013-01-02,116.60932159423828,116.68117160165173,115.54749348366224,115.85087642442592,192059000,116.68117160165173,106.78251214579532,False,False,,,,,,False
2013-01-03,116.34584045410156,116.85679406050924,116.03447829054213,116.55342335120446,144761800,116.85679406050924,106.78251214579532,False,False,,,,,,False
2013-01-04,116.85680389404295,117.04841608085566,116.29795024345924,116.53746243145108,116817700,117.04841608085566,106.78251214579532,False,False,,,,,,False
2013-01-07,116.53744506835938,116.64921578182324,116.10632075778868,116.44164508027438,110002500,117.04841608085566,106.78251214579532,False,False,,,,,,False
2013-01-08,116.20215606689452,116.489568270475,115.74708166868524,116.32989753117396,121265100,117.04841608085566,106.78251214579532,False,False,,,,,,False
2013-01-09,116.49757385253906,116.81692758535785,116.27403233061558,116.45765311317432,90745600,117.04841608085566,106.78251214579532,False,False,,,,,,False
2013-01-10,117.42365264892578,117.431631922005,116.5374660532815,117.14421972390154,130735400,117.431631922005,106.78251214579532,False,False,,,,,,False
2013-01-11,117.41568756103516,117.47954611757628,117.04843385938588,117.39172537471002,113917300,117.47954611757628,106.78251214579532,False,False,,,,,,False
2013-01-14,117.33582305908205,117.41566451223215,116.90469870342392,117.271952332981,89567200,117.47954611757628,106.78251214579532,False,False,,,,,,False
2013-01-15,117.41568756103516,117.5274583081288,116.72110089214812,116.79295090483022,93172600,117.5274583081288,106.78251214579532,False,False,,,,,,False
2013-01-16,117.39969635009766,117.5833170778402,117.04841343991497,117.17615489490788,104849500,117.5833170778402,106.78251214579532,False,False,,,,,,False
2013-01-17,118.15814208984376,118.49345427446345,117.4795262658138,117.91862990594518,133833500,118.49345427446345,106.78251214579532,False,False,,,,,,False
2013-01-18,118.42160034179688,118.54934179324728,117.70306381395982,118.1341881670811,169906000,118.54934179324728,106.78251214579532,False,False,,,,,,False
2013-01-22,119.06031799316406,119.06031799316406,118.14218984162608,118.421622796898,111797300,119.06031799316406,106.78251214579532,False,False,,,,,,False
2013-01-23,119.25188446044922,119.35567590298282,118.84472232620033,119.06028448296463,104596100,119.35567590298282,106.78251214579532,False,False,,,,,,False
2013-01-24,119.28382110595705,119.86662465081744,118.96446751952458,119.07623822925252,146426400,119.86662465081744,106.78251214579532,False,False,,,,,,False
2013-01-25,119.95450592041016,119.95450592041016,119.25193985767925,119.65911436317094,147211600,119.95450592041016,106.78251214579532,False,False,,,,,,False
2013-01-28,119.81077575683594,120.01834650406217,119.36368062250008,119.98640504627548,113357700,120.01834650406217,106.78251214579532,False,False,,,,,,False
2013-01-29,120.28182220458984,120.43351369085131,119.49143549401076,119.57127696533726,105694400,120.43351369085131,106.78251214579532,False,False,,,,,,False
2013-01-30,119.81077575683594,120.50535018748616,119.69899283667938,120.26583798247329,137447700,120.50535018748616,106.78251214579532,False,False,long,,,multiple_bottom,,True
2013-01-31,119.51536560058594,120.05826071460233,119.43553632464857,119.66705706159192,108975800,120.50535018748616,108.13809498424722,False,False,,,,,,False
2013-02-01,120.7448959350586,120.88859598872769,120.06627986268748,120.2738506675762,131173000,120.88859598872769,109.46199628687457,False,False,,,,,,False
2013-02-04,119.38760375976562,120.7687852189662,119.2997830437592,120.01034022550742,159073600,120.88859598872769,110.19132553092138,False,False,,,,,,False
2013-02-05,120.59317016601562,120.93646165143755,119.98640429284684,120.03431647922598,113912400,120.93646165143755,110.19132553092138,False,False,,,,,,False
2013-02-06,120.68102264404295,120.76085194481234,120.08224806882298,120.17006882713925,138762800,120.93646165143755,110.19132553092138,False,False,,,,,,False
2013-02-07,120.52130889892578,120.83267107976684,119.64310162881225,120.720900352852,162490000,120.93646165143755,110.19132553092138,False,False,,,,,,False
2013-02-08,121.19197845458984,121.2638284810942,120.72892464695036,120.72892464695036,103133700,121.2638284810942,110.19132553092138,False,False,,,,,,False
2013-02-11,121.16796875,121.27174800978852,120.8645858780933,121.14401875296464,73775000,121.27174800978852,111.2773985106748,False,False,,,,,,False
2013-02-12,121.36756134033205,121.59110276952858,121.04022846826057,121.17594918012315,65392700,121.59110276952858,111.2773985106748,False,False,,,,,,False
2013-02-13,121.47135925292967,121.8386129041979,121.1280677846994,121.61507144067676,82322600,121.8386129041979,111.2773985106748,False,False,,,,,,False
2013-02-14,121.58313751220705,121.7268497088517,120.9684045405123,121.10412528161751,80834300,121.8386129041979,111.2773985106748,False,False,,,,,,False
2013-02-15,121.4394073486328,121.82261947438606,120.99232450490508,121.69487803843704,215226500,121.8386129041979,111.2773985106748,False,False,,,,,,False
2013-02-19,122.34954833984376,122.37349833721876,121.4793326163005,121.64698259792551,95105400,122.37349833721876,111.4039562665051,False,False,,,,,,False
2013-02-20,120.82466888427734,122.30165038487226,120.76079816284732,122.26172966121668,160574800,122.37349833721876,111.4039562665051,False,False,,,,,,False
2013-02-21,120.0902099609375,120.88857594566554,119.70699769925554,120.5213344146656,183257000,122.37349833721876,111.4039562665051,False,False,,,,,,False
2013-02-22,121.26377868652344,121.26377868652344,120.14607145953048,120.67298361962996,106356600,122.37349833721876,111.4039562665051,False,False,,,,,,False
2013-02-25,118.95650482177734,122.03819731316896,118.95650482177734,121.85457658919589,245824800,122.37349833721876,111.4039562665051,False,False,,,,,,False
2013-02-26,119.77086639404295,119.91456642143233,118.74096746936088,119.53135416629613,186596200,122.37349833721876,111.4039562665051,False,False,,,,,,False
2013-02-27,121.2797393798828,121.61505152024068,119.5632457736032,119.66703721541424,150781900,122.37349833721876,111.4039562665051,False,False,,,,,,False
2013-02-28,121.04022979736328,122.04616623979362,120.88055908648306,121.27175050082543,126866000,122.37349833721876,111.4039562665051,False,False,,,,,,False
2013-03-01,121.4394073486328,121.6230280490009,120.08218809243247,120.62507092207508,170634800,122.37349833721876,111.4039562665051,False,False,,,,,,False
2013-03-04,122.08606719970705,122.08606719970705,120.96836022238584,121.15996017158812,99010200,122.37349833721876,111.4039562665051,True,False,short,,,,,True
2013-03-05,123.17984008789062,123.50717295283164,122.66090724900867,122.67687797420174,121431900,123.50717295283164,111.4039562665051,False,False,,,,,,False
2013-03-06,123.34751892089844,123.6828311027154,123.07607746639356,123.61896037540328,94469900,123.6828311027154,111.4039562665051,False,False,,,,,,False
2013-03-07,123.57102966308594,123.7307003506339,123.36345898748286,123.50715895164824,86101400,123.7307003506339,111.4039562665051,False,False,,,,,,False
2013-03-08,124.09796142578124,124.26561139414672,123.47523717909432,124.11393215013288,123477800,124.26561139414672,111.4039562665051,False,False,,,,,,False
2013-03-11,124.56898498535156,124.5769642558875,123.85046081015976,124.00215222498952,83746800,124.5769642558875,111.4039562665051,False,False,,,,,,False
2013-03-12,124.28961944580078,124.62494390334972,123.9143986139703,124.48123168124316,105755800,124.62494390334972,111.4039562665051,False,False,,,,,,False
2013-03-13,124.46522521972656,124.64086667293668,123.93032158753044,124.3534544933288,92550900,124.64086667293668,111.4039562665051,False,False,long,,,multiple_bottom,,True
2013-03-14,125.1278305053711,125.18372194184,124.47317708244113,124.79251843283257,126329900,125.18372194184,115.54749348366224,False,False,,,,,,False
2013-03-15,124.96267700195312,125.1310726514799,124.54567690456736,124.97871876161958,138601100,125.18372194184,115.74708166868524,False,False,,,,,,False
2013-03-18,124.27301788330078,124.81030054301078,123.6555386681753,123.76780650399115,126704300,125.18372194184,115.74708166868524,False,False,,,,,,False
2013-03-19,123.98432159423828,124.70604161399164,123.16636326524888,124.53764598631123,167567300,125.18372194184,115.74708166868524,False,False,,,,,,False
2013-03-20,124.85041046142578,125.05890439415856,124.50557992451974,124.71408609353004,113759300,125.18372194184,115.74708166868524,False,False,,,,,,False
2013-03-21,123.78384399414062,124.81029623942878,123.57535008803634,124.1046057321897,128605000,125.18372194184,116.27403233061558,False,False,,,,,,False
2013-03-22,124.77816009521484,124.77816009521484,124.08048471141132,124.17672297181812,111163600,125.18372194184,116.5374660532815,False,False,,,,,,False
2013-03-25,124.25701141357422,125.31554751155322,123.77586865326728,125.10704130276834,151322300,125.31554751155322,116.72110089214812,False,False,,,,,,False
2013-03-26,125.25132751464844,125.28339878746688,124.63384844550085,124.77017276845773,86856600,125.31554751155322,116.72110089214812,False,False,,,,,,False
2013-03-27,125.25132751464844,125.2914257828766,124.29704501767672,124.50553888168017,99950600,125.31554751155322,116.72110089214812,False,False,,,,,,False
2013-03-28,125.63629913330078,125.78065051504814,124.89853717181111,125.17118593743751,102932800,125.78065051504814,117.04841343991497,False,False,,,,,,False
2013-04-01,125.1391143798828,125.82876329139138,124.8343820917366,125.5721440516306,99194100,125.82876329139138,117.4795262658138,False,False,,,,,,False
2013-04-02,125.75650787353516,126.06925471082867,125.39563578442916,125.58810008286764,101504300,126.06925471082867,117.70306381395982,False,False,,,,,,False
2013-04-03,124.48149871826172,125.92495091015344,124.15272224266354,125.82872484278568,154167400,126.06925471082867,118.14218984162608,False,False,,,,,,False
2013-04-04,124.98670196533205,125.2352941141464,124.36922285499436,124.64187151909566,131885000,126.06925471082867,118.74096746936088,False,False,,,,,,False
2013-04-05,124.42536926269533,124.57773535817614,123.31070579756312,123.45504489668711,159666000,126.06925471082867,118.74096746936088,False,False,,,,,,False
2013-04-08,125.26740264892578,125.27541741019768,124.09659898055938,124.51359905595687,86571200,126.06925471082867,118.74096746936088,False,False,,,,,,False
2013-04-09,125.70045471191406,126.15755314791672,125.08297536787286,125.49997551779616,101922200,126.15755314791672,118.74096746936088,False,False,,,,,,False
2013-04-10,127.24008178710938,127.40046263002344,126.00513583676974,126.03720711084296,135711100,127.40046263002344,118.74096746936088,False,False,,,,,,False
2013-04-11,127.65709686279295,128.07409689269775,127.1358437663431,127.26415335035618,110142500,128.07409689269775,118.74096746936088,False,False,,,,,,False
2013-04-12,127.34432983398438,127.5367819434042,126.63863946938238,127.24809154300095,116359900,128.07409689269775,118.74096746936088,False,False,,,,,,False
2013-04-15,124.3933334350586,126.80711089898456,124.37730390874998,126.70285779658042,217259000,128.07409689269775,118.74096746936088,False,False,,,,,,False
2013-04-16,126.229736328125,126.29389114551182,125.0268610337528,125.33158112098988,147507800,128.07409689269775,118.74096746936088,False,False,,,,,,False
2013-04-17,124.38529205322266,125.35561658354624,123.71969976546428,125.33154782667484,226834800,128.07409689269775,118.74096746936088,False,False,,,,,,False
2013-04-18,123.6073989868164,124.62583628695036,123.13427122616258,124.59375277718895,167583200,128.07409689269775,118.74096746936088,False,False,,,,,,False
2013-04-19,124.6820068359375,124.73814687913703,123.5913996192131,123.89613188508956,149687600,128.07409689269775,118.74096746936088,False,False,,,,,,False
2013-04-22,125.23532104492188,125.532026288114,124.0966008767966,124.92257404266404,106553500,128.07409689269775,118.74096746936088,False,False,,,,,,False
2013-04-23,126.52642822265624,126.64671084481492,125.23534172094428,125.86083582872732,166141300,128.07409689269775,118.74096746936088,False,False,,,,,,False
2013-04-24,126.60660552978516,126.94340905685851,126.33394456725016,126.56650724974088,96781200,128.07409689269775,118.74096746936088,False,False,,,,,,False
2013-04-25,127.11986541748048,127.72130306883986,126.78306180107283,126.97551401828844,131060600,128.07409689269775,118.74096746936088,False,False,,,,,,False
2013-04-26,126.89531707763672,127.18400761108516,126.4863316840886,126.96748665192904,95918800,128.07409689269775,118.74096746936088,False,False,,,,,,False
2013-04-29,127.74532318115234,128.02598666334646,127.03963262244376,127.24011178241534,88572800,128.07409689269775,118.74096746936088,True,False,short,,,,,True
2013-04-30,128.050048828125,128.08213234744974,127.1920043484877,127.72127229084944,116010700,128.08213234744974,118.74096746936088,False,False,,,,,,False
2013-05-01,126.92736053466795,127.83353022302305,126.78302141773165,127.76937542562588,138874200,128.08213234744974,118.74096746936088,False,False,,,,,,False
2013-05-02,128.10618591308594,128.21845375557746,127.1278466129696,127.24812921696868,96407600,128.21845375557746,118.74096746936088,False,False,,,,,,False
2013-05-03,129.40521240234375,129.81419749278788,128.1301685896804,129.220775103748,144202300,129.81419749278788,118.74096746936088,False,False,,,,,,False
2013-05-06,129.73411560058594,129.91855306213455,129.44542502602766,129.50156508265775,66882100,129.91855306213455,118.74096746936088,False,False,,,,,,False
2013-05-07,130.39170837402344,130.43179443477607,129.64591920527755,130.01480640720345,90359200,130.43179443477607,118.74096746936088,False,False,long,,,multiple_bottom,,True
2013-05-08,130.98509216308594,131.0251904518687,130.17516056930504,130.24733014734616,97419200,131.0251904518687,119.5632457736032,False,False,,,,,,False
2013-05-09,130.61618041992188,131.2737456725637,130.2873916754628,130.92892740613806,106738600,131.2737456725637,120.08218809243247,False,False,,,,,,False
2013-05-10,131.04122924804688,131.15349711232918,130.3194967751354,130.7044256552,103203000,131.2737456725637,120.08218809243247,False,False,,,,,,False
2013-05-13,131.14540100097656,131.36192185237414,130.56803245770476,130.87275236515623,81843200,131.36192185237414,120.96836022238584,False,False,,,,,,False
2013-05-14,132.5006866455078,132.59692496562317,131.24969861050337,131.24969861050337,119000900,132.59692496562317,122.66090724900867,False,False,,,,,,False
2013-05-15,133.21437072753906,133.479004652142,132.24405857360344,132.28415684756305,120718500,133.479004652142,123.07607746639356,False,False,,,,,,False
2013-05-16,132.5889129638672,133.4068714778357,132.38843377567835,132.94175829288412,109913600,133.479004652142,123.13427122616258,False,False,,,,,,False
2013-05-17,133.8719482421875,133.9521325538813,132.90162385137302,133.07804646788475,129801000,133.9521325538813,123.13427122616258,False,False,,,,,,False
2013-05-20,133.86402893066406,134.3852824392275,133.60742179603452,133.74374624822602,85071200,134.3852824392275,123.13427122616258,False,False,,,,,,False
2013-05-21,134.05641174316406,134.5616231740164,133.51912902863936,133.98424217769306,95804200,134.5616231740164,123.13427122616258,False,False,,,,,,False
2013-05-22,133.06204223632812,135.5800726118822,132.45258990322534,134.19274780567972,244031800,135.5800726118822,123.13427122616258,False,False,,,,,,False
2013-05-23,132.67713928222656,133.04602641412302,131.46624925385416,131.64267193828988,211064400,135.5800726118822,123.13427122616258,False,False,,,,,,False
2013-05-24,132.56488037109375,132.62102042733488,131.49832942903953,131.891273113885,151573900,135.5800726118822,123.13427122616258,False,False,,,,,,False
2013-05-28,133.35877990722656,134.54561346628003,132.96583623003457,133.95219056861302,143679800,135.5800726118822,123.13427122616258,False,False,,,,,,False
2013-05-29,132.4927215576172,132.95783486434198,131.78703071482346,132.65310250290256,160363400,135.5800726118822,123.13427122616258,False,False,,,,,,False
2013-05-30,132.98182678222656,133.59127897270815,132.49265718319666,132.59691025330534,107793800,135.5800726118822,123.13427122616258,False,False,,,,,,False
2013-05-31,131.07325744628906,133.3667392651713,130.8166505135516,132.6129357515402,176850100,135.5800726118822,123.13427122616258,False,False,,,,,,False
2013-06-03,131.79498291015625,131.8831942154376,130.4397420545948,131.3779829000739,168390700,135.5800726118822,123.13427122616258,False,False,,,,,,False
2013-06-04,131.1614990234375,132.39645764581397,130.49590666602546,131.8671896647955,157631500,135.5800726118822,123.13427122616258,False,False,,,,,,False
2013-06-05,129.32510375976562,131.04921969192588,129.2128359163172,130.7845857245952,211737800,135.5800726118822,123.13427122616258,False,False,,,,,,False
2013-06-06,130.4958953857422,130.50392238360448,128.50714548397312,129.26896386797992,200225500,135.5800726118822,123.13427122616258,False,False,,,,,,False
2013-06-07,132.15591430664062,132.2761969532622,130.8247292480485,131.3940956600473,188337800,135.5800726118822,123.13427122616258,False,False,,,,,,False
2013-06-10,132.15591430664062,132.63705712940836,131.8110836591897,132.5648875414354,105667100,135.5800726118822,123.13427122616258,False,False,,,,,,False
2013-06-11,130.79257202148438,131.94732137920627,130.50388162298557,130.9529528570341,159505400,135.5800726118822,123.13427122616258,False,False,,,,,,False
2013-06-12,129.71006774902344,131.82712802530585,129.5897851000285,131.6908036110177,177361500,135.5800726118822,123.13427122616258,False,False,,,,,,False
2013-06-13,131.68272399902344,131.91527441798746,129.3491438674459,129.63783431914905,163587800,135.5800726118822,123.13427122616258,False,False,,,,,,False
2013-06-14,130.85675048828125,132.0516106782344,130.6402418071782,131.53838452182518,141197500,135.5800726118822,123.13427122616258,False,False,,,,,,False
2013-06-17,131.8671875,132.49268156319766,130.8888481219158,131.746892650137,136295600,135.5800726118822,123.13427122616258,False,False,,,,,,False
2013-06-18,132.90963745117188,133.11011656461176,131.93129839868325,131.9393131581622,114695600,135.5800726118822,123.13427122616258,False,False,,,,,,False
2013-06-19,131.07325744628906,133.02993578304844,131.01712965073963,132.79738536787153,206149500,135.5800726118822,123.13427122616258,False,False,,,,,,False
2013-06-20,127.82552337646484,131.08933037950752,127.48871981424227,129.79824393951515,321255900,135.5800726118822,123.13427122616258,False,False,,,,,,False
2013-06-21,128.23582458496094,128.7920644242892,126.94596419281864,128.69532920023565,271956800,135.5800726118822,123.13427122616258,False,False,,,,,,False
2013-06-24,126.61549377441406,127.71992909166612,125.54329944627496,126.89765470851287,222329000,135.5800726118822,123.13427122616258,False,False,,,,,,False
2013-06-25,127.83279418945312,129.06621797724466,126.90570282997884,127.76023044232852,162262200,135.5800726118822,123.13427122616258,False,False,,,,,,False
2013-06-26,129.09841918945312,129.38863718546136,128.38093751890793,128.8807526171916,134848000,135.5800726118822,123.13427122616258,False,False,,,,,,False
2013-06-27,129.85621643066406,130.45277908517022,129.75141172488034,129.8723430702512,129483700,135.5800726118822,123.13427122616258,False,False,,,,,,False
2013-06-28,129.32421875,130.1142523074674,128.87277100287577,129.49351780568583,160402900,135.5800726118822,123.5913996192131,False,False,,,,,,False
2013-07-01,130.08197021484375,130.98486542384023,129.85624641259463,130.00134929931565,131954800,135.5800726118822,124.0966008767966,False,False,,,,,,False
2013-07-02,129.9610595703125,130.8397710218383,129.38868055540436,129.8884958212217,154863700,135.5800726118822,125.23534172094428,False,False,,,,,,False
2013-07-03,130.01744079589844,130.4124634935629,129.16291344680752,129.3725105490871,75216400,135.5800726118822,125.54329944627496,False,False,,,,,,False
2013-07-05,131.4202117919922,131.46857942572268,130.03361555359746,130.9768213144196,122416900,135.5800726118822,125.54329944627496,False,False,long,,,multiple_bottom,,True
2013-07-08,132.16990661621094,132.52461892285362,131.4685514741823,132.09735518104037,108092500,135.5800726118822,125.54329944627496,False,False,,,,,,False
2013-07-09,133.1211395263672,133.28236898718316,132.42784177394103,133.00020820499068,119298000,135.5800726118822,125.54329944627496,False,False,,,,,,False
2013-07-10,133.16954040527344,133.62098792875452,132.7180928817924,132.9921842637598,121410100,135.5800726118822,125.54329944627496,False,False,,,,,,False
2013-07-11,134.98341369628906,135.12045940120888,133.16148447565516,134.7173794569658,135592200,135.5800726118822,125.54329944627496,False,False,,,,,,False
2013-07-12,135.03985595703125,135.37844167786284,134.7335235244838,134.94312069422944,104212700,135.5800726118822,125.54329944627496,False,False,,,,,,False
2013-07-15,135.5557861328125,135.74926894270232,135.1768899849184,135.4106832511633,69450600,135.74926894270232,125.54329944627496,False,False,,,,,,False
2013-07-16,135.04788208007812,135.72505330437352,134.68511265999285,135.6444324105673,88702100,135.74926894270232,125.54329944627496,False,False,,,,,,False
2013-07-17,135.3944854736328,135.8217490242637,135.21712939967082,135.56378438096664,92873900,135.8217490242637,125.54329944627496,False,False,,,,,,False
2013-07-18,136.13623046875,136.4587018380073,135.59610476389707,135.68478285281472,103620100,136.4587018380073,125.54329944627496,False,False,,,,,,False
2013-07-19,136.3780975341797,136.42646517020424,135.68479938209924,135.85409840921167,103831700,136.4587018380073,125.54329944627496,False,False,,,,,,False
2013-07-22,136.64405822753906,136.83754096844078,136.24903557774718,136.57150681258335,79428600,136.83754096844078,125.54329944627496,False,False,,,,,,False
2013-07-23,136.35389709472656,136.91014944325516,136.2813456495337,136.8859656281909,80829700,136.91014944325516,125.54329944627496,False,False,,,,,,False
2013-07-24,135.8540802001953,136.93433159670866,135.57997646441785,136.8778944948935,112914000,136.93433159670866,125.54329944627496,False,False,,,,,,False
2013-07-25,136.1845703125,136.30550166418166,135.38647997610434,135.6122037380165,111088600,136.93433159670866,125.54329944627496,False,False,,,,,,False
2013-07-26,136.32972717285156,136.37003763574168,135.0479356397186,135.6122452171017,107814600,136.93433159670866,125.54329944627496,False,False,,,,,,False
2013-07-29,135.91050720214844,136.2894033743944,135.5235538585233,135.98305864763594,79695000,136.93433159670866,125.54329944627496,False,False,,,,,,False
2013-07-30,135.91050720214844,136.46675955293614,135.58804813263163,136.3216566619611,85209600,136.93433159670866,125.54329944627496,False,False,,,,,,False
2013-07-31,136.00721740722656,136.92623903405266,135.82986127739858,136.19263070622068,142388700,136.93433159670866,125.54329944627496,False,False,,,,,,False
2013-08-01,137.5792236328125,137.70014267292245,136.9665343601985,137.0390980852858,110438400,137.70014267292245,125.54329944627496,False,False,,,,,,False
2013-08-02,137.81307983398438,137.82920648181647,137.08754059490587,137.2729539913765,91116700,137.82920648181647,125.54329944627496,False,False,,,,,,False
2013-08-05,137.61146545410156,137.8210748596066,137.3293169251069,137.50667305237047,54072700,137.82920648181647,125.54329944627496,False,False,,,,,,False
2013-08-06,136.8295135498047,137.64374290460222,136.5231811588432,137.3454553830817,87495000,137.82920648181647,125.54329944627496,False,False,,,,,,False
2013-08-07,136.3861083984375,136.58764834746063,135.87823609159437,136.39417786905267,84854700,137.82920648181647,125.54329944627496,False,False,,,,,,False
2013-08-08,136.88595581054688,137.19228821306564,136.1845883209106,137.03105869052564,102181300,137.82920648181647,125.54329944627496,False,False,,,,,,False
2013-08-09,136.49093627929688,137.1278095148996,136.01530487110327,136.70860290547972,91757700,137.82920648181647,125.54329944627496,False,False,,,,,,False
2013-08-12,136.32972717285156,136.49095672338584,135.7412337779396,135.80572805835857,68593300,137.82920648181647,125.54329944627496,False,False,,,,,,False
2013-08-13,136.7327423095703,136.96652320174422,135.7653531644384,136.57151283555174,80806000,137.82920648181647,125.54329944627496,False,False,,,,,,False
2013-08-14,136.03140258789062,136.88592996694234,135.99914930885748,136.66826338704485,79829200,137.82920648181647,125.54329944627496,False,False,,,,,,False
2013-08-15,134.1288604736328,134.9753183534803,133.89506726221066,134.95920401553636,152931800,137.82920648181647,125.54329944627496,False,False,,,,,,False
2013-08-16,133.68548583984375,134.3304161628655,133.4194516203089,133.8708991561173,130868200,137.82920648181647,125.54329944627496,False,False,,,,,,False
2013-08-19,132.8309783935547,133.9918506896117,132.82290892139966,133.53233361366222,96437600,137.82920648181647,125.54329944627496,False,False,,,,,,False
2013-08-20,133.48394775390625,133.98376291826875,132.90351168515232,133.04861455182933,89294400,137.82920648181647,125.54329944627496,False,False,,,,,,False
2013-08-21,132.6616668701172,133.84672286873646,132.36339165312577,133.11311443130103,159530500,137.82920648181647,125.54329944627496,False,False,,,,,,False
2013-08-22,133.87094116210938,134.06442401003375,132.92773534290305,132.93579251534825,101471400,137.82920648181647,125.54329944627496,False,False,,,,,,False
2013-08-23,134.3223419189453,134.49164088936902,133.63711346966446,134.26591712948564,90888900,137.82920648181647,125.54329944627496,False,False,,,,,,False
2013-08-26,133.82249450683594,134.87050445414155,133.73381645819424,134.4593551827031,89702100,137.82920648181647,125.54329944627496,False,False,,,,,,False
2013-08-27,131.67013549804688,133.82258156884416,131.5734002187837,132.50047944779547,158619400,137.82920648181647,125.54329944627496,False,False,,,,,,False
2013-08-28,132.1377410888672,132.6053155508931,131.4444427211778,131.61372949991028,108113000,137.82920648181647,125.54329944627496,False,False,short,,,,channel_down,True
2013-08-29,132.3472442626953,133.04859930664966,131.72649781287302,131.84742915560338,119200500,137.82920648181647,125.54329944627496,False,False,,,,,,False
2013-08-30,131.92803955078125,132.63746407454877,131.54108631100885,132.62133743509358,134928900,137.82920648181647,125.54329944627496,False,False,,,,,,False
2013-09-03,132.5246124267578,133.48394458151046,131.96836018233668,133.20178372386934,142375100,137.82920648181647,125.54329944627496,False,False,,,,,,False
2013-09-04,133.62103271484375,133.8467565522407,132.31505732690047,132.55689550909253,97389400,137.82920648181647,126.90570282997884,False,False,,,,,,False
2013-09-05,133.79031372070312,134.1450137738125,133.6048880712989,133.70163563216954,63090500,137.82920648181647,128.38093751890793,False,False,,,,,,False
2013-09-06,133.8547821044922,134.61257436575357,132.59717465006847,134.23367823512288,159756500,137.82920648181647,128.87277100287577,False,False,,,,,,False
2013-09-09,135.13661193847656,135.2172205621574,134.18533669124486,134.18533669124486,87559300,137.82920648181647,128.87277100287577,False,False,,,,,,False
2013-09-10,136.13623046875,136.16041428381618,135.64447239402944,135.95081711956766,105847200,137.82920648181647,129.16291344680752,False,False,,,,,,False
2013-09-11,136.56353759765625,136.56353759765625,135.717079199731,135.9508602532183,94545900,137.82920648181647,129.16291344680752,False,False,,,,,,False
2013-09-12,136.2008056640625,136.69256403095318,136.0153922047198,136.5152077477446,83209000,137.82920648181647,129.16291344680752,False,False,long,,,multiple_bottom,,True
2013-09-13,136.5070343017578,136.6118390073952,136.03140299328655,136.3458048091769,72727800,137.82920648181647,130.03361555359746,False,False,,,,,,False
2013-09-16,137.297119140625,138.04685440000398,137.0794524780922,137.98236011847476,106299200,138.04685440000398,131.4444427211778,False,False,,,,,,False
2013-09-17,137.9097900390625,137.94203102495953,137.41803197221537,137.41803197221537,82523300,138.04685440000398,131.4444427211778,False,False,,,,,,False
2013-09-18,139.50592041015625,139.8848164039834,137.51470522592226,137.8613479473705,203460600,139.8848164039834,131.4444427211778,False,False,,,,,,False
2013-09-19,139.2721710205078,139.9493546421324,139.1351253223639,139.88486037811944,146616900,139.9493546421324,131.4444427211778,False,False,,,,,,False
2013-09-20,138.29847717285156,139.6027217315845,138.18506513996107,139.6027217315845,132867100,139.9493546421324,131.4444427211778,False,False,,,,,,False
2013-09-23,137.65847778320312,138.24174310607728,137.2210349715388,138.11213820398058,104616500,139.9493546421324,131.4444427211778,False,False,,,,,,False
2013-09-24,137.33445739746094,138.14454681164332,137.075235212634,137.6341865251937,106333100,139.9493546421324,131.4444427211778,False,False,,,,,,False
2013-09-25,136.93746948242188,137.69895528901193,136.81596104987236,137.42352793457977,117306500,139.9493546421324,131.4444427211778,False,False,,,,,,False
2013-09-26,137.46408081054688,137.85292028564754,136.9456240567513,137.16435166942597,77146900,139.9493546421324,131.4444427211778,False,False,,,,,,False
2013-09-27,136.83218383789062,137.01850091201436,136.4757425754059,136.77547165477645,99141800,139.9493546421324,131.4444427211778,False,False,,,,,,False
2013-09-30,136.1030731201172,136.53241937909394,135.4063959593471,135.67372686114044,143937000,139.9493546421324,131.4444427211778,False,False,,,,,,False
2013-10-01,137.1805419921875,137.31015926845754,136.07072342146168,136.2084371421297,127160000,139.9493546421324,131.4444427211778,False,False,,,,,,False
2013-10-02,137.0509033203125,137.18052057634745,135.95729017009504,136.3785400717177,113350000,139.9493546421324,131.4444427211778,False,False,,,,,,False
2013-10-03,135.78717041015625,136.8564942658874,135.1553017175814,136.7349734490185,176698000,139.9493546421324,131.4444427211778,False,False,,,,,,False
2013-10-04,136.81594848632812,136.95366215089825,135.71422680878848,135.8924474008154,96878000,139.9493546421324,131.4444427211778,False,False,,,,,,False
2013-10-07,135.6332550048828,136.4595496094622,135.48744485400667,135.6251585612728,96295000,139.9493546421324,131.4444427211778,False,False,,,,,,False
2013-10-08,134.05360412597656,135.787195124384,133.95639734357496,135.60897444932473,178015000,139.9493546421324,131.4444427211778,False,False,,,,,,False
2013-10-09,134.15081787109375,134.6368641245276,133.2840162262781,134.31283328890504,168973000,139.9493546421324,131.4444427211778,False,False,,,,,,False
2013-10-10,137.04287719726562,137.11578230582649,135.47130115412753,135.51990455983477,195955000,139.9493546421324,131.4444427211778,False,False,,,,,,False
2013-10-11,137.92581176757812,137.97442751303237,136.71878651659537,136.83219853402292,105040000,139.9493546421324,131.4444427211778,False,False,,,,,,False
2013-10-14,138.47671508789062,138.59012713490094,136.9699479713332,137.07526357248065,112106000,139.9493546421324,131.4444427211778,False,False,,,,,,False
2013-10-15,137.47213745117188,138.6467643419038,137.28582039260957,138.12830773822307,155485000,139.9493546421324,131.4444427211778,False,False,,,,,,False
2013-10-16,139.39208984375,139.46499492355986,138.23365556695407,138.2984642026684,161676000,139.9493546421324,131.4444427211778,False,False,,,,,,False
2013-10-17,140.32373046875,140.404744378322,138.80075796790356,138.82505966857775,129389000,140.404744378322,131.4444427211778,False,False,,,,,,False
2013-10-18,141.27149963378906,141.36870641292285,140.558616957517,140.84215321130267,138316000,141.36870641292285,131.4444427211778,False,False,,,,,,False
2013-10-21,141.2795867919922,141.56312302714088,140.96365241958983,141.32009373429676,104104000,141.56312302714088,131.4444427211778,False,False,,,,,,False
2013-10-22,142.0977325439453,142.5189699776601,141.30383632298842,141.69268799238807,126663000,142.5189699776601,131.4444427211778,False,False,,,,,,False
2013-10-23,141.41732788085938,141.67655008935765,140.92317279864417,141.6117414469869,105484000,142.5189699776601,131.4444427211778,False,False,,,,,,False
2013-10-24,141.8871612548828,142.06538192154537,141.36870450486006,141.70084414372974,70350000,142.5189699776601,131.4444427211778,False,False,,,,,,False
2013-10-25,142.53524780273438,142.57575475071283,141.9033789694225,142.1788064381,93625000,142.57575475071283,131.4444427211778,False,False,,,,,,False
2013-10-28,142.76206970214844,142.95649563289044,142.33272325428825,142.48664223766923,84979000,142.95649563289044,131.4444427211778,False,False,,,,,,False
2013-10-29,143.52359008789062,143.58030229993648,142.8836246663016,143.08614709048632,87401000,143.58030229993648,131.4444427211778,False,False,,,,,,False
2013-10-30,142.81065368652344,143.79896373509314,142.3003057742827,143.69366051944706,140002000,143.79896373509314,131.4444427211778,False,False,,,,,,False
2013-10-31,142.40570068359375,143.29680453426857,142.19508175570294,142.69733354736084,133795000,143.79896373509314,131.4444427211778,False,False,,,,,,False
2013-11-01,142.74588012695312,143.06991099139654,141.94388705012577,142.59196113999772,142805000,143.79896373509314,131.4444427211778,False,False,,,,,,False
2013-11-04,143.24813842773438,143.30483826924143,142.55955735710157,143.13472638373452,85677000,143.79896373509314,131.4444427211778,False,False,,,,,,False
2013-11-05,142.79449462890625,143.18333416868427,142.22743439152453,142.68917902732602,85825000,143.79896373509314,131.4444427211778,False,False,,,,,,False
2013-11-06,143.52359008789062,143.79092117113294,143.01322962342908,143.4101780247867,87348000,143.79896373509314,131.4444427211778,True,False,long,,,multiple_bottom,,True
2013-11-07,141.70892333984375,143.90427090598493,141.57120963436367,143.79085889200235,157000000,143.90427090598493,131.54108631100885,False,False,,,,,,False
2013-11-08,143.6207733154297,143.63697856778035,141.64416516314867,141.66035805451358,136713000,143.90427090598493,131.54108631100885,False,False,,,,,,False
2013-11-11,143.64505004882812,143.81516189085715,143.31291044736614,143.48302228939517,62614000,143.90427090598493,131.96836018233668,False,False,,,,,,False
2013-11-12,143.3533935546875,143.67742429771812,142.87543152139364,143.3371883092418,83990000,143.90427090598493,132.31505732690047,False,False,,,,,,False
2013-11-13,144.5037841796875,144.54427877016315,142.64867210721937,142.64867210721937,103844000,144.54427877016315,132.59717465006847,False,False,,,,,,False
2013-11-14,145.2246856689453,145.346194097294,144.398391273236,144.6333116883699,103435000,145.346194097294,132.59717465006847,False,False,,,,,,False
2013-11-15,145.85659790039062,145.91329773027434,145.27333254767805,145.45964964727193,102818000,145.91329773027434,133.2840162262781,False,False,,,,,,False
2013-11-18,145.34629821777344,146.22119661156566,145.02226726940077,146.099688096173,104796000,146.22119661156566,133.2840162262781,False,False,,,,,,False
2013-11-19,145.03030395507812,145.71077608285606,144.7791782194208,145.27333324670832,93891000,146.22119661156566,133.2840162262781,False,False,,,,,,False
2013-11-20,144.57669067382812,145.75941455763777,144.17974232324204,145.3219716161844,124909000,146.22119661156566,133.2840162262781,False,False,,,,,,False
2013-11-21,145.74319458007812,145.8566066075991,144.8925981931789,144.9817085263014,92841000,146.22119661156566,133.2840162262781,False,False,,,,,,False
2013-11-22,146.4722900390625,146.4884952911917,145.62980234312766,145.79991422703475,81296000,146.4884952911917,133.2840162262781,False,False,,,,,,False
2013-11-25,146.3264617919922,146.76390465760306,146.1158306232672,146.73150651832913,79486000,146.76390465760306,133.2840162262781,False,False,,,,,,False
2013-11-26,146.36691284179688,146.80436793827917,146.14819765453612,146.39932333241504,86994000,146.80436793827917,133.2840162262781,False,False,,,,,,False
2013-11-27,146.72341918945312,146.82063834347363,146.34267610208633,146.5208967966404,58800000,146.82063834347363,133.2840162262781,False,False,,,,,,False
2013-11-29,146.62615966796875,147.23372662791888,146.46414428417833,146.88539417081856,55870900,147.23372662791888,133.2840162262781,False,False,,,,,,False
2013-12-02,146.2454376220703,146.97451313383309,146.01861358014486,146.69908570592122,99726000,147.23372662791888,133.2840162262781,False,False,,,,,,False
2013-12-03,145.6135711669922,146.1320278939541,145.1437178267793,145.76749013235303,116563000,147.23372662791888,133.2840162262781,False,False,,,,,,False
2013-12-04,145.5973358154297,146.20490274614454,144.47942106838136,145.0869879990962,123033000,147.23372662791888,133.2840162262781,False,False,,,,,,False
2013-12-05,144.9573974609375,145.60547144529767,144.81968374792072,145.33814046321223,106934000,147.23372662791888,133.2840162262781,False,False,,,,,,False
2013-12-06,146.57754516601562,146.71525884983626,145.93756776128268,146.35881761595672,127728000,147.23372662791888,133.2840162262781,False,False,,,,,,False
2013-12-09,146.95021057128906,147.1689381679169,146.7557970284938,147.00692276192646,70124000,147.23372662791888,133.2840162262781,True,False,short,,,,,True
2013-12-10,146.42367553710938,146.9178306211899,146.33456519863634,146.60999265901313,80976000,147.23372662791888,133.2840162262781,False,False,,,,,,False
2013-12-11,144.77915954589844,146.5046536968381,144.60093891242195,146.48035200690782,130591000,147.23372662791888,133.2840162262781,False,False,,,,,,False
2013-12-12,144.3012237548828,144.8925855352242,144.00148228184716,144.7143648845488,115565000,147.23372662791888,133.2840162262781,False,False,,,,,,False
2013-12-13,144.28504943847656,144.7306011606833,144.00962195965255,144.60098386677126,107808000,147.23372662791888,133.2840162262781,False,False,,,,,,False
2013-12-16,145.18421936035156,145.66216912688813,144.92498482603708,144.96549176714657,96195000,147.23372662791888,133.2840162262781,False,False,,,,,,False
2013-12-17,144.72251892089844,145.33819499950758,144.39848798762148,145.31389329756118,89886000,147.23372662791888,133.2840162262781,False,False,,,,,,False
2013-12-18,147.19322204589844,147.2175237358066,143.6450393485082,144.94117480054305,234906000,147.23372662791888,133.2840162262781,False,False,long,,,multiple_bottom,,True
2013-12-19,147.02308654785156,147.19319834982306,146.3912179899981,146.77194852426086,136531200,147.23372662791888,135.47130115412753,False,False,,,,,,False
2013-12-20,147.87841796875,148.22865422086136,147.07208291900074,147.16981748791608,197087000,148.22865422086136,136.71878651659537,False,False,,,,,,False
2013-12-23,148.66842651367188,148.75802065033915,148.29376916258687,148.6032660117234,85598000,148.75802065033915,136.9699479713332,False,False,,,,,,False
2013-12-24,148.99415588378906,149.05931635918623,148.66836593489325,148.67650633378418,45368800,149.05931635918623,137.28582039260957,False,False,,,,,,False
2013-12-26,149.7516632080078,149.8331169243284,149.31184545291643,149.32812625370678,63365000,149.8331169243284,138.23365556695407,False,False,,,,,,False
2013-12-27,149.7434844970703,150.01225435036298,149.5887299325091,149.94710630768472,61814000,150.01225435036298,138.80075796790356,False,False,,,,,,False
2013-12-30,149.7190704345703,149.88196541872597,149.52358899672913,149.75978485954124,56857000,150.01225435036298,140.558616957517,False,False,,,,,,False
2013-12-31,150.4276580810547,150.4276580810547,149.8086397928397,149.92267994327057,86119900,150.4276580810547,140.92317279864417,False,False,,,,,,False
2014-01-02,148.9860382080078,149.92270620309975,148.62766175270946,149.84939288954016,119636900,150.4276580810547,140.92317279864417,False,False,,,,,,False
2014-01-03,148.96160888671875,149.5399004432335,148.74984662432476,149.2385316363322,81390600,150.4276580810547,140.92317279864417,False,False,,,,,,False
2014-01-06,148.52993774414062,149.5073202371162,148.30188224338275,149.45031257597307,108028200,150.4276580810547,141.36870450486006,False,False,,,,,,False
2014-01-07,149.44210815429688,149.69459719810376,149.01043093202932,149.12445864304172,86144200,150.4276580810547,141.57120963436367,False,False,,,,,,False
2014-01-08,149.4747314453125,149.7272205513541,148.9616004052335,149.41771136170752,96582300,150.4276580810547,141.57120963436367,False,False,,,,,,False
2014-01-09,149.5724639892578,149.97156728496907,148.88829756354536,149.95527405728316,90683400,150.4276580810547,141.57120963436367,False,False,,,,,,False
2014-01-10,149.9797821044922,150.04494261947707,149.05940691896495,149.8250274349153,102026400,150.4276580810547,141.57120963436367,False,False,,,,,,False
2014-01-13,147.98423767089844,150.0123036166887,147.6991620711795,149.59691946072888,149892000,150.4276580810547,141.57120963436367,False,False,,,,,,False
2014-01-14,149.59690856933594,149.67836228563772,148.19598915997224,148.47291191045076,105016100,150.4276580810547,141.57120963436367,False,False,,,,,,False
2014-01-15,150.4032440185547,150.63129949289848,149.62948348573894,149.94713306986714,98525800,150.63129949289848,141.57120963436367,False,False,,,,,,False
2014-01-16,150.20777893066406,150.4032603991451,149.72723430225238,150.0937511810733,72290600,150.63129949289848,141.57120963436367,False,False,,,,,,False
2014-01-17,149.5724639892578,150.23219678748706,149.31183448673983,149.94713365748586,107848700,150.63129949289848,141.57120963436367,False,False,,,,,,False
2014-01-21,150.0122833251953,150.49284033641243,149.091921014551,150.43582025294424,88621200,150.63129949289848,141.57120963436367,False,False,,,,,,False
2014-01-22,150.1100311279297,150.32994620699998,149.79238153731325,150.26478572327207,61270900,150.63129949289848,141.64416516314867,False,False,,,,,,False
2014-01-23,148.88009643554688,149.37693408000547,148.09005535641168,149.35250046044908,132496900,150.63129949289848,142.64867210721937,False,False,,,,,,False
2014-01-24,145.70364379882812,147.95977727310236,145.65477654556653,147.91091001984074,208677100,150.63129949289848,142.64867210721937,False,False,,,,,,False
2014-01-27,144.9869384765625,146.2168227512866,144.26204498331438,145.84215297329442,180843100,150.63129949289848,142.64867210721937,False,False,,,,,,False
2014-01-28,145.8502655029297,146.03759412611657,145.07649252610918,145.0927857540663,110463200,150.63129949289848,143.6450393485082,False,False,,,,,,False
2014-01-29,144.4493408203125,145.42672318396913,144.06653076009923,144.636669436558,216597300,150.63129949289848,143.6450393485082,False,False,,,,,,False
2014-01-30,145.98056030273438,146.45296444429718,145.19050660040745,145.65477034280363,118938100,150.63129949289848,143.6450393485082,False,False,,,,,,False
2014-01-31,145.1254119873047,146.02949382872978,144.09916196248267,144.1724628725208,194677900,150.63129949289848,143.6450393485082,False,False,,,,,,False
2014-02-03,141.85928344726562,145.28012839083854,141.58236068574,144.9543383688193,254837100,150.63129949289848,141.58236068574,False,False,,,,,,False
2014-02-04,142.85292053222656,143.2194373148863,141.81037783003967,142.4945441480831,165012400,150.63129949289848,141.58236068574,False,False,,,,,,False
2014-02-05,142.67372131347656,142.9913708243104,141.4845769613657,142.35607180264273,164230500,150.63129949289848,141.4845769613657,False,False,,,,,,False
2014-02-06,144.55523681640625,144.55523681640625,142.71449955584774,143.0077155505298,132877600,150.63129949289848,141.4845769613657,False,False,,,,,,False
2014-02-07,146.3470916748047,146.501846271,144.75884371296883,145.23124790153133,170787200,150.63129949289848,141.4845769613657,False,False,,,,,,False
2014-02-10,146.6159210205078,146.66480072031405,145.96434082690462,146.36343183127224,92218800,150.63129949289848,141.4845769613657,False,False,,,,,,False
2014-02-11,148.22044372558594,148.59511347416768,146.64033585963966,146.7380828186271,117814100,150.63129949289848,141.4845769613657,False,False,,,,,,False
2014-02-12,148.29376220703125,148.91276830436547,148.00054617606358,148.4403640084679,94717700,150.63129949289848,141.4845769613657,False,False,,,,,,False
2014-02-13,149.05934143066406,149.21409603225047,147.28376478278057,147.2919051830407,100542200,150.63129949289848,141.4845769613657,False,False,short,,,,channel_down,True
2014-02-14,149.88201904296875,150.15894185791888,148.7824557573617,148.92091716483674,96498400,150.63129949289848,141.4845769613657,False,False,,,,,,False
2014-02-18,150.0612030029297,150.2648249071427,149.580645863635,150.012323306319,80460900,150.63129949289848,141.4845769613657,False,False,,,,,,False
2014-02-19,149.06752014160156,150.63947520309236,148.94533954793346,149.6702329958919,126524300,150.63947520309236,141.4845769613657,False,False,,,,,,False
2014-02-20,149.94717407226562,150.28925737732246,148.7254426564506,149.2711478641433,104998100,150.63947520309236,141.4845769613657,False,False,,,,,,False
2014-02-21,149.77610778808594,150.59059529847372,149.70280689489337,150.2322188054082,118116400,150.63947520309236,141.4845769613657,False,False,,,,,,False
2014-02-24,150.60691833496094,151.61687509374138,150.0286266197757,150.09378712487373,114063900,151.61687509374138,141.4845769613657,False,False,,,,,,False
2014-02-25,150.5498046875,151.16067006162186,150.05296701942407,150.72899285815612,117085000,151.61687509374138,141.4845769613657,False,False,,,,,,False
2014-02-26,150.55807495117188,151.1689408017802,150.13453781488278,150.76983730526763,98677200,151.61687509374138,141.4845769613657,False,False,,,,,,False
2014-02-27,151.34805297851562,151.38876740559726,150.16703631895672,150.33808413944655,93880800,151.61687509374138,141.4845769613657,False,False,,,,,,False
2014-02-28,151.73086547851562,152.43132520058063,150.720908968626,151.32362174308466,150842000,152.43132520058063,141.4845769613657,False,False,,,,,,False
2014-03-03,150.66390991210938,151.04672007110028,149.6620936629665,150.39512751783317,167748500,152.43132520058063,141.4845769613657,False,False,,,,,,False
2014-03-04,152.7815399169922,153.10732988855494,152.10551391931324,152.13808794523322,167545900,153.10732988855494,141.4845769613657,False,False,,,,,,False
2014-03-05,152.92001342773438,153.1806553681685,152.67566471560033,152.9118730276302,88376900,153.1806553681685,141.4845769613657,False,False,,,,,,False
2014-03-06,153.2702178955078,153.62045390567678,152.9444279387792,153.29466394894817,82516500,153.62045390567678,141.4845769613657,False,False,,,,,,False
2014-03-07,153.3353729248047,153.90552397095885,152.6593469819248,153.90552397095885,114513500,153.90552397095885,141.4845769613657,False,False,,,,,,False
2014-03-10,153.25393676757812,153.31094441724238,152.37428897259537,153.09918218863345,74939200,153.90552397095885,141.4845769613657,False,False,,,,,,False
2014-03-11,152.49642944335938,153.70187940384767,152.14620592554837,153.4819643879617,99009100,153.90552397095885,141.4845769613657,False,False,,,,,,False
2014-03-12,152.53717041015625,152.59419048284911,151.41317403388285,151.75526961386186,104824400,153.90552397095885,141.4845769613657,False,False,,,,,,False
2014-03-13,150.82676696777344,153.11548694372624,150.4032424786662,152.99330637994862,155014300,153.90552397095885,141.4845769613657,False,False,,,,,,False
2014-03-14,150.4032440185547,151.33175914355184,150.22405579898583,150.5579986107361,153919600,153.90552397095885,141.4845769613657,False,False,,,,,,False
2014-03-17,151.7634735107422,152.12185003736062,151.09558772420888,151.1607482225117,98359500,153.90552397095885,141.4845769613657,False,False,,,,,,False
2014-03-18,152.84674072265625,153.05036261562748,151.9100725581322,152.07298001498444,101804600,153.90552397095885,141.4845769613657,False,False,,,,,,False
2014-03-19,152.0322723388672,153.0748155682124,151.0630300175004,152.8630408188139,176267300,153.90552397095885,141.4845769613657,False,False,,,,,,False
2014-03-20,152.92001342773438,153.03404116965137,151.42949995461768,151.69828229515593,117241000,153.90552397095885,141.4845769613657,False,False,,,,,,False
2014-03-21,152.32688903808594,154.63388662027313,152.18781657491718,153.5622010347812,163128000,154.63388662027313,141.4845769613657,False,False,,,,,,False
2014-03-24,151.6969757080078,153.03864249391873,151.03433112610145,152.8504746010008,121411000,154.63388662027313,141.4845769613657,False,False,,,,,,False
2014-03-25,152.4169158935547,152.93231175257702,151.5661157684969,152.46599883575763,103852000,154.63388662027313,141.4845769613657,False,False,,,,,,False
2014-03-26,151.32069396972656,153.25954515354508,151.2797873554504,153.0141179508342,119843000,154.63388662027313,141.4845769613657,False,False,,,,,,False
2014-03-27,151.00161743164062,151.62335542401766,150.4453150317715,151.1406899108719,142383000,154.63388662027313,141.4845769613657,False,False,,,,,,False
2014-03-28,151.74607849121094,152.5068889790868,151.3452137016008,151.4352032469033,101642000,154.63388662027313,141.4845769613657,False,False,,,,,,False
2014-03-31,152.98956298828125,153.22681384039464,151.77062837778104,152.7114180084438,99745000,154.63388662027313,141.4845769613657,False,False,,,,,,False
2014-04-01,154.00396728515625,154.09395682246264,152.98136458073952,153.48857152758842,89193000,154.63388662027313,141.4845769613657,False,False,,,,,,False
2014-04-02,154.51937866210938,154.7238992236664,153.91399330604057,154.2003270853982,78774000,154.7238992236664,141.4845769613657,False,False,,,,,,False
2014-04-03,154.31483459472656,154.79750005057303,153.84034546623693,154.7565934479038,77435000,154.79750005057303,141.4845769613657,False,False,,,,,,False
2014-04-04,152.4905548095703,155.19022923399805,152.24514007521518,155.15751143039964,169381000,155.19022923399805,141.4845769613657,False,False,,,,,,False
2014-04-07,150.80520629882812,152.37592196397569,150.49434368202938,152.12231858595362,140803000,155.19022923399805,141.4845769613657,False,False,,,,,,False
2014-04-08,151.42698669433594,151.67240131365764,150.19167485669212,150.73978831141224,112660000,155.19022923399805,141.4845769613657,False,False,,,,,,False
2014-04-09,153.05499267578125,153.10407560950767,151.39428684233843,151.8360582117633,100254000,155.19022923399805,141.4845769613657,False,False,,,,,,False
2014-04-10,149.8399200439453,153.12042476259234,149.65175217371413,153.0468003696891,172959000,155.19022923399805,141.4845769613657,False,False,,,,,,False
2014-04-11,148.49009704589844,150.0526370587238,148.32648310092503,149.00549283136132,167251000,155.19022923399805,141.4845769613657,False,False,,,,,,False
2014-04-14,149.65992736816406,150.01169664643808,148.43280433298128,149.65173855884726,132382000,155.19022923399805,141.4845769613657,False,False,,,,,,False
2014-04-15,150.6907501220703,150.79710481064313,148.49010684062873,149.9708462201121,157093000,155.19022923399805,141.4845769613657,False,False,,,,,,False
2014-04-16,152.2696075439453,152.2777838701344,151.05883718915592,151.7296704248858,105197000,155.19022923399805,141.4845769613657,False,False,,,,,,False
2014-04-17,152.4822998046875,152.90770592965532,151.80329026310395,152.06508248860428,105255000,155.19022923399805,142.71449955584774,False,False,,,,,,False
2014-04-21,153.01405334472656,153.06314875089635,152.33505626280422,152.52321162949568,68329000,155.19022923399805,144.75884371296883,False,False,,,,,,False
2014-04-22,153.7094268798828,154.12664420710774,153.08768905212673,153.16948976257478,85790000,155.19022923399805,145.96434082690462,False,False,,,,,,False
2014-04-23,153.34950256347656,153.73400218776277,153.22679522931858,153.65220145930527,73869000,155.19022923399805,146.64033585963966,False,False,,,,,,False
2014-04-24,153.66036987304688,154.11849387423234,152.92408845719066,154.10212873620637,88170000,155.19022923399805,147.28376478278057,False,False,,,,,,False
2014-04-25,152.40054321289062,153.25135577880604,152.05695015152114,153.161366228237,100380000,155.19022923399805,147.28376478278057,False,False,long,,,multiple_bottom,,True
2014-04-28,152.88327026367188,153.5459151289749,151.31255327255937,153.0223427986041,135121000,155.19022923399805,148.32648310092503,False,False,,,,,,False
2014-04-29,153.5949249267578,153.83216325971566,153.0468113796994,153.37403924921566,84098000,155.19022923399805,148.32648310092503,False,False,,,,,,False
2014-04-30,154.05303955078125,154.2084771483607,153.12860277545644,153.34131211233034,101508000,155.19022923399805,148.32648310092503,False,False,,,,,,False
2014-05-01,154.06936645507812,154.4865837321972,153.57851231957633,153.9793769463341,93019000,155.19022923399805,148.32648310092503,False,False,,,,,,False
2014-05-02,153.84854125976562,154.73207156085408,153.6194792353661,154.05306181604692,98122000,155.19022923399805,148.32648310092503,False,False,,,,,,False
2014-05-05,154.14303588867188,154.24939056180534,152.67048553465878,153.09589174424988,75883000,155.19022923399805,148.32648310092503,False,False,,,,,,False
2014-05-06,152.8013916015625,153.90580755956634,152.768673806211,153.79945287952256,85454000,155.19022923399805,148.32648310092503,False,False,,,,,,False
2014-05-07,153.70130920410156,153.77493361648112,152.17148678796886,153.31680951774774,106500000,155.19022923399805,148.32648310092503,False,False,,,,,,False
2014-05-08,153.5376739501953,154.6584551449093,153.04683207953374,153.5622279025259,93618000,155.19022923399805,148.32648310092503,False,False,,,,,,False
2014-05-09,153.7667236328125,153.83215921864235,152.842286825446,153.5622030990017,83679000,155.19022923399805,148.32648310092503,False,False,,,,,,False
2014-05-12,155.2637939453125,155.3374308202477,153.79943250069925,154.4539006675034,86940000,155.3374308202477,148.32648310092503,False,False,,,,,,False
2014-05-13,155.4029083251953,155.77921916641125,155.2474707018018,155.46834391962423,66454000,155.77921916641125,148.32648310092503,False,False,,,,,,False
2014-05-14,154.66661071777344,155.3374440788146,154.44572503999854,155.26380719759425,72367000,155.77921916641125,148.32648310092503,False,False,,,,,,False
2014-05-15,153.30859375,154.38846820681275,152.55595965113503,154.3557379295463,154956000,155.77921916641125,148.32648310092503,False,False,,,,,,False
2014-05-16,153.8403778076172,153.9058258890584,152.75232685917896,153.3986063786252,97458000,155.77921916641125,148.32648310092503,False,False,,,,,,False
2014-05-19,154.4048309326172,154.52753826309055,153.40676970162357,153.5458421704744,63839000,155.77921916641125,148.32648310092503,False,False,,,,,,False
2014-05-20,153.43128967285156,154.3475375665397,153.0386137874054,154.3311724304549,111644000,155.77921916641125,148.32648310092503,False,False,,,,,,False
2014-05-21,154.72389221191406,154.79751661483144,153.8485382563058,153.87307972394493,89093000,155.77921916641125,148.32648310092503,False,False,,,,,,False
2014-05-22,155.1002197265625,155.41927132314513,154.50302314484532,154.7648029888116,61549000,155.77921916641125,148.32648310092503,False,False,,,,,,False
2014-05-23,155.72193908691406,155.82828127585574,155.10018867644254,155.23926114116836,61092800,155.82828127585574,148.32648310092503,False,False,,,,,,False
2014-05-27,156.67910766601562,156.72819060112894,156.21279481655142,156.30278435857377,72010000,156.72819060112894,148.32648310092503,False,False,,,,,,False
2014-05-28,156.56455993652344,156.92451806617208,156.30276766661805,156.6790909338714,66723000,156.92451806617208,148.32648310092503,False,False,,,,,,False
2014-05-29,157.37451171875,157.39905319280436,156.5237114913225,156.92457637245548,64377000,157.39905319280436,148.32648310092503,False,False,,,,,,False
2014-05-30,157.62808227539062,157.7262606340029,157.09633380493088,157.2272299611176,76316000,157.7262606340029,148.32648310092503,False,False,,,,,,False
2014-06-02,157.80801391601562,157.8816507835681,157.0472036424796,157.84892051289128,64656000,157.8816507835681,148.32648310092503,False,False,,,,,,False
2014-06-03,157.72622680664062,157.8080275245052,157.27627916808893,157.4235279500103,65047000,157.8816507835681,148.32648310092503,False,False,,,,,,False
2014-06-04,158.0452423095703,158.1352318167783,157.292608468803,157.4562223501978,55529000,158.1352318167783,148.32648310092503,False,False,,,,,,False
2014-06-05,159.07606506347656,159.2396789901949,157.6444213595418,158.2252651547757,92103000,159.2396789901949,148.32648310092503,False,False,,,,,,False
2014-06-06,159.83689880371094,159.8777929259675,159.34604450719908,159.41966890679285,78696000,159.8777929259675,148.32648310092503,False,False,,,,,,False
2014-06-09,160.00050354003906,160.38500313750757,159.66508687281035,159.81234814647232,65119000,160.38500313750757,148.32648310092503,False,False,,,,,,False
2014-06-10,160.01693725585938,160.0496550623935,159.46063468119564,159.80422782306974,57129000,160.38500313750757,148.32648310092503,False,False,,,,,,False
2014-06-11,159.4605712890625,159.62418522258577,159.10061314554554,159.44420615082728,68772000,160.38500313750757,148.32648310092503,False,False,,,,,,False
2014-06-12,158.33160400390625,159.36239543809344,157.97983469302423,159.27240590785397,106350000,160.38500313750757,148.32648310092503,False,False,,,,,,False
2014-06-13,158.81427001953125,158.96970760401015,158.1352604300894,158.64246729907003,82017000,160.38500313750757,148.32648310092503,False,False,,,,,,False
2014-06-16,158.94517517089844,159.28059184775586,158.42979190564304,158.6179473046111,87424000,160.38500313750757,148.32648310092503,False,False,,,,,,False
2014-06-17,159.38697814941406,159.50150917363575,158.55253069697284,158.72433347477812,84834000,160.38500313750757,148.32648310092503,False,False,,,,,,False
2014-06-18,160.5568084716797,160.64679801321802,159.03517507663227,159.38695691462527,105267000,160.64679801321802,148.32648310092503,False,False,,,,,,False
2014-06-19,160.7367706298828,160.83494897218745,160.18048078290715,160.69586402750107,85929000,160.83494897218745,148.32648310092503,False,False,,,,,,False
2014-06-20,161.0631866455078,161.1947100678472,160.8659015119987,161.13716386703726,100587000,161.1947100678472,148.32648310092503,False,False,,,,,,False
2014-06-23,161.0137939453125,161.15353281330988,160.71787265344807,161.10421468845882,70611000,161.1947100678472,148.32648310092503,False,False,,,,,,False
2014-06-24,160.04380798339844,161.52341428694473,159.8629665161452,160.72607123844358,96237000,161.52341428694473,148.43280433298128,False,False,,,,,,False
2014-06-25,160.7672119140625,160.93160986609848,159.67394734602163,159.70682191932494,82782000,161.52341428694473,148.49010684062873,False,False,,,,,,False
2014-06-26,160.6521453857422,160.80832784306483,159.57532428663652,160.79188428367277,84312000,161.52341428694473,151.05883718915592,False,False,,,,,,False
2014-06-27,160.96449279785156,161.01381092790436,160.20002415375518,160.27400134883436,71445100,161.52341428694473,151.31255327255937,False,False,,,,,,False
2014-06-30,160.88226318359375,161.25216164572015,160.72608076691077,160.8658196284804,70201200,161.52341428694473,151.31255327255937,False,False,,,,,,False
2014-07-01,161.95909118652344,162.4522975197408,161.21929422945547,161.27682786076792,90470000,162.4522975197408,151.31255327255937,False,False,,,,,,False
2014-07-02,162.12350463867188,162.32900520672774,161.9015730559582,161.97555025019608,52475000,162.4522975197408,151.31255327255937,False,False,,,,,,False
2014-07-03,162.92079162597656,162.99476879468665,162.46047251921829,162.58376780040177,52938800,162.99476879468665,151.31255327255937,False,False,,,,,,False
2014-07-07,162.3536834716797,162.74002558873494,162.11530830335832,162.60851474212353,61696000,162.99476879468665,151.31255327255937,False,False,,,,,,False
2014-07-08,161.30972290039062,162.11528157766247,160.91515279732144,162.0577354007637,108143000,162.99476879468665,151.31255327255937,False,False,long,,,multiple_bottom,,True
2014-07-09,162.03306579589844,162.18103271061287,161.36724603657817,161.71248544723468,72992000,162.99476879468665,152.17148678796886,False,False,,,,,,False
2014-07-10,161.39193725585938,161.8193819868319,160.33977525866578,160.4712986440051,99040000,162.99476879468665,152.17148678796886,False,False,,,,,,False
2014-07-11,161.6138916015625,161.72897143530793,160.93162810765705,161.29331116878873,64243000,162.99476879468665,152.17148678796886,False,False,,,,,,False
2014-07-14,162.42764282226562,162.64135888293202,162.2961194575055,162.43585832902872,58658000,162.99476879468665,152.17148678796886,False,False,,,,,,False
2014-07-15,162.12350463867188,162.83865514458265,161.40836667552037,162.52629026745473,111307000,162.99476879468665,152.17148678796886,False,False,,,,,,False
2014-07-16,162.7235870361328,162.97017770133462,162.27969875324916,162.8468823687337,79986400,162.99476879468665,152.17148678796886,True,False,short,,,,,True
2014-07-17,160.8740692138672,162.83865413053695,160.6438970397394,162.22215243020847,145398000,162.99476879468665,152.17148678796886,False,False,,,,,,False
2014-07-18,162.5181121826172,162.6825101663654,161.3097675607865,161.40018833326232,124330000,162.99476879468665,152.55595965113503,False,False,,,,,,False
2014-07-21,162.21389770507812,162.34542105644886,161.46587275475883,162.00839717209527,67592000,162.99476879468665,152.55595965113503,False,False,,,,,,False
2014-07-22,162.92079162597656,163.21671284357188,162.64952946461796,162.7646092413075,67678000,163.21671284357188,152.55595965113503,False,False,,,,,,False
2014-07-23,163.28253173828125,163.45515773519847,162.83865602768742,163.16745192125623,65612000,163.45515773519847,152.55595965113503,False,False,,,,,,False
2014-07-24,163.290771484375,163.6277954781041,163.1263735131875,163.43873843837656,56888000,163.6277954781041,152.55595965113503,False,False,,,,,,False
2014-07-25,162.52627563476562,162.97015130298888,162.20569527917155,162.8304124344231,76837000,163.6277954781041,152.55595965113503,False,False,,,,,,False
2014-07-28,162.59205627441406,162.8304314208784,161.62208704518352,162.5591691587061,69259000,163.6277954781041,152.75232685917896,False,False,,,,,,False
2014-07-29,161.8932647705078,163.12626756775884,161.86860571798306,162.89610804902557,80466000,163.6277954781041,153.0386137874054,False,False,,,,,,False
2014-07-30,161.9180450439453,162.6825138727967,161.2440095323923,162.46878520056865,104222000,163.6277954781041,153.0386137874054,False,False,,,,,,False
2014-07-31,158.7204132080078,160.93160129194877,158.62177695059333,160.79186241302526,183479000,163.6277954781041,153.8485382563058,False,False,,,,,,False
2014-08-01,158.23545837402344,159.27117685889584,157.4710021800664,158.2847765100515,189261000,163.6277954781041,154.50302314484532,False,False,,,,,,False
2014-08-04,159.37799072265625,159.71501460249343,157.86550983043284,158.53954504735017,91340000,163.6277954781041,155.10018867644254,False,False,,,,,,False
2014-08-05,157.83262634277344,159.13961927751097,157.2572273534825,158.72861820762353,152690000,163.6277954781041,156.21279481655142,False,False,,,,,,False
2014-08-06,157.8820343017578,158.5560698641286,157.06824726958047,157.09290634242552,94818000,163.6277954781041,156.30276766661805,False,False,,,,,,False
2014-08-07,157.02706909179688,158.75327861709204,156.63251157332502,158.5970962023668,135733000,163.6277954781041,156.5237114913225,False,False,short,,,,channel_down,True
2014-08-08,158.8437042236328,158.95055597691146,156.9613122259156,157.3805413609767,117014000,163.6277954781041,156.63251157332502,False,False,,,,,,False
2014-08-11,159.3040771484375,160.0109997563931,159.23009993827938,159.44381605965685,74544000,163.6277954781041,156.63251157332502,False,False,,,,,,False
2014-08-12,159.0820770263672,159.59171435190075,158.59709876221382,159.14783870430017,73632000,163.6277954781041,156.63251157332502,False,False,,,,,,False
2014-08-13,160.1588592529297,160.3397006879755,159.43550605550098,159.70675566531514,69047000,163.6277954781041,156.63251157332502,False,False,,,,,,False
2014-08-14,160.9151611328125,160.9151611328125,160.274000360561,160.42196729256636,57371000,163.6277954781041,156.63251157332502,False,False,,,,,,False
2014-08-15,160.88226318359375,161.6467191691378,159.72323713187455,161.49876480139025,139951000,163.6277954781041,156.63251157332502,False,False,,,,,,False
2014-08-18,162.2303466796875,162.30432386377117,161.67960673802452,161.77002747726814,75424000,163.6277954781041,156.63251157332502,False,False,,,,,,False
2014-08-19,163.07696533203125,163.20026060665322,162.2960659929988,162.6248617538269,59135000,163.6277954781041,156.63251157332502,False,False,,,,,,False
2014-08-20,163.51271057128906,163.70999565625033,162.82223158806588,162.855106164179,72763000,163.70999565625033,156.63251157332502,False,False,,,,,,False
2014-08-21,163.98944091796875,164.20315697720568,163.5208936376791,163.65241700155954,67791000,164.20315697720568,156.63251157332502,False,False,,,,,,False
2014-08-22,163.734619140625,164.14562023790344,163.36472066162602,163.8579144527053,76107000,164.20315697720568,156.63251157332502,False,False,,,,,,False
2014-08-25,164.56484985351562,164.88543023303006,163.70174497243548,164.51553172478404,63855000,164.88543023303006,156.63251157332502,False,False,,,,,,False
2014-08-26,164.6716766357422,165.07446216652903,164.63057402357924,164.6716766357422,47298000,165.07446216652903,156.63251157332502,False,False,,,,,,False
2014-08-27,164.60592651367188,164.86897321576518,164.35110786024217,164.75388087653153,47874000,165.07446216652903,156.63251157332502,False,False,,,,,,False
2014-08-28,164.51553344726562,164.622397755809,163.89903174614776,164.06342969122733,58330000,165.07446216652903,156.63251157332502,False,False,,,,,,False
2014-08-29,164.98410034179688,165.00053135832349,164.25251873801952,164.77037169934368,65907000,165.07446216652903,156.63251157332502,False,False,,,,,,False
2014-09-02,164.90185546875,165.22243581264632,164.28535384258342,165.19777675102029,72426000,165.22243581264632,156.63251157332502,False,False,,,,,,False
2014-09-03,164.8114471435547,165.55947218324636,164.5812875225355,165.53481311976276,57462000,165.55947218324636,156.63251157332502,False,False,,,,,,False
2014-09-04,164.57301330566406,165.69915194553644,164.12090973181793,165.09086599683857,85236000,165.69915194553644,156.63251157332502,False,False,,,,,,False
2014-09-05,165.31283569335938,165.37859736365013,163.9154346922601,164.54015174588815,102177000,165.69915194553644,156.63251157332502,False,False,,,,,,False
2014-09-08,164.8854217529297,165.39507165671594,164.40044345499948,165.15668398976146,64146000,165.69915194553644,156.63251157332502,False,False,,,,,,False
2014-09-09,163.841552734375,164.85261234932295,163.50452868180454,164.7375324951237,88591000,165.69915194553644,156.63251157332502,False,False,,,,,,False
2014-09-10,164.4580078125,164.5648595834831,163.3894023033504,163.93191429423328,67251000,165.69915194553644,156.63251157332502,False,False,,,,,,False
2014-09-11,164.64712524414062,164.67178431901235,163.67715564238244,163.8004635595056,66774400,165.69915194553644,156.63251157332502,False,False,,,,,,False
2014-09-12,163.6853485107422,164.49912289211312,163.21680110336715,164.48269187424015,117409300,165.69915194553644,156.63251157332502,False,False,,,,,,False
2014-09-15,163.56199645996094,163.84148674424367,163.06880265893406,163.70996338019984,76401000,165.69915194553644,156.63251157332502,False,False,,,,,,False
2014-09-16,164.79498291015625,165.09090417758864,163.1674222106567,163.25784294633763,116201000,165.69915194553644,156.63251157332502,False,False,,,,,,False
2014-09-17,165.01693725585938,165.7813932609792,164.194935077748,165.0333808113938,151266000,165.7813932609792,156.63251157332502,False,False,,,,,,False
2014-09-18,165.89649963378906,165.92115869779673,165.30465701208695,165.51837308107312,94990000,165.92115869779673,156.63251157332502,False,False,,,,,,False
2014-09-19,165.74700927734375,166.73802028051966,165.4084099658305,166.42420790037025,121649000,166.73802028051966,156.63251157332502,False,False,,,,,,False
2014-09-22,164.4669952392578,165.48279346789252,164.12014191779434,165.4580191307446,125553000,166.73802028051966,156.63251157332502,False,False,,,,,,False
2014-09-23,163.52548217773438,164.5577879117518,163.47593351872368,163.87233539219764,111393000,166.73802028051966,156.63251157332502,False,False,,,,,,False
2014-09-24,164.80560302734375,164.9129668947046,163.120885008673,163.55031527533066,107276000,166.73802028051966,156.63251157332502,False,False,,,,,,False
2014-09-25,162.1463623046875,164.3844072199916,162.0885597223747,164.3761407072388,150300000,166.73802028051966,156.63251157332502,False,False,,,,,,False
2014-09-26,163.4346466064453,163.83931501008547,162.21240008714568,162.4436355745432,103547000,166.73802028051966,156.63251157332502,False,False,,,,,,False
2014-09-29,163.13731384277344,163.42636445276008,161.90681362636502,162.030685258424,95112000,166.73802028051966,156.63251157332502,False,False,,,,,,False
2014-09-30,162.7079315185547,163.7650117602019,162.36933215640772,163.2612459730583,131302000,166.73802028051966,156.63251157332502,False,False,,,,,,False
2014-10-01,160.50286865234375,162.50141064385912,160.13949508999806,162.44359548558327,177798000,166.73802028051966,156.63251157332502,False,False,,,,,,False
2014-10-02,160.52769470214844,161.08926304207785,158.8512309913611,160.362515683214,157285000,166.73802028051966,156.63251157332502,False,False,,,,,,False
2014-10-03,162.29498291015625,162.6418361269757,161.10576468026758,161.6012638751289,121569000,166.73802028051966,156.63251157332502,False,False,,,,,,False
2014-10-06,162.1050567626953,163.18692394586924,161.5187140602495,162.9721962508407,104778000,166.73802028051966,156.63251157332502,False,False,,,,,,False
2014-10-07,159.60272216796875,161.6343054197772,159.5696939287228,161.27093178112946,147913000,166.73802028051966,156.63251157332502,False,False,,,,,,False
2014-10-08,162.39407348632812,162.625308954607,158.85945978390802,159.69355825152903,186461000,166.73802028051966,156.63251157332502,False,False,,,,,,False
2014-10-09,159.17330932617188,162.3610703183884,159.04117115206998,162.13808872476517,210705000,166.73802028051966,156.63251157332502,False,False,,,,,,False
2014-10-10,157.3563995361328,159.9247763380843,157.3151173938032,159.131972704835,221909000,166.73802028051966,156.63251157332502,False,False,,,,,,False
2014-10-13,154.7715606689453,157.86021183030198,154.6807172464707,157.29038956356874,230939000,166.73802028051966,154.6807172464707,False,False,,,,,,False
2014-10-14,155.01104736328125,156.76184669276537,154.46598683802517,155.60565655421698,215847000,166.73802028051966,154.46598683802517,False,False,,,,,,False
2014-10-15,153.96221923828125,155.00279161074766,150.2376642294073,152.91340555681958,380715000,166.73802028051966,150.2376642294073,False,False,,,,,,False
2014-10-16,153.83009338378906,154.91194790759232,151.03873430914078,151.1791263937712,270391000,166.73802028051966,150.2376642294073,False,False,,,,,,False
2014-10-17,155.6469268798828,156.7040069197681,154.94495395589252,155.60563213116785,214625000,166.73802028051966,150.2376642294073,False,False,,,,,,False
2014-10-20,157.1582794189453,157.28215110742036,155.31664890905867,155.36619758444868,130011000,166.73802028051966,150.2376642294073,False,False,,,,,,False
2014-10-21,160.27171325683594,160.3790645164927,158.13276555606402,158.29793200286775,154949000,166.73802028051966,150.2376642294073,False,False,,,,,,False
2014-10-22,159.1320343017578,160.9654107402178,159.06596520651522,160.55248834599513,151822000,166.73802028051966,150.2376642294073,False,False,,,,,,False
2014-10-23,160.9818572998047,162.03068331037915,160.4285430142823,160.72584752903623,154944000,166.73802028051966,150.2376642294073,False,False,,,,,,False
2014-10-24,162.22067260742188,162.27023387588343,160.61854443276283,161.2461818846481,117927000,166.73802028051966,150.2376642294073,False,False,,,,,,False
2014-10-27,161.99769592285156,162.23718533613447,161.06448739930096,161.6425761566992,82954000,166.73802028051966,150.2376642294073,False,False,,,,,,False
2014-10-28,163.85586547851562,163.86411938979734,162.4684396983186,162.5427753054192,106736000,166.73802028051966,150.2376642294073,False,False,,,,,,False
2014-10-29,163.60809326171875,164.4421918683471,162.52623872596226,163.97146694425467,142557000,166.73802028051966,150.2376642294073,False,False,,,,,,False
2014-10-30,164.6569366455078,165.12766161846113,163.02175490436548,163.17041351782905,113330000,166.73802028051966,150.2376642294073,False,False,,,,,,False
2014-10-31,166.53981018066406,166.6719483291913,165.80480905638902,166.6389074913658,146903000,166.73802028051966,150.2376642294073,True,False,short,,,,,True
2014-11-03,166.6306915283203,167.19225988536223,166.25079741514057,166.75456319490596,93600000,167.19225988536223,150.2376642294073,False,False,,,,,,False
2014-11-04,166.05262756347656,166.49032431934216,165.21851621251628,166.1847531604493,93343000,167.19225988536223,150.2376642294073,False,False,,,,,,False
2014-11-05,167.10137939453125,167.30784052730144,166.36637826592496,167.2665457804699,91709000,167.30784052730144,150.2376642294073,False,False,,,,,,False
2014-11-06,167.7703399658203,167.86118338373612,166.52331904842137,167.1427025520137,107089000,167.86118338373612,150.2376642294073,False,False,,,,,,False
2014-11-07,167.92726135253906,168.14198904336564,167.32439823887503,167.78686926313185,89540000,168.14198904336564,150.2376642294073,False,False,,,,,,False
2014-11-10,168.4557647705078,168.5053134264004,167.75380447638366,167.96026561019443,66319000,168.5053134264004,150.2376642294073,False,False,,,,,,False
2014-11-11,168.62094116210938,168.72830499050525,168.18324454057156,168.52184384444445,54499400,168.72830499050525,150.2376642294073,False,False,,,,,,False
2014-11-12,168.43923950195312,168.67047493975346,167.90243304882745,167.93547388359104,90120300,168.72830499050525,150.2376642294073,False,False,,,,,,False
2014-11-13,168.62921142578125,169.15775146740432,167.81988724359968,168.6044370958137,85357900,169.15775146740432,150.2376642294073,False,False,,,,,,False
2014-11-14,168.6705322265625,168.87699340910518,168.2410894384844,168.55491446839423,80417500,169.15775146740432,150.2376642294073,False,False,,,,,,False
2014-11-17,168.77784729003906,168.9512801908063,168.1832382036769,168.34841719541248,80441000,169.15775146740432,150.2376642294073,False,False,,,,,,False
2014-11-18,169.75238037109375,170.0579388772274,168.8356922513028,168.8356922513028,76068100,170.0579388772274,150.2376642294073,False,False,,,,,,False
2014-11-19,169.47982788085938,169.7523581079076,168.72005236971964,169.5541508696757,82373000,170.0579388772274,150.2376642294073,False,False,,,,,,False
2014-11-20,169.77713012695312,169.8844939547078,168.62094015508455,168.68700923359606,72840300,170.0579388772274,150.2376642294073,False,False,,,,,,False
2014-11-21,170.68553161621094,171.643514240366,170.10744299866454,171.47834786412227,142327300,171.643514240366,150.2376642294073,False,False,,,,,,False
2014-11-24,171.16455078125,171.27191461390336,170.8755127261361,171.09022779005403,65880800,171.643514240366,150.2376642294073,False,False,,,,,,False
2014-11-25,171.04075622558594,171.6023247695999,170.7847462951446,171.39586352228986,79108300,171.643514240366,150.2376642294073,False,False,,,,,,False
2014-11-26,171.47836303710938,171.57746035134673,170.97459735408972,171.1893124020666,62167800,171.643514240366,150.2376642294073,False,False,,,,,,False
2014-11-28,171.114990234375,171.66830457715832,170.87550085669395,171.354492213444,57890100,171.66830457715832,150.2376642294073,False,False,,,,,,False
2014-12-01,169.92576599121094,170.56992371663227,169.61195363868995,170.45430598646402,103968400,171.66830457715832,150.2376642294073,False,False,,,,,,False
2014-12-02,171.0241241455078,171.23058525803114,169.94226993210725,169.96704425749917,74507200,171.66830457715832,150.2376642294073,False,False,,,,,,False
2014-12-03,171.68484497070312,171.89956004468655,171.03243323730658,171.19759964816993,68952000,171.89956004468655,150.2376642294073,False,False,,,,,,False
2014-12-04,171.49488830566406,171.99865400292776,170.70207196518462,171.39577838723648,91316600,171.99865400292776,150.2376642294073,False,False,,,,,,False
2014-12-05,171.77566528320312,172.1638132272906,171.4040377583968,171.66830145995706,91025500,172.1638132272906,150.2376642294073,False,False,,,,,,False
2014-12-08,170.62779235839844,171.8748134532806,170.066211349158,171.3793141407182,108588200,172.1638132272906,150.2376642294073,False,False,,,,,,False
2014-12-09,170.51214599609375,170.61950983310285,168.39798570704536,168.77786718949568,125180100,172.1638132272906,150.2376642294073,False,False,,,,,,False
2014-12-10,167.77857971191406,170.10745476117603,167.58862639478156,170.04965219611788,159856400,172.1638132272906,150.2376642294073,False,False,,,,,,False
2014-12-11,168.62921142578125,170.28090063102695,168.2328095449111,168.37320161519034,159012800,172.1638132272906,150.2376642294073,False,False,,,,,,False
2014-12-12,165.90396118164062,168.32369299564698,165.87093293429,167.34918958001768,202330200,172.1638132272906,150.2376642294073,False,False,,,,,,False
2014-12-15,164.76422119140625,167.2582749513531,164.16135827309313,166.80405798493103,189965800,172.1638132272906,150.2376642294073,False,False,,,,,,False
2014-12-16,163.44288635253906,167.15092005483675,163.40159160768278,163.9962006497299,259543800,172.1638132272906,150.2376642294073,False,False,,,,,,False
2014-12-17,166.64718627929688,167.1014033568033,163.75673000602427,163.88061426428382,253910100,172.1638132272906,150.2376642294073,False,False,,,,,,False
2014-12-18,170.7681427001953,175.88012271020028,168.40622667720297,169.08342528724285,257633900,175.88012271020028,150.2376642294073,False,False,,,,,,False
2014-12-19,171.49476623535156,172.1673903835623,170.73909675017728,171.4200203637086,245084600,175.88012271020028,150.2376642294073,False,False,,,,,,False
2014-12-22,172.2836151123047,172.2836151123047,171.44491311270252,171.68572427286688,148318900,175.88012271020028,150.2376642294073,False,False,,,,,,False
2014-12-23,172.51617431640625,172.91476409548332,172.22552828046926,172.86494195696625,122167900,175.88012271020028,150.2376642294073,False,False,,,,,,False
2014-12-24,172.53277587890625,173.00609883821355,172.49125320891162,172.7403765579396,42963400,175.88012271020028,150.2376642294073,False,False,,,,,,False
2014-12-26,173.08908081054688,173.4295488405423,172.9313023248936,172.98112444227144,57326700,175.88012271020028,151.03873430914078,False,False,,,,,,False
2014-12-29,173.32162475585938,173.529225397559,172.83998974660372,172.90642347246012,79643900,175.88012271020028,154.94495395589252,False,False,,,,,,False
2014-12-30,172.3916015625,173.03100250349146,172.31685569133143,172.89814770450818,73540800,175.88012271020028,155.31664890905867,False,False,,,,,,False
2014-12-31,170.6809844970703,172.88155950107287,170.5564291464974,172.715481476662,130333800,175.88012271020028,158.13276555606402,False,False,,,,,,False
2015-01-02,170.58958435058594,171.79367814662248,169.55158119602822,171.37847688479937,121465900,175.88012271020028,159.06596520651522,False,False,,,,,,False
2015-01-05,167.50880432128906,169.70936602252135,167.2015594307986,169.5432880457951,169632600,175.88012271020028,160.4285430142823,False,False,,,,,,False
2015-01-06,165.9311065673828,168.3392698075209,165.13391424176334,167.81611194786618,209151400,175.88012271020028,160.61854443276283,False,False,,,,,,False
2015-01-07,167.998779296875,168.33924746737,166.8113094395579,167.2597213519378,125346700,175.88012271020028,161.06448739930096,False,False,,,,,,False
2015-01-08,170.97991943359375,171.19583225581977,169.3938598269918,169.41045875874744,147217800,175.88012271020028,162.4684396983186,False,False,,,,,,False
2015-01-09,169.6097412109375,171.41171344037704,168.99523868858634,171.3951018395192,158567300,175.88012271020028,162.52623872596226,False,False,,,,,,False
2015-01-12,168.28109741210938,169.90039276888027,167.67490700581124,169.7426142329127,144396100,175.88012271020028,163.02175490436548,False,False,,,,,,False
2015-01-13,167.80776977539062,170.63113372951398,166.50403152706838,169.50178561367687,214553300,175.88012271020028,163.40159160768278,False,False,,,,,,False
2015-01-14,166.79466247558594,166.99396365602476,164.8930461454494,165.78986978007964,192991100,175.88012271020028,163.40159160768278,False,False,,,,,,False
2015-01-15,165.2667694091797,167.74966568087137,165.15051352359154,167.43412123195563,176613900,175.88012271020028,163.40159160768278,False,False,,,,,,False
2015-01-16,167.43411254882812,167.59189110057423,164.87647052758666,165.05916014845678,211879600,175.88012271020028,163.40159160768278,False,False,,,,,,False
2015-01-20,167.7911376953125,168.33920642087156,166.22167737825694,168.07347152207782,130991100,175.88012271020028,163.40159160768278,False,False,,,,,,False
2015-01-21,168.63815307617188,169.11978808054434,166.86109210807777,167.32611551342015,122942700,175.88012271020028,163.40159160768278,False,False,,,,,,False
2015-01-22,171.14598083496094,171.27883562097546,168.01535948680703,169.39383084307977,174356000,175.88012271020028,163.40159160768278,False,False,,,,,,False
2015-01-23,170.20761108398438,171.1459700168589,170.07474363543025,170.88853458368385,117516800,175.88012271020028,163.40159160768278,False,False,,,,,,False
2015-01-26,170.60621643066406,170.6975612260688,169.2775798358859,169.99172659879434,92009700,175.88012271020028,163.40159160768278,False,False,,,,,,False
2015-01-27,168.35581970214844,169.50176661957002,167.5254171415259,168.54680874322912,134044600,175.88012271020028,163.40159160768278,False,False,,,,,,False
2015-01-28,166.19679260253906,169.64295867138682,166.00580353315837,169.54331440404724,168514300,175.88012271020028,163.40159160768278,False,False,,,,,,False
2015-01-29,167.73301696777344,167.9904397329673,164.98437386186288,166.39606834482106,173585400,175.88012271020028,163.40159160768278,False,False,,,,,,False
2015-01-30,165.62384033203125,167.8825370217964,165.35811801785144,166.55390010901434,197729700,175.88012271020028,163.40159160768278,False,False,,,,,,False
2015-02-02,167.67494201660156,167.7662868369747,164.303508471643,166.12209274119994,163107000,175.88012271020028,163.40159160768278,False,False,,,,,,False
2015-02-03,170.09963989257812,170.1079520267251,168.1980238005476,168.5717023800106,124212900,175.88012271020028,163.40159160768278,False,False,,,,,,False
2015-02-04,169.4519500732422,170.54808757140913,168.9952261156726,169.33569421776428,134306700,175.88012271020028,163.40159160768278,False,False,,,,,,False
2015-02-05,171.16261291503906,171.31209200079672,170.04157679108897,170.11630999849754,97953200,175.88012271020028,163.40159160768278,False,False,,,,,,False
2015-02-06,170.68927001953125,172.0926525482205,170.1661122868168,171.52797214814254,125672000,175.88012271020028,163.40159160768278,False,False,,,,,,False
2015-02-09,169.92530822753906,170.76401039138108,169.5184063437866,170.04156409847695,87219000,175.88012271020028,163.40159160768278,False,False,,,,,,False
2015-02-10,171.73561096191406,171.9930338174349,169.9668488410305,170.96334239535142,96164200,175.88012271020028,163.40159160768278,False,False,,,,,,False
2015-02-11,171.83522033691406,172.26703327799152,170.92178499229328,171.5694980684398,91087800,175.88012271020028,163.40159160768278,False,False,,,,,,False
2015-02-12,173.48776245117188,173.5458967329082,171.86847942272968,172.63244852663723,97545900,175.88012271020028,163.40159160768278,False,False,,,,,,False
2015-02-13,174.2018585205078,174.2516806497601,173.35484431040433,173.61227976310488,93670400,175.88012271020028,163.40159160768278,False,False,,,,,,False
2015-02-17,174.4759063720703,174.65029650885467,173.63720423271897,173.886314898212,76968200,175.88012271020028,163.40159160768278,False,False,,,,,,False
2015-02-18,174.49258422851562,174.56731745653985,173.83655877111886,174.10229380979706,80652900,175.88012271020028,163.40159160768278,False,False,,,,,,False
2015-02-19,174.3679656982422,174.73334493517586,173.75347577334497,173.8946427201711,91462500,175.88012271020028,163.40159160768278,False,False,,,,,,False
2015-02-20,175.41427612304688,175.4890093272425,173.32995717469723,173.9527592182076,140896400,175.88012271020028,163.40159160768278,True,False,short,,,,,True
2015-02-23,175.38934326171875,175.38934326171875,174.78314022494982,175.16513100605164,74411100,175.88012271020028,163.40159160768278,False,False,,,,,,False
2015-02-24,175.88763427734375,176.08693553267997,175.0157087077937,175.3146542553268,72472300,176.08693553267997,163.40159160768278,False,False,,,,,,False
2015-02-25,175.73809814453125,176.24464421388257,175.39763005329206,175.7630092077012,73061700,176.24464421388257,163.40159160768278,False,False,,,,,,False
2015-02-26,175.53048706054688,175.8045214100494,174.92428410364582,175.6467429054022,72697900,176.24464421388257,163.40159160768278,False,False,,,,,,False
2015-02-27,174.93260192871094,175.69657074417432,174.88277980371464,175.43083584961113,108076000,176.24464421388257,163.40159160768278,False,False,,,,,,False
2015-03-02,176.03709411621094,176.09521572331582,174.98247901245122,175.03230115309572,87491400,176.24464421388257,163.75673000602427,False,False,,,,,,False
2015-03-03,175.3146514892578,176.08693275442616,174.45103807164506,175.60529756483626,110325800,176.24464421388257,164.303508471643,False,False,,,,,,False
2015-03-04,174.5755157470703,174.79142850859694,173.60394633301073,174.71668265294872,114497200,176.24464421388257,164.303508471643,False,False,,,,,,False
2015-03-05,174.76657104492188,175.0489049432656,174.2600248527449,174.89942585706325,76873000,176.24464421388257,164.303508471643,False,False,,,,,,False
2015-03-06,172.30853271484375,174.33471700640686,171.9763767562986,173.9029041235481,188128000,176.24464421388257,164.303508471643,False,False,,,,,,False
2015-03-09,173.02267456054688,173.3797415723878,172.35005052731177,172.50782903800885,89818900,176.24464421388257,164.303508471643,False,False,,,,,,False
2015-03-10,170.2158966064453,171.735534663607,170.17437394830588,171.65250201826444,157121300,176.24464421388257,164.303508471643,False,False,,,,,,False
2015-03-11,169.81736755371094,170.6477703290347,169.73432220780225,170.47338017100276,110145700,176.24464421388257,164.303508471643,False,False,,,,,,False
2015-03-12,171.97640991210938,172.0428309798738,170.39863712749272,170.44845926378608,93993500,176.24464421388257,164.303508471643,False,False,,,,,,False
2015-03-13,170.92181396484375,172.66565228431693,169.88381043982108,171.70239464301142,162410900,176.24464421388257,164.303508471643,False,False,,,,,,False
2015-03-16,173.20535278320312,173.29669756388705,170.94665699805196,171.65250418251284,136099200,176.24464421388257,164.303508471643,False,False,,,,,,False
2015-03-17,172.69056701660156,173.07254519815416,171.87676317236358,172.46635471903062,94510400,176.24464421388257,164.303508471643,False,False,,,,,,False
2015-03-18,174.76657104492188,175.43919525548102,171.5778148056576,172.21722848091656,228808500,176.24464421388257,164.303508471643,False,False,,,,,,False
2015-03-19,173.9693603515625,174.7748519597055,173.57907008077407,174.35135115714198,117917300,176.24464421388257,164.303508471643,False,False,,,,,,False
2015-03-20,175.50498962402344,176.01379694747334,174.73761038214025,174.921115497319,177715100,176.24464421388257,164.303508471643,False,False,,,,,,False
2015-03-23,175.16297912597656,176.088841096171,175.16297912597656,175.51330355692855,71784500,176.24464421388257,164.303508471643,False,False,,,,,,False
2015-03-24,174.17877197265625,175.49665393433645,174.11204167766573,175.03790383846794,77805300,176.24464421388257,164.303508471643,False,False,,,,,,False
2015-03-25,171.6262969970703,174.62075856862816,171.5846017208683,174.38720902091552,159521700,176.24464421388257,164.303508471643,False,False,,,,,,False
2015-03-26,171.2176513671875,172.1351641310568,170.25841785757385,170.95907947257433,153067200,176.24464421388257,164.303508471643,False,False,,,,,,False
2015-03-27,171.60971069335938,171.78486657890363,170.9090489686757,171.10090333713188,118939000,176.24464421388257,164.303508471643,False,False,,,,,,False
2015-03-30,173.70330810546875,174.00358804274632,172.6273124212665,172.6439854479199,96180400,176.24464421388257,164.303508471643,False,False,,,,,,False
2015-03-31,172.18519592285156,173.57816980964458,172.1268148836293,172.87750824648245,126768700,176.24464421388257,164.303508471643,False,False,,,,,,False
2015-04-01,171.5762939453125,172.17685370669852,170.58370176392452,172.15183144393234,137303600,176.24464421388257,164.303508471643,False,False,,,,,,False
2015-04-02,172.1935577392578,172.64397124436766,171.32607677960146,171.50958187770183,86900900,176.24464421388257,164.303508471643,False,False,,,,,,False
2015-04-06,173.35299682617188,173.87014069681197,171.16763378314215,171.30108164403163,114368200,176.24464421388257,164.303508471643,False,False,,,,,,False
2015-04-07,172.89418029785156,174.12865853822265,172.86082152486782,173.3779652348547,81236300,176.24464421388257,164.303508471643,False,False,,,,,,False
2015-04-08,173.4780731201172,173.9201500932742,172.72737973522786,173.11941217972551,89351900,176.24464421388257,164.303508471643,False,False,,,,,,False
2015-04-09,174.24542236328125,174.4789719419565,172.81910263119292,173.31122404858024,85548900,176.24464421388257,164.303508471643,False,False,,,,,,False
2015-04-10,175.19631958007812,175.23802759243654,174.29549269612804,174.49567079145098,72722900,176.24464421388257,164.303508471643,False,False,,,,,,False
2015-04-13,174.40396118164062,175.68849700445406,174.35391664549235,175.05456560657154,74436600,176.24464421388257,164.303508471643,False,False,,,,,,False
2015-04-14,174.7375946044922,174.92109970310165,173.57818296918722,174.20376506149208,75099900,176.24464421388257,164.303508471643,False,False,long,,,multiple_bottom,,True
2015-04-15,175.52163696289062,176.03044421187548,175.12126800995975,175.2046840419243,99529300,176.24464421388257,168.1980238005476,False,False,,,,,,False
2015-04-16,175.4716033935547,175.9804106743164,174.98781837844513,175.188009231163,68934900,176.24464421388257,168.9952261156726,False,False,,,,,,False
2015-04-17,173.45301818847656,174.5206770237968,172.66895344714823,174.27879093833246,191113200,176.24464421388257,169.5184063437866,False,False,,,,,,False
2015-04-20,175.0379180908203,175.3715568654369,174.2955609989205,174.37896432882297,92189500,176.24464421388257,169.5184063437866,False,False,,,,,,False
2015-04-21,174.82933044433594,175.88030367706034,174.5290505596291,175.7218208590902,72559800,176.24464421388257,169.5184063437866,False,False,,,,,,False
2015-04-22,175.68849182128906,175.87199693342006,174.24547319157696,175.17133526551024,78264600,176.24464421388257,169.73432220780225,False,False,,,,,,False
2015-04-23,176.13055419921875,176.78115855084636,175.17132069694716,175.28809551063674,102585900,176.78115855084636,169.73432220780225,False,False,long,ascending_triangle,up,,,True
2015-04-24,176.5392608642578,176.80618199876233,176.0888473591567,176.5476101043987,61327400,176.80618199876233,169.73432220780225,False,False,,,,,,False
2015-04-27,175.80523681640625,177.23155672256055,175.61338249604708,177.10644540710808,79358100,177.23155672256055,169.73432220780225,False,False,,,,,,False
2015-04-28,176.36407470703125,176.41411922927816,174.6041035521924,175.78020073498715,86863500,177.23155672256055,169.73432220780225,False,False,,,,,,False
2015-04-29,175.63841247558594,176.23895950012297,174.82932538541286,175.47158042307709,125684900,177.23155672256055,169.73432220780225,False,False,,,,,,False
2015-04-30,173.87844848632812,175.45491471931282,173.17778692805777,175.0628822890601,161304900,177.23155672256055,169.73432220780225,False,False,,,,,,False
2015-05-01,175.7635498046875,175.8052578239885,174.56243012282167,174.66251918714363,103399700,177.23155672256055,169.73432220780225,False,False,,,,,,False
2015-05-04,176.26402282714844,176.84789692230024,176.08051772188637,176.1889433004498,70927200,177.23155672256055,169.73432220780225,False,False,,,,,,False
2015-05-05,174.24542236328125,176.38075279723677,174.1036253139068,176.02207919087996,113326200,177.23155672256055,169.73432220780225,False,False,,,,,,False
2015-05-06,173.52806091308594,175.1045266879215,172.4604022257632,174.7959103770925,135060200,177.23155672256055,169.73432220780225,False,False,,,,,,False
2015-05-07,174.22039794921875,174.64580181957996,173.0943580789918,173.42799669368927,88244900,177.23155672256055,169.73432220780225,False,False,,,,,,False
2015-05-08,176.5142059326172,176.7143967464477,175.8135571754571,175.89697319642767,155877300,177.23155672256055,169.73432220780225,False,False,,,,,,False
2015-05-11,175.67178344726562,176.73944247446167,175.5967166549236,176.47253408141242,75708100,177.23155672256055,169.73432220780225,False,False,,,,,,False
2015-05-12,175.14630126953125,175.6884800563391,174.0119118920952,174.837684841387,119727600,177.23155672256055,169.73432220780225,False,False,,,,,,False
2015-05-13,175.17967224121094,176.1806010470727,174.94612261075986,175.55501895247156,94667900,177.23155672256055,169.73432220780225,False,False,,,,,,False
2015-05-14,177.00634765625,177.09810019223923,175.92200297478595,176.19726058275364,95934000,177.23155672256055,169.73432220780225,True,False,short,,,,,True
2015-05-15,177.1982421875,177.34003928958066,176.71445710113534,177.1982421875,76510100,177.34003928958066,169.73432220780225,False,False,,,,,,False
2015-05-18,177.74874877929688,177.9989714603012,176.9646837721458,177.03141406291414,74549700,177.9989714603012,169.73432220780225,False,False,,,,,,False
2015-05-19,177.6903076171875,178.14073377788276,177.40671350267456,177.86547617467969,72114600,178.14073377788276,169.73432220780225,False,False,,,,,,False
2015-05-20,177.56521606445312,178.3159094457968,177.24825041444154,177.79041644235647,76857500,178.3159094457968,169.73432220780225,False,False,,,,,,False
2015-05-21,178.08236694335938,178.29089430511976,177.25659400888827,177.42342608029665,64764600,178.3159094457968,169.88381043982108,False,False,,,,,,False
2015-05-22,177.65695190429688,178.11570185670502,177.59022163017426,177.69864718906243,57433500,178.3159094457968,169.88381043982108,False,False,,,,,,False
2015-05-26,175.74688720703125,177.5902749920069,175.32983241407317,177.16487095758825,124308600,178.3159094457968,170.25841785757385,False,False,,,,,,False
2015-05-27,177.4149932861328,177.6485428031136,175.79681968455571,176.2055377030192,93214000,178.3159094457968,170.25841785757385,False,False,,,,,,False
2015-05-28,177.2148895263672,177.32331509415843,176.5225771939331,177.10645123107645,74974600,178.3159094457968,170.25841785757385,False,False,,,,,,False
2015-05-29,176.11383056640625,177.18982592343252,175.84692221859632,177.148130641976,124919600,178.3159094457968,170.25841785757385,False,False,,,,,,False
2015-06-01,176.4725341796875,177.114789262304,175.6801200573042,176.78115058893178,93338800,178.3159094457968,170.25841785757385,False,False,,,,,,False
2015-06-02,176.29734802246094,176.9896602917937,175.3881719098124,176.01375390562535,91531000,178.3159094457968,170.25841785757385,False,False,,,,,,False
2015-06-03,176.76446533203125,177.39004739198074,176.2723438328042,176.8311956123925,87820900,178.3159094457968,170.25841785757385,False,False,,,,,,False
2015-06-04,175.27139282226562,176.71439836024885,174.95442721268049,176.05545760755646,151882800,178.3159094457968,170.25841785757385,False,False,,,,,,False
2015-06-05,174.9711151123047,175.6467416231442,174.3121616240181,175.12124868026984,121704700,178.3159094457968,170.25841785757385,False,False,,,,,,False
2015-06-08,173.89512634277344,175.01284262577803,173.82005955042598,174.86269631358357,89063300,178.3159094457968,170.58370176392452,False,False,,,,,,False
2015-06-09,173.87010192871094,174.41228067534843,173.23618336644952,173.87010192871094,105034700,178.3159094457968,170.58370176392452,False,False,,,,,,False
2015-06-10,175.95538330078125,176.33907924214358,174.579107819862,174.6374888621889,134551300,178.3159094457968,170.58370176392452,False,False,,,,,,False
2015-06-11,176.52252197265625,176.90620505096655,176.16384842293613,176.3973979647325,73876400,178.3159094457968,170.58370176392452,False,False,,,,,,False
2015-06-12,175.1713104248047,176.39745226039358,174.89605279564194,175.6968034193426,135382400,178.3159094457968,171.16763378314215,False,False,,,,,,False
2015-06-15,174.4206085205078,174.7042026478883,173.31957805773823,174.02857610368824,124384200,178.3159094457968,171.16763378314215,False,False,long,,,multiple_bottom,,True
2015-06-16,175.37155151367188,175.45496756853214,174.0953647848285,174.27052068153083,85308200,178.3159094457968,172.4604022257632,False,False,,,,,,False
2015-06-17,175.65504455566406,176.26395340489472,174.62909385486492,175.65504455566406,126708600,178.3159094457968,172.4604022257632,False,False,,,,,,False
2015-06-18,177.48182678222656,177.94892608790846,175.68849636344748,176.2556847410608,165867900,178.3159094457968,172.4604022257632,False,False,,,,,,False
2015-06-19,176.6939239501953,177.31417192631662,176.31675148460374,177.23873999108014,130478700,178.3159094457968,172.4604022257632,False,False,,,,,,False
2015-06-22,177.59918212890625,178.1858963950757,177.3896404060306,177.6159490477716,70696000,178.3159094457968,172.4604022257632,False,False,,,,,,False
2015-06-23,177.7248992919922,178.06017371704328,177.330972625351,177.80872109560786,68476800,178.3159094457968,172.4604022257632,False,False,,,,,,False
2015-06-24,176.43405151367188,177.83378805983546,176.40890754135924,177.4566156857397,92307300,178.3159094457968,172.4604022257632,False,False,,,,,,False
2015-06-25,175.89764404296875,177.0626951110581,175.8222121180597,176.93697523620966,97107400,178.3159094457968,172.4604022257632,False,False,,,,,,False
2015-06-26,175.86412048339844,176.50112248917182,175.31092746318598,176.25804701540852,104174800,178.3159094457968,172.4604022257632,False,False,,,,,,False
2015-06-29,172.1762237548828,175.87254243882475,172.10079181180083,174.38060654728815,202621300,178.3159094457968,172.10079181180083,False,False,,,,,,False
2015-06-30,172.53660583496094,173.7687118037401,172.05884471712878,173.71841106285686,182925100,178.3159094457968,172.05884471712878,False,False,,,,,,False
2015-07-01,173.91957092285156,174.36379820133322,173.13169226610069,174.1123456613946,135979900,178.3159094457968,172.05884471712878,False,False,,,,,,False
2015-07-02,173.7603302001953,174.56497583022008,173.34124686546352,174.39734505420904,104373700,178.3159094457968,172.05884471712878,False,False,,,,,,False
2015-07-06,173.26580810546875,174.04529693843062,172.26838776181464,172.4695523587441,117975400,178.3159094457968,172.05884471712878,False,False,,,,,,False
2015-07-07,174.35546875,174.48118865959543,171.07823335282936,173.46701395042987,173820200,178.3159094457968,171.07823335282936,False,False,,,,,,False
2015-07-08,171.4302215576172,173.29932958052916,171.19553592197838,173.01435599288317,164020100,178.3159094457968,171.07823335282936,False,False,,,,,,False
2015-07-09,171.74034118652344,173.7938597071695,171.6313882190003,173.53401730299444,144113100,178.3159094457968,171.07823335282936,False,False,,,,,,False
2015-07-10,173.9028778076172,174.32196128888927,171.7823164155336,173.74362403842775,129456900,178.3159094457968,171.07823335282936,False,False,,,,,,False
2015-07-13,175.82223510742188,175.93118808340068,175.12655520034735,175.16846609391263,106069400,178.3159094457968,171.07823335282936,False,False,,,,,,False
2015-07-14,176.5850067138672,176.8951371818636,175.72169577936702,175.78037360472757,81709600,178.3159094457968,171.07823335282936,False,False,,,,,,False
2015-07-15,176.52627563476562,177.08784574588702,176.04851451355927,176.62685153842682,97914100,178.3159094457968,171.07823335282936,False,False,,,,,,False
2015-07-16,177.9427947998047,177.9427947998047,177.33931374643913,177.58237646460157,106683300,178.3159094457968,171.07823335282936,True,False,short,,,,,True
2015-07-17,178.0936279296875,178.15230572808014,177.52368080510837,177.93437423622956,89030000,178.3159094457968,171.07823335282936,False,False,,,,,,False
2015-07-20,178.1858673095703,178.68038262537763,177.86737263958764,178.31997705977864,70446800,178.68038262537763,171.07823335282936,False,False,,,,,,False
2015-07-21,177.48182678222656,178.3116165505911,177.18008621094953,178.05177408941046,77965000,178.68038262537763,171.07823335282936,False,False,,,,,,False
2015-07-22,177.16326904296875,177.4985433545193,176.76095265851535,176.79447369496677,88667900,178.68038262537763,171.07823335282936,False,False,,,,,,False
2015-07-23,176.1658477783203,177.39795368898996,175.80544228347227,177.29737779078255,90509100,178.68038262537763,171.07823335282936,False,False,,,,,,False
2015-07-24,174.33865356445312,176.3251043225531,174.003392038746,176.2664393107877,117755000,178.68038262537763,171.07823335282936,False,False,,,,,,False
2015-07-27,173.32447814941406,173.96149299680633,172.88025084236855,173.45021082217173,132361100,178.68038262537763,171.07823335282936,False,False,,,,,,False
2015-07-28,175.45339965820312,175.59588643227386,173.33283937981074,174.16261605171707,123544800,178.68038262537763,171.07823335282936,False,False,,,,,,False
2015-07-29,176.66038513183594,176.8866809147737,175.43665621814563,175.57914301127943,105791300,178.68038262537763,171.07823335282936,False,False,,,,,,False
2015-07-30,176.70228576660156,176.86991652588898,175.52884487277532,176.14909275048663,91304400,178.68038262537763,171.07823335282936,False,False,,,,,,False
2015-07-31,176.43405151367188,177.23030714551982,176.14907796785783,177.20516317320718,103266900,178.68038262537763,171.07823335282936,False,False,,,,,,False
2015-08-03,175.83895874023438,176.45920660497666,174.88344936392738,176.40054159568592,113965700,178.68038262537763,171.07823335282936,False,False,,,,,,False
2015-08-04,175.49534606933594,176.2245469987891,175.00920785323092,175.7635527602922,81820800,178.68038262537763,171.07823335282936,False,False,,,,,,False
2015-08-05,176.0736846923828,177.11300321447916,175.78869829461908,176.3921793413758,85786800,178.68038262537763,171.07823335282936,False,False,,,,,,False
2015-08-06,174.6320343017578,176.36703269285402,174.0453073895004,176.25806693096473,116030800,178.68038262537763,171.07823335282936,False,False,,,,,,False
2015-08-07,174.2967529296875,174.6236374127741,173.39153140973815,174.47277355415326,117858000,178.68038262537763,171.07823335282936,False,False,,,,,,False
2015-08-10,176.49273681640625,176.57654579787817,175.4114948033438,175.4114948033438,80270700,178.68038262537763,171.07823335282936,False,False,,,,,,False
2015-08-11,174.90023803710938,175.5707739330726,174.13750329558363,175.15169059677163,126081400,178.68038262537763,171.07823335282936,False,False,,,,,,False
2015-08-12,175.10980224609375,175.29419996095527,172.12593055384045,173.59272241970507,172123700,178.68038262537763,171.07823335282936,False,False,,,,,,False
2015-08-13,174.89186096191406,175.63782878889944,174.3470449511172,174.95052597849957,89383300,178.68038262537763,171.07823335282936,False,False,,,,,,False
2015-08-14,175.5288543701172,175.60428629746687,174.55657800847317,174.69906480104737,72786500,178.68038262537763,171.07823335282936,False,False,,,,,,False
2015-08-17,176.50953674316406,176.50953674316406,174.4727976342311,174.93379191487742,79072600,178.68038262537763,171.07823335282936,False,False,,,,,,False
2015-08-18,175.998291015625,176.58500531752753,175.763605294864,176.232976736386,71692700,178.68038262537763,171.07823335282936,False,False,,,,,,False
2015-08-19,174.60684204101562,176.02333260683693,173.7938195565295,175.252221002981,172946000,178.68038262537763,171.07823335282936,False,False,,,,,,False
2015-08-20,170.96087646484375,174.58175024729712,170.90219865224498,173.08981442539326,194327900,178.68038262537763,170.90219865224498,False,False,,,,,,False
2015-08-21,165.8144989013672,170.93569730461894,165.55466930341385,169.083343503695,346588500,178.68038262537763,165.55466930341385,False,False,,,,,,False
2015-08-24,158.83255004882812,165.5211150661568,152.8815628468037,157.14784000605826,507244300,178.68038262537763,152.8815628468037,False,False,,,,,,False
2015-08-25,156.96347045898438,163.81966744422957,156.67010701883777,163.80290053037342,369833100,178.68038262537763,152.8815628468037,False,False,,,,,,False
2015-08-26,162.98988342285156,163.26646714746195,157.8854390851159,160.9950428129455,339257000,178.68038262537763,152.8815628468037,False,False,,,,,,False
2015-08-27,167.0214385986328,167.1471584552831,163.61848472497255,165.13556401244523,274143900,178.68038262537763,152.8815628468037,False,False,,,,,,False
2015-08-28,167.02984619140625,167.49921746123985,165.88993905492126,166.37607723850832,160414400,178.68038262537763,152.8815628468037,False,False,,,,,,False
2015-08-31,165.6803741455078,166.90410288962266,165.12718117394607,166.04916945988234,163298800,178.68038262537763,152.8815628468037,False,False,,,,,,False
2015-09-01,160.7352752685547,163.2497760510679,159.8635745018792,161.86679294703822,256000400,178.68038262537763,152.8815628468037,False,False,,,,,,False
2015-09-02,163.78619384765625,163.82810474973238,161.280070260679,163.1240348473237,160269300,178.68038262537763,152.8815628468037,False,False,,,,,,False
2015-09-03,163.90347290039062,165.99888929443958,163.40895770085268,164.49856399423277,152087800,178.68038262537763,152.8815628468037,False,False,,,,,,False
2015-09-04,161.4224853515625,162.48696040201148,160.60108575147254,161.6404168297335,207081000,178.68038262537763,152.8815628468037,False,False,,,,,,False
2015-09-08,165.47927856445312,165.63015525114525,163.5850260474863,164.23041811670262,116025700,178.68038262537763,152.8815628468037,False,False,,,,,,False
2015-09-09,163.26649475097656,167.18912177094705,162.89771212601008,167.06340187486865,149347700,178.68038262537763,152.8815628468037,False,False,,,,,,False
2015-09-10,164.1549835205078,165.3032680182179,162.8139114379443,163.0737411164558,158611100,178.68038262537763,152.8815628468037,False,False,,,,,,False
2015-09-11,164.90089416503906,164.96794902479007,163.04854043396173,163.76098712808533,119691200,178.68038262537763,152.8815628468037,False,False,,,,,,False
2015-09-14,164.2889862060547,165.12715257925117,163.80284817487228,165.076864643164,79452000,178.68038262537763,152.8815628468037,False,False,,,,,,False
2015-09-15,166.34254455566406,166.78677181847343,164.24712811244723,164.7919312719208,113806200,178.68038262537763,152.8815628468037,False,False,,,,,,False
2015-09-16,167.78421020507812,167.976997761735,166.30066429841204,166.64431572785148,99581600,178.68038262537763,152.8815628468037,False,False,,,,,,False
2015-09-17,167.40704345703125,170.05565348909056,167.02987097277068,167.6501189795926,276046600,178.68038262537763,152.8815628468037,False,False,,,,,,False
2015-09-18,164.6713409423828,167.3926903207247,164.25851234067875,164.89040544702397,223657500,178.68038262537763,152.8815628468037,False,False,,,,,,False
2015-09-21,165.5222625732422,166.55012997537312,164.46910762492797,165.50540849441848,105726200,178.68038262537763,152.8815628468037,False,False,,,,,,False
2015-09-22,163.37388610839844,163.83727703326133,162.2364731888168,163.34861140848776,153890900,178.68038262537763,152.8815628468037,False,False,,,,,,False
2015-09-23,163.1126708984375,164.01416500034912,162.53132721250788,163.54235356130408,92790600,178.68038262537763,152.8815628468037,False,False,,,,,,False
2015-09-24,162.52293395996094,162.98632490079518,160.551430163576,161.89104072861443,159378800,178.68038262537763,152.8815628468037,False,False,,,,,,False
2015-09-25,162.48080444335938,164.2922264127296,161.604572036521,163.98891717280858,155054800,178.68038262537763,152.8815628468037,False,False,,,,,,False
2015-09-28,158.40298461914062,161.68883701149747,158.0912547506794,161.57930474164883,178515900,178.68038262537763,152.8815628468037,False,False,,,,,,False
2015-09-29,158.49560546875,159.86050304514063,157.49299988531652,158.62199177806343,159045600,178.3116165505911,152.8815628468037,False,False,,,,,,False
2015-09-30,161.45294189453125,161.62144418979224,159.60781155005586,160.39135300817497,163452000,177.4985433545193,152.8815628468037,False,False,,,,,,False
2015-10-01,161.87417602539062,162.17748524669025,159.9279472120093,161.83204724489647,131079000,177.39795368898996,152.8815628468037,False,False,,,,,,False
2015-10-02,164.29222106933594,164.31749576718235,159.33817459704974,159.8858230474871,211003300,177.23030714551982,152.8815628468037,False,False,,,,,,False
2015-10-05,167.21572875976562,167.44321382506573,165.4127280277427,165.52226025471964,126320800,177.23030714551982,152.8815628468037,False,False,,,,,,False
2015-10-06,166.6428680419922,167.64547397022048,165.97727953193726,167.08098425766755,110274500,177.23030714551982,152.8815628468037,False,False,,,,,,False
2015-10-07,168.00772094726562,168.36157949934756,166.38164287423808,167.57802546153314,124307300,177.23030714551982,152.8815628468037,False,False,,,,,,False
2015-10-08,169.52430725097656,169.81076240591693,167.3168850097487,167.62019424906782,153055200,177.23030714551982,152.8815628468037,False,False,,,,,,False
2015-10-09,169.62535095214844,170.10558292581914,168.99345798012698,169.66747972146229,107069200,177.23030714551982,152.8815628468037,False,False,,,,,,False
2015-10-12,169.78546142578125,169.98765898342893,169.27152120693071,169.70120387282964,56395600,177.11300321447916,152.8815628468037,False,False,,,,,,False
2015-10-13,168.71542358398438,170.32464743866475,168.54692136257023,169.0524280268127,88038700,177.11300321447916,152.8815628468037,False,False,,,,,,False
2015-10-14,167.90663146972656,169.23782116366917,167.61175573204258,168.65647744574315,99106200,177.11300321447916,152.8815628468037,False,False,,,,,,False
2015-10-15,170.48483276367188,170.4932533803019,168.2015857784174,168.57229860459037,134142200,176.58500531752753,152.8815628468037,False,False,,,,,,False
2015-10-16,171.25990295410156,171.27674418236762,170.12249010707063,170.88919023785743,114580100,176.58500531752753,152.8815628468037,False,False,,,,,,False
2015-10-19,171.34413146972656,171.34413146972656,170.29940975639073,170.6111395765444,76523900,176.58500531752753,152.8815628468037,False,False,,,,,,False
2015-10-20,171.12509155273438,171.74013062187345,170.65328005553732,170.90603988786407,78448500,176.58500531752753,152.8815628468037,False,False,,,,,,False
2015-10-21,170.06350708007812,171.69799315384662,169.89499196311988,171.54634497566232,102038000,176.58500531752753,152.8815628468037,False,False,,,,,,False
2015-10-22,172.93650817871094,173.14713922324813,170.06351050170636,171.01555408100344,174911700,176.58500531752753,152.8815628468037,False,False,,,,,,False
2015-10-23,174.83213806152344,175.20285065185513,173.81269129400636,174.61308646537066,144442300,176.58500531752753,152.8815628468037,False,False,,,,,,False
2015-10-26,174.40245056152344,174.7141802964669,174.03173798164755,174.6552103074292,69033000,176.58500531752753,152.8815628468037,False,False,,,,,,False
2015-10-27,174.0654754638672,174.40247994458977,173.38302017817412,173.72845812724773,77905800,176.58500531752753,152.8815628468037,False,False,,,,,,False
2015-10-28,176.04541015625,176.07068485106998,173.73690232337287,174.40249071346213,135906700,176.07068485106998,152.8815628468037,False,False,,,,,,False
2015-10-29,175.9442901611328,176.31500278165475,175.4219293899771,175.53988223687986,90525500,176.31500278165475,152.8815628468037,False,False,,,,,,False
2015-10-30,175.18603515625,176.45825481288963,175.02596637143978,176.13809153147335,131076900,176.45825481288963,152.8815628468037,False,False,,,,,,False
2015-11-02,177.2586212158203,177.45239813329442,175.38821693509936,175.5146032467618,86270800,177.45239813329442,152.8815628468037,False,False,,,,,,False
2015-11-03,177.77259826660156,178.32866729920184,176.67731428430062,176.90479940780045,95246100,178.32866729920184,156.67010701883777,False,False,,,,,,False
2015-11-04,177.23333740234375,178.19381418442114,176.69412259233357,178.06744073515904,96224500,178.32866729920184,157.49299988531652,False,False,,,,,,False
2015-11-05,177.0564422607422,177.75573883720955,176.16336873240255,177.29234799064707,78408700,178.32866729920184,157.49299988531652,False,False,,,,,,False
2015-11-06,176.9637908935547,177.1997095150888,175.63261386857667,176.71104389887535,110471500,178.32866729920184,157.49299988531652,False,False,,,,,,False
2015-11-09,175.3124237060547,176.50038582285393,174.3603673187889,176.34872479335496,131008700,178.32866729920184,157.49299988531652,False,False,,,,,,False
2015-11-10,175.71682739257812,175.7505355564857,174.5625734687504,174.83217450052211,75874600,178.32866729920184,157.49299988531652,False,False,,,,,,False
2015-11-11,175.02593994140625,176.03696616764665,174.95853647887074,175.98641678471898,67846000,178.32866729920184,157.49299988531652,False,False,,,,,,False
2015-11-12,172.58267211914062,174.45307706752146,172.56583088962398,173.98126552304709,121315200,178.32866729920184,157.49299988531652,False,False,,,,,,False
2015-11-13,170.6448516845703,172.43943240622295,170.56060697521025,172.16983133801148,153577100,178.32866729920184,157.49299988531652,False,False,,,,,,False
2015-11-16,173.2397918701172,173.29877472472785,170.34150706740493,170.45947277662623,117645200,178.32866729920184,157.49299988531652,False,False,,,,,,False
2015-11-17,173.1134033203125,174.43615928477314,172.61631725717933,173.55151938987012,121123700,178.32866729920184,157.49299988531652,False,False,,,,,,False
2015-11-18,175.86007690429688,176.00330447904054,173.5515687684409,173.59368469473657,121342500,178.32866729920184,157.49299988531652,False,False,,,,,,False
2015-11-19,175.70840454101562,176.12966659320895,175.41351596212124,175.74209984859615,88220500,178.32866729920184,157.49299988531652,False,False,,,,,,False
2015-11-20,176.34873962402344,177.031182174416,175.9696063022386,176.46669249870982,94011500,178.32866729920184,157.49299988531652,False,False,,,,,,False
2015-11-23,176.14654541015625,176.91323268232725,175.68315451649283,176.4077258622485,64931200,178.32866729920184,157.49299988531652,False,False,,,,,,False
2015-11-24,176.38243103027344,176.7868390113538,174.74793216787214,175.1354860667706,98874400,178.32866729920184,157.49299988531652,False,False,,,,,,False
2015-11-25,176.357177734375,176.7110363677453,176.0959844245046,176.50882592471962,51980100,178.32866729920184,157.49299988531652,False,False,,,,,,False
2015-11-27,176.55934143066406,176.76155183487512,175.9695771549198,176.44980918806263,37317800,178.32866729920184,157.49299988531652,False,False,,,,,,False
2015-11-30,175.82635498046875,176.83738132063257,175.71682273451938,176.71942846187838,112822700,178.32866729920184,157.49299988531652,False,False,,,,,,False
2015-12-01,177.5030059814453,177.62097172021072,176.18024957044784,176.4582841206091,97858400,178.32866729920184,157.49299988531652,False,False,,,,,,False
2015-12-02,175.6915740966797,177.77260994296742,175.43881426017808,177.45244662633874,108441300,178.32866729920184,157.49299988531652,False,False,,,,,,False
2015-12-03,173.23138427734375,176.21391399607774,172.5068130222087,175.94431296360074,166224200,178.32866729920184,157.49299988531652,False,False,,,,,,False
2015-12-04,176.6099090576172,176.90479765389327,173.2313918280088,173.2313918280088,192913900,178.32866729920184,157.49299988531652,False,False,,,,,,False
2015-12-07,175.53993225097656,176.7026069714552,174.57102165202795,176.28134484736444,102027100,178.32866729920184,157.49299988531652,False,False,,,,,,False
2015-12-08,174.36036682128906,175.4893460745346,173.37461512800172,173.97281291926055,103372400,178.32866729920184,157.49299988531652,False,False,,,,,,False
2015-12-09,173.00392150878906,175.8179493386583,172.0265903210586,173.7200722433621,162401500,178.32866729920184,159.33817459704974,False,False,,,,,,False
2015-12-10,173.45040893554688,174.76474429715466,172.83537002523468,173.0712757129132,116128900,178.32866729920184,159.33817459704974,False,False,,,,,,False
2015-12-11,170.0887908935547,171.99289097180136,169.7770481951906,171.3273025053737,211173300,178.32866729920184,159.33817459704974,False,False,,,,,,False
2015-12-14,170.94818115234375,171.07456751519047,168.46273695383752,170.24889727270963,182385200,178.32866729920184,165.4127280277427,False,False,,,,,,False
2015-12-15,172.74273681640625,173.65266450100785,170.92288144720305,172.4647022858975,154069600,178.32866729920184,165.97727953193726,False,False,,,,,,False
2015-12-16,175.27032470703125,175.57363396166423,172.5489748858994,173.87173131867362,197017000,178.32866729920184,166.38164287423808,False,False,,,,,,False
2015-12-17,172.59951782226562,175.6494514837124,172.5826637376671,175.58204800121803,173092500,178.32866729920184,167.3168850097487,False,False,,,,,,False
2015-12-18,169.5246124267578,171.990939022608,169.36357808243466,171.85534272480618,251393500,178.32866729920184,167.61175573204258,False,False,,,,,,False
2015-12-21,170.92308044433594,171.10106921199636,169.5839681196295,170.7027250994136,99094300,178.32866729920184,167.61175573204258,False,False,,,,,,False
2015-12-22,172.4740753173828,172.77071894912382,170.82137791925118,171.81299635813016,111026200,178.32866729920184,167.61175573204258,False,False,,,,,,False
2015-12-23,174.60983276367188,174.6522122623809,173.38937562233187,173.48260534652886,110987200,178.32866729920184,167.61175573204258,False,False,,,,,,False
2015-12-24,174.3217315673828,174.87263941217515,174.10137618891343,174.3556403532474,48539600,178.32866729920184,168.2015857784174,False,False,,,,,,False
2015-12-28,173.92337036132812,173.9657369377406,172.84699291279716,173.62672673197844,65899900,178.32866729920184,168.46273695383752,False,False,,,,,,False
2015-12-29,175.7794952392578,176.1100347661309,174.99129057225755,175.02518642498788,92640700,178.32866729920184,168.46273695383752,False,False,,,,,,False
2015-12-30,174.53358459472656,175.61844569483085,174.3895046119371,175.53368667793808,63317700,178.32866729920184,168.46273695383752,False,False,,,,,,False
2015-12-31,172.78759765625,174.4996283319424,172.78759765625,173.85550399676185,114877900,178.32866729920184,168.46273695383752,False,False,,,,,,False
2016-01-04,170.3721466064453,170.38061733347607,168.3126218860981,169.92295235806984,222353500,178.32866729920184,168.3126218860981,False,False,,,,,,False
2016-01-05,170.6603546142578,171.11801971865495,169.55008123714336,170.69425046434188,110845800,178.32866729920184,168.3126218860981,False,False,,,,,,False
2016-01-06,168.50759887695312,169.5585382659889,167.47360094538482,168.10077111434867,152112600,178.32866729920184,167.47360094538482,False,False,,,,,,False
2016-01-07,164.46487426757812,167.3380297152335,164.07500080626087,165.5497226828784,213436100,178.32866729920184,164.07500080626087,False,False,,,,,,False
2016-01-08,162.6595458984375,165.99037807910338,162.37138598568188,165.43099970793693,209817200,178.32866729920184,162.37138598568188,False,False,,,,,,False
2016-01-11,162.82061767578125,163.92242028467783,160.87976024963513,163.5833971337192,187941300,178.32866729920184,160.87976024963513,False,False,,,,,,False
2016-01-12,164.13424682617188,164.88855528808108,161.9984469943141,164.2698560385706,172330500,178.32866729920184,160.87976024963513,False,False,,,,,,False
2016-01-13,160.0406494140625,165.15130403063185,159.6592597877707,164.80381024410508,221168900,178.32866729920184,159.6592597877707,False,False,,,,,,False
2016-01-14,162.66806030273438,163.79528807490556,159.0490801700079,160.6509274394277,240795600,178.32866729920184,159.0490801700079,False,False,,,,,,False
2016-01-15,159.17616271972656,159.98132150138017,157.23530574363917,158.29472859644858,324846400,178.19381418442114,157.23530574363917,False,False,,,,,,False
2016-01-19,159.38803100585938,161.12548689343524,157.81160944464318,160.9983613370495,195244400,177.77260994296742,157.23530574363917,False,False,,,,,,False
2016-01-20,157.34547424316406,158.91342521154775,153.4213808573108,156.82000465550166,286547800,177.77260994296742,153.4213808573108,False,False,,,,,,False
2016-01-21,158.22695922851562,160.07458688783586,156.4895027763919,157.8201443834892,195772900,177.77260994296742,153.4213808573108,False,False,,,,,,False
2016-01-22,161.47300720214844,161.67640812580294,160.0830448500717,160.84582417859346,168319600,177.77260994296742,153.4213808573108,False,False,,,,,,False
2016-01-25,159.03208923339844,161.15940575271674,158.83715904162554,160.9644755609438,130371700,177.77260994296742,153.4213808573108,False,False,,,,,,False
2016-01-26,161.2017822265625,161.48147141771702,159.35415493836427,159.69316508572288,141036800,177.77260994296742,153.4213808573108,False,False,,,,,,False
2016-01-27,159.44741821289062,162.35446898867258,158.54054583268825,160.67634642111452,185681700,177.77260994296742,153.4213808573108,False,False,,,,,,False
2016-01-28,160.27801513671875,161.20182904914827,158.62531755658978,160.99842807461667,143798800,177.77260994296742,153.4213808573108,False,False,,,,,,False
2016-01-29,164.18516540527344,164.3207746741323,160.93062054713084,161.04927542427944,210529300,177.77260994296742,153.4213808573108,False,False,,,,,,False
2016-02-01,164.1258087158203,164.91402616577838,162.5917662555006,163.1765698304092,136061600,177.77260994296742,153.4213808573108,False,False,,,,,,False
2016-02-02,161.16790771484375,162.70195017314046,160.6424251047614,162.69347944467827,182564900,177.77260994296742,153.4213808573108,False,False,,,,,,False
2016-02-03,162.13412475585938,162.54093963264765,158.57446548603548,162.22735451224958,205054900,177.77260994296742,153.4213808573108,False,False,,,,,,False
2016-02-04,162.38833618164062,163.36300001003448,160.9983739491758,161.6340276457129,139531800,177.77260994296742,153.4213808573108,False,False,,,,,,False
2016-02-05,159.29486083984375,162.44770514097527,158.65920695546097,161.87138516002568,180788300,177.77260994296742,153.4213808573108,False,False,,,,,,False
2016-02-08,157.1505889892578,157.7438633598395,154.93004223118996,157.44723264075432,191526700,177.77260994296742,153.4213808573108,False,False,,,,,,False
2016-02-09,157.1590576171875,158.43884902705562,155.2690503860317,155.4046596496117,184513100,177.77260994296742,153.4213808573108,False,False,,,,,,False
2016-02-10,157.02340698242188,159.62534254892535,156.8962684921299,157.98960001957013,148214100,177.77260994296742,153.4213808573108,False,False,,,,,,False
2016-02-11,154.9808807373047,156.03183306590697,153.48073406696034,154.540157124354,219058900,177.77260994296742,153.4213808573108,False,False,,,,,,False
2016-02-12,158.1761016845703,158.19304314187306,155.9131756232765,156.76071405518024,127632400,177.77260994296742,153.4213808573108,False,False,short,,,multiple_top,,True
2016-02-16,160.84579467773438,160.87121978852795,159.02359276469468,159.98978577206938,120250700,176.90479765389327,153.4213808573108,False,False,,,,,,False
2016-02-17,163.47320556640625,163.84612451981164,161.88830001443336,162.01543852986296,136009500,176.90479765389327,153.4213808573108,False,False,,,,,,False
2016-02-18,162.80364990234375,163.80375194994778,162.49006482934385,163.7444180537533,102343000,176.7026069714552,153.4213808573108,False,False,,,,,,False
2016-02-19,162.7273712158203,162.87992191877856,161.41368412212734,162.02391279877943,114793000,176.1100347661309,153.4213808573108,False,False,,,,,,False
2016-02-22,165.08355712890625,165.22763712998835,164.24448931181553,164.31229394745623,103640300,176.1100347661309,153.4213808573108,False,False,,,,,,False
2016-02-23,162.99855041503906,164.6936267899089,162.879882653688,164.42240836237465,111455300,176.1100347661309,153.4213808573108,False,False,,,,,,False
2016-02-24,163.74441528320312,164.02410450536658,160.45597510553162,161.5662483334956,150812200,176.1100347661309,153.4213808573108,False,False,,,,,,False
2016-02-25,165.72763061523438,165.73611427482834,163.43080910424848,164.19358838804578,110728300,176.1100347661309,153.4213808573108,False,False,,,,,,False
2016-02-26,165.3462677001953,166.69385068785326,165.1852333307752,166.6006338765153,129833700,176.1100347661309,153.4213808573108,False,False,,,,,,False
2016-02-29,164.04953002929688,166.3124559970551,163.85459981909108,165.3632171309299,125918100,176.1100347661309,153.4213808573108,False,False,,,,,,False
2016-03-01,167.90585327148438,167.99061229471093,164.8038592481139,165.27847874039568,141799700,176.1100347661309,153.4213808573108,False,False,,,,,,False
2016-03-02,168.66015625,168.71100648923135,167.17696392116832,167.5922624289091,102415000,176.1100347661309,153.4213808573108,False,False,,,,,,False
2016-03-03,169.32119750976562,169.33815189653654,167.90581012597994,168.48212995211202,95172200,176.1100347661309,153.4213808573108,False,False,,,,,,False
2016-03-04,169.8721160888672,170.65186280098837,168.6855674963519,169.5161515111126,129293600,176.1100347661309,153.4213808573108,False,False,,,,,,False
2016-03-07,170.00770568847656,170.41453338667066,168.8720074622699,168.94828280602815,100219000,176.1100347661309,153.4213808573108,False,False,,,,,,False
2016-03-08,168.151611328125,169.43987330142576,167.99058989732077,168.931358027098,123974900,176.1100347661309,153.4213808573108,False,False,,,,,,False
2016-03-09,168.98219299316406,169.32967387288193,168.1770212498452,168.96523860582883,94801200,176.1100347661309,153.4213808573108,False,False,,,,,,False
2016-03-10,169.1177978515625,170.4145434339482,167.2871248313894,169.47377534157206,156838700,176.1100347661309,153.4213808573108,False,False,,,,,,False
2016-03-11,171.8468780517578,171.8892575574317,169.1008619648578,170.57557047599764,137964500,175.61844569483085,153.4213808573108,False,False,,,,,,False
2016-03-14,171.6265106201172,172.08417562484442,171.0078112646351,171.33835069371824,73612000,174.4996283319424,153.4213808573108,False,False,,,,,,False
2016-03-15,171.34683227539062,171.65194660867266,170.3975934306951,170.6603282586084,93169100,172.08417562484442,153.4213808573108,False,False,,,,,,False
2016-03-16,172.3384552001953,172.74528294364353,170.82136715403325,170.863746660527,129303200,172.74528294364353,153.4213808573108,False,False,,,,,,False
2016-03-17,173.4317626953125,173.94027790480766,171.8553409743026,172.25368500123147,134278500,173.94027790480766,153.4213808573108,False,False,,,,,,False
2016-03-18,174.11334228515625,174.45410103134813,173.619233003799,173.93443549398214,138372400,174.45410103134813,153.4213808573108,False,False,,,,,,False
2016-03-21,174.3603515625,174.59037081442185,173.61919430521965,173.8492135571415,72926700,174.59037081442185,153.4213808573108,False,False,,,,,,False
2016-03-22,174.26663208007812,174.83740997309445,173.42324986461207,173.58510177528976,97471900,174.83740997309445,153.4213808573108,False,False,,,,,,False
2016-03-23,173.1165771484375,174.0707118598421,172.94618480787767,173.8832906845147,81052500,174.83740997309445,153.4213808573108,False,False,,,,,,False
2016-03-24,173.03990173339844,173.07398540240297,171.86427513496162,172.08576698704715,84360900,174.83740997309445,153.4213808573108,False,False,,,,,,False
2016-03-28,173.14212036132812,173.6703001797799,172.6906092908885,173.45732276922877,62408200,174.83740997309445,153.4213808573108,False,False,,,,,,False
2016-03-29,174.7436981201172,174.85445053108205,172.42650290019068,172.73319088515476,92922900,174.85445053108205,153.4213808573108,False,False,,,,,,False
2016-03-30,175.51043701171875,176.2345524447843,175.14410908748897,175.7489706836827,86365300,176.2345524447843,153.4213808573108,False,False,,,,,,False
2016-03-31,175.0845184326172,175.84271768963615,174.92265347902105,175.41676275874656,94584100,176.2345524447843,153.4213808573108,False,False,,,,,,False
2016-04-01,176.27716064453125,176.46458182598812,173.77254394607206,174.08775938712822,114423500,176.46458182598812,153.48073406696034,False,False,,,,,,False
2016-04-04,175.70635986328125,176.40493199418893,175.39967187882826,176.2004690048505,63497000,176.46458182598812,153.48073406696034,False,False,,,,,,False
2016-04-05,173.9514617919922,175.71490829463204,173.69588625562233,174.36037485071697,99662200,176.46458182598812,153.48073406696034,False,False,,,,,,False
2016-04-06,175.85121154785156,175.91085147077712,173.7725496482917,173.95145641795702,91839800,176.46458182598812,153.48073406696034,False,False,,,,,,False
2016-04-07,173.74697875976562,175.11855388129385,173.01433590604665,174.7607533712139,113859000,176.46458182598812,153.48073406696034,False,False,,,,,,False
2016-04-08,174.21556091308594,175.36564438770728,173.678853558381,174.93116205328425,95040600,176.46458182598812,153.48073406696034,False,False,,,,,,False
2016-04-11,173.80661010742188,175.5530274864749,173.71289952613287,174.85445533520982,83757500,176.46458182598812,153.48073406696034,False,False,,,,,,False
2016-04-12,175.42526245117188,175.70639424185225,173.53402167685792,173.97701840754624,115350600,176.46458182598812,153.48073406696034,False,False,,,,,,False
2016-04-13,177.19723510742188,177.2824312854836,176.20901663799754,176.3453253232516,96336400,177.2824312854836,153.48073406696034,False,False,,,,,,False
2016-04-14,177.2057342529297,177.70837086159483,176.85646115084722,177.25685975482745,65212900,177.70837086159483,153.48073406696034,False,False,,,,,,False
2016-04-15,177.00982666015625,177.3420709799407,176.68609675914638,177.20576228487204,75761600,177.70837086159483,153.48073406696034,False,False,,,,,,False
2016-04-18,178.2535858154297,178.28765648296246,176.34530345584142,177.00979196516653,82531000,178.28765648296246,153.48073406696034,False,False,,,,,,False
2016-04-19,178.8158416748047,179.0714171858337,177.99801563844437,178.67954600148494,88316100,179.0714171858337,153.48073406696034,False,False,,,,,,False
2016-04-20,178.98623657226562,179.6847957800082,178.3813749541583,178.85844231536993,81100300,179.6847957800082,153.48073406696034,False,False,,,,,,False
2016-04-21,178.02359008789062,179.11403358058067,177.75097271516222,179.0032811480208,85695000,179.6847957800082,153.48073406696034,False,False,,,,,,False
2016-04-22,178.02359008789062,178.29619446150724,177.1205677891734,177.66578953551843,99251700,179.6847957800082,153.48073406696034,False,False,,,,,,False
2016-04-25,177.7168731689453,177.75947125140206,176.80532360098758,177.41869959085773,66166500,179.6847957800082,155.9131756232765,False,False,,,,,,False
2016-04-26,177.98101806640625,178.49216921558158,177.5039505933699,178.08324309659582,75864200,179.6847957800082,159.02359276469468,False,False,long,,,,channel_up,True
2016-04-27,178.3472900390625,178.7391611977084,177.23980489665044,177.5976053889787,77329400,179.6847957800082,160.45597510553162,False,False,,,,,,False
2016-04-28,176.72865295410156,178.6965621508387,176.31122554819342,177.58909001351464,97216200,179.6847957800082,160.45597510553162,False,False,,,,,,False
2016-04-29,175.77452087402344,176.456051198613,174.6670357214541,176.10676511988328,142424100,179.6847957800082,160.45597510553162,False,False,,,,,,False
2016-05-02,177.17166137695312,177.3505551344796,175.84268432460058,176.27715359198956,62188000,179.6847957800082,160.45597510553162,False,False,,,,,,False
2016-05-03,175.6297149658203,176.17493667898285,174.88003023555515,175.93640299191867,106422100,179.6847957800082,160.45597510553162,False,False,,,,,,False
2016-05-04,174.64999389648438,175.36560788684616,174.14737031923184,174.63296506272343,92243800,179.6847957800082,160.45597510553162,False,False,,,,,,False
2016-05-05,174.61593627929688,175.4763604164769,174.18998141946528,175.1185598941116,67619200,179.6847957800082,163.43080910424848,False,False,,,,,,False
2016-05-06,175.25486755371094,175.29746563926946,173.68735679839853,173.8406943074764,89315000,179.6847957800082,163.85459981909108,False,False,,,,,,False
2016-05-09,175.3997039794922,175.83417328735254,174.94819283629073,175.12709960959302,74374900,179.6847957800082,163.85459981909108,False,False,,,,,,False
2016-05-10,177.58059692382812,177.59763875974392,176.0386422508062,176.1067965953573,77472200,179.6847957800082,164.8038592481139,False,False,,,,,,False
2016-05-11,175.91934204101562,177.65723200065037,175.91934204101562,177.1205377626316,81727000,179.6847957800082,167.17696392116832,False,False,,,,,,False
2016-05-12,175.97048950195312,176.76277239032126,174.9567147411194,176.59238002784232,89586300,179.6847957800082,167.2871248313894,False,False,,,,,,False
2016-05-13,174.43699645996094,176.22601173185095,174.1132796672337,175.672275718656,96474600,179.6847957800082,167.2871248313894,False,False,,,,,,False
2016-05-16,176.15786743164062,176.63493473153017,174.54775879495895,174.60739870699965,77486800,179.6847957800082,167.2871248313894,False,False,,,,,,False
2016-05-17,174.5137176513672,176.1749390656082,173.98552476647453,175.88529287012233,114924900,179.6847957800082,167.2871248313894,False,False,,,,,,False
2016-05-18,174.56484985351562,175.74900402077907,173.47440628937858,174.1644511855311,120062100,179.6847957800082,167.2871248313894,False,False,,,,,,False
2016-05-19,173.95997619628906,174.24962240456628,172.75026585662087,173.84070934587422,115430500,179.6847957800082,167.2871248313894,False,False,short,,,,channel_down,True
2016-05-20,175.05889892578125,175.57856427366968,174.52219174706306,174.57330424044417,104990400,179.6847957800082,169.1008619648578,False,False,,,,,,False
2016-05-23,174.82040405273438,175.35709835134318,174.63298286937538,175.07596657630472,58682600,179.6847957800082,170.3975934306951,False,False,,,,,,False
2016-05-24,177.08644104003906,177.4016564254661,175.61264109968857,175.63819734727608,93537800,179.6847957800082,170.3975934306951,False,False,,,,,,False
2016-05-25,178.28762817382812,178.70506852970513,177.08643259804356,177.76796283247432,76621400,179.6847957800082,170.82136715403325,False,False,,,,,,False
2016-05-26,178.33877563476562,178.65399106697245,178.0235732016694,178.42397180544003,55280700,179.6847957800082,171.8553409743026,False,False,,,,,,False
2016-05-27,179.10549926757812,179.11401368486318,178.44952516153782,178.50063766346895,64211200,179.6847957800082,171.86427513496162,False,False,,,,,,False
2016-05-31,178.76475524902344,179.48888380271666,178.2024916425637,179.37813136532273,109879400,179.6847957800082,171.86427513496162,False,False,,,,,,False
2016-06-01,179.1310272216797,179.30992095017925,177.95538786653503,178.15132342602303,69936200,179.6847957800082,171.86427513496162,False,False,,,,,,False
2016-06-02,179.67626953125,179.69329836509291,178.25358195877797,178.7306492885758,63044700,179.69329836509291,171.86427513496162,False,False,,,,,,False
2016-06-03,179.1395721435547,179.4888582432025,177.92986191953818,179.11401589227415,101757100,179.69329836509291,171.86427513496162,False,False,,,,,,False
2016-06-06,180.0511474609375,180.40894802902957,179.33553332564102,179.49739827292103,64887000,180.40894802902957,172.42650290019068,False,False,,,,,,False
2016-06-07,180.33221435546875,180.89447780023937,180.17887687004512,180.2044331176157,60974800,180.89447780023937,172.42650290019068,False,False,long,,,multiple_bottom,,True
2016-06-08,180.92007446289065,181.0478687283998,180.340782056406,180.4685633228036,66170900,181.0478687283998,172.75026585662087,False,False,,,,,,False
2016-06-09,180.6730499267578,180.79231679066427,179.91485064925672,180.18745505285153,73786900,181.0478687283998,172.75026585662087,False,False,,,,,,False
2016-06-10,178.960693359375,179.63369636459402,178.41545862213923,179.2929376529333,113829200,181.0478687283998,172.75026585662087,False,False,,,,,,False
2016-06-13,177.58059692382812,179.21626219571883,177.4954137424733,178.35583796909606,117751200,181.0478687283998,172.75026585662087,False,False,,,,,,False
2016-06-14,177.2312774658203,177.82762461876018,176.2771428196919,177.19720679950555,125059300,181.0478687283998,172.75026585662087,False,False,,,,,,False
2016-06-15,176.98423767089844,178.3558127884568,176.79681649962137,177.23128576079444,109124500,181.0478687283998,172.75026585662087,False,False,,,,,,False
2016-06-16,177.512451171875,177.68284354105677,175.1441428303104,176.984271224927,149533100,181.0478687283998,172.75026585662087,False,False,,,,,,False
2016-06-17,176.85133361816406,177.43363852361935,176.19194818498954,177.4079493699499,117055700,181.0478687283998,172.75026585662087,False,False,,,,,,False
2016-06-20,177.9903106689453,179.49746467350835,177.90467142472673,178.82096168435217,82789600,181.0478687283998,172.75026585662087,False,False,,,,,,False
2016-06-21,178.49551391601562,178.90655346246095,177.93032637295858,178.37562683718943,72461700,181.0478687283998,172.75026585662087,False,False,,,,,,False
2016-06-22,178.20433044433594,179.40320102401796,178.05874116914447,178.6753069148979,95560500,181.0478687283998,172.75026585662087,False,False,,,,,,False
2016-06-23,180.52505493164065,180.5764332471206,179.20629692303993,179.66871482907283,102731400,181.0478687283998,172.75026585662087,False,False,,,,,,False
2016-06-24,174.0425567626953,180.5593050769725,173.59725627725683,174.37652886009613,333444400,181.0478687283998,172.75026585662087,False,False,,,,,,False
2016-06-27,170.9254913330078,172.63817155451406,170.11195777442185,172.62959979071013,230775800,181.0478687283998,170.11195777442185,False,False,,,,,,False
2016-06-28,174.00830078125,174.0339899381858,172.22711185566206,172.53539480560443,159382400,181.0478687283998,170.11195777442185,False,False,,,,,,False
2016-06-29,176.97122192382812,177.20242430846392,175.30992028583816,175.41267690123186,137328600,181.0478687283998,170.11195777442185,False,False,,,,,,False
2016-06-30,179.3861083984375,179.43748671030048,176.88559704298115,177.44222591049132,165021900,181.0478687283998,170.11195777442185,False,False,,,,,,False
2016-07-01,179.76292419433594,180.2510443558619,179.2234257140628,179.38613243457146,106055300,181.0478687283998,170.11195777442185,False,False,,,,,,False
2016-07-05,178.46981811523438,179.04356433301706,177.87038274342493,178.93223595442706,109803700,181.0478687283998,170.11195777442185,False,False,,,,,,False
2016-07-06,179.54025268554688,179.660139766317,177.3137633950026,177.97314887259418,96021500,181.0478687283998,170.11195777442185,False,False,,,,,,False
2016-07-07,179.4289093017578,180.3880058677437,178.65820857076355,179.72006174975914,85593800,181.0478687283998,170.11195777442185,False,False,,,,,,False
2016-07-08,182.10072326660156,182.34906922145487,180.4993714061796,180.73058689976736,133971000,182.34906922145487,170.11195777442185,False,False,,,,,,False
2016-07-11,182.74298095703125,183.3167403505053,182.3576305067251,182.56315684468805,73633900,183.3167403505053,170.11195777442185,False,False,,,,,,False
2016-07-12,184.07025146484375,184.36997564443453,182.7686112106832,183.71059028936045,101275600,184.36997564443453,170.11195777442185,False,False,,,,,,False
2016-07-13,184.04461669921875,184.49847591668473,183.55650962636673,184.48991721951657,87324100,184.49847591668473,170.11195777442185,False,False,,,,,,False
2016-07-14,185.0722198486328,185.543209521093,184.6783107165483,185.311994033392,91230900,185.543209521093,170.11195777442185,False,False,,,,,,False
2016-07-15,184.82386779785156,185.83434274786217,184.37856732946315,185.63738820224705,107155400,185.83434274786217,170.11195777442185,False,False,,,,,,False
2016-07-18,185.32049560546875,185.48320225493876,184.68679946192975,184.9437040102136,58725900,185.83434274786217,170.11195777442185,False,False,,,,,,False
2016-07-19,185.13217163085935,185.16641948612008,184.65262325693055,184.90095614103183,54345700,185.83434274786217,170.11195777442185,False,False,,,,,,False
2016-07-20,185.90284729003903,186.14262144447775,185.13214651744477,185.13214651744477,58159500,186.14262144447775,170.11195777442185,False,False,,,,,,False
2016-07-21,185.20068359375,186.01420410399504,184.75538306742223,185.79156037418787,67777300,186.14262144447775,170.11195777442185,False,False,,,,,,False
2016-07-22,186.03131103515625,186.08268934578908,185.05508393299735,185.32054724907476,62787500,186.14262144447775,170.11195777442185,False,False,,,,,,False
2016-07-25,185.52606201171875,185.8771645595355,184.9437570641599,185.82578624848168,55873100,186.14262144447775,170.11195777442185,False,False,,,,,,False
2016-07-26,185.61167907714844,185.97134027828923,184.76389784585993,185.4232832479732,70080500,186.14262144447775,170.11195777442185,False,False,,,,,,False
2016-07-27,185.41473388671875,186.05698886395425,184.64402007400955,185.98848009837715,84083900,186.14262144447775,170.11195777442185,False,False,,,,,,False
2016-07-28,185.6288299560547,185.91998242709792,184.7553594762132,185.21777733806357,65035700,186.14262144447775,170.11195777442185,False,False,,,,,,False
2016-07-29,185.92852783203125,186.288189047029,185.08075963479044,185.363353389441,79519400,186.288189047029,170.11195777442185,False,False,,,,,,False
2016-08-01,185.77444458007812,186.38243880308625,185.32058532063337,185.98852962950355,73311400,186.38243880308625,170.11195777442185,False,False,,,,,,False
2016-08-02,184.5840606689453,185.68017465172812,183.74485125921987,185.5260266812099,92295500,186.38243880308625,170.11195777442185,False,False,,,,,,False
2016-08-03,185.1235809326172,185.1835310065832,184.22443435682175,184.5241455265163,53993600,186.38243880308625,170.11195777442185,False,False,,,,,,False
2016-08-04,185.32049560546875,185.6373371438842,183.47079853787508,185.23485640047144,46585500,186.38243880308625,170.11195777442185,False,False,,,,,,False
2016-08-05,186.83627319335935,186.87909281088776,185.3205606532134,185.3205606532134,71892200,186.87909281088776,170.11195777442185,False,False,,,,,,False
2016-08-08,186.72494506835935,187.12742592545445,186.4594817512779,187.02465623708832,39906500,187.12742592545445,170.11195777442185,False,False,,,,,,False
2016-08-09,186.83627319335935,187.33295200992077,186.51087284691155,186.79346664254368,51251700,187.33295200992077,170.11195777442185,False,False,,,,,,False
2016-08-10,186.3738250732422,187.0246387273081,186.0227225598455,186.9475712682826,57941100,187.33295200992077,170.11195777442185,False,False,,,,,,False
2016-08-11,187.23870849609375,187.48705437727276,186.6392731967627,186.90473646741577,72504300,187.48705437727276,170.11195777442185,False,False,,,,,,False
2016-08-12,187.07601928710935,187.2901042609464,186.67353849095895,186.9304300061955,61313500,187.48705437727276,170.11195777442185,False,False,,,,,,False
2016-08-15,187.61550903320312,187.9666115347226,187.4356849682269,187.44424366337,49813500,187.9666115347226,170.11195777442185,False,False,,,,,,False
2016-08-16,186.64788818359375,187.26444101518504,186.64788818359375,187.19594530800688,53213600,187.9666115347226,170.11195777442185,False,False,,,,,,False
2016-08-17,186.99891662597656,187.1359341290203,185.8428657441538,186.68207508355755,75134300,187.9666115347226,170.11195777442185,False,False,,,,,,False
2016-08-18,187.4185791015625,187.45282695333856,186.8619633098963,186.97327862820245,52989300,187.9666115347226,170.11195777442185,False,False,,,,,,False
2016-08-19,187.14453125,187.3243683930101,186.45946972753148,186.94757671562584,75443000,187.9666115347226,170.11195777442185,False,False,,,,,,False
2016-08-22,187.135986328125,187.36720179566737,186.5365509184892,186.90477086058263,61368800,187.9666115347226,170.11195777442185,False,False,,,,,,False
2016-08-23,187.5127716064453,188.05226998998276,187.4528215341805,187.75254576208164,53399200,188.05226998998276,170.11195777442185,False,False,,,,,,False
2016-08-24,186.55369567871097,187.4614140924167,186.13408432644323,187.3672161589163,71728900,188.05226998998276,170.11195777442185,False,False,,,,,,False
2016-08-25,186.4252471923828,186.84485856798815,186.01420758093516,186.16834253521043,69224800,188.05226998998276,170.11195777442185,False,False,,,,,,False
2016-08-26,186.0740966796875,187.64120031150213,185.18350890643796,186.6135950141495,122506300,188.05226998998276,170.11195777442185,False,False,,,,,,False
2016-08-29,186.9904327392578,187.2558960909135,186.1683404588179,186.20260138163945,70502200,188.05226998998276,170.11195777442185,False,False,,,,,,False
2016-08-30,186.68211364746097,187.18735109425765,186.1254978930864,186.90475733586857,58114500,188.05226998998276,170.11195777442185,False,False,,,,,,False
2016-08-31,186.15118408203125,186.46802568485555,185.37191158494963,186.34813861351304,85269500,188.05226998998276,170.11195777442185,False,False,,,,,,False
2016-09-01,186.1597900390625,186.4509425624236,184.99516687890392,186.14265957689005,97844200,188.05226998998276,170.11195777442185,False,False,,,,,,False
2016-09-02,186.99891662597656,187.4270865229572,186.4251705320275,187.01604708053412,79293900,188.05226998998276,170.11195777442185,False,False,,,,,,False
2016-09-06,187.56411743164065,187.64118488259535,186.56220136910167,187.2815237114308,56702100,188.05226998998276,170.11195777442185,False,False,,,,,,False
2016-09-07,187.54701232910156,187.72684947234944,186.93901826710024,187.40143610204896,76554900,188.05226998998276,172.22711185566206,False,False,,,,,,False
2016-09-08,187.1188507080078,187.48708370665724,186.8105677820245,187.21304863168913,74102900,188.05226998998276,175.30992028583816,False,False,,,,,,False
2016-09-09,182.64019775390625,185.85147281719,182.6145085987369,185.80009450685137,221589100,188.05226998998276,176.88559704298115,False,False,,,,,,False
2016-09-12,185.2606201171875,185.6631010226013,181.8095704473984,181.87807922562985,168110900,188.05226998998276,177.3137633950026,False,False,,,,,,False
2016-09-13,182.59730529785156,184.24147590635351,181.9721809935867,183.97601269769476,182828800,188.05226998998276,177.3137633950026,False,False,,,,,,False
2016-09-14,182.5288543701172,183.85618390053668,181.97223863157544,182.64874143995897,134185500,188.05226998998276,177.3137633950026,False,False,,,,,,False
2016-09-15,184.35292053222656,184.73827101582668,182.18638083252827,182.36621802712284,134427900,188.05226998998276,178.65820857076355,False,False,,,,,,False
2016-09-16,183.64019775390625,183.91561702393977,182.9516758442497,183.73487148639103,155236400,188.05226998998276,180.4993714061796,False,False,,,,,,False
2016-09-19,183.6746368408203,184.9398162407312,183.34757973173168,184.29431708292827,80250500,188.05226998998276,181.8095704473984,False,False,,,,,,False
2016-09-20,183.68324279785156,184.69021993018805,183.64882195374113,184.5353064326198,69665300,188.05226998998276,181.8095704473984,False,False,,,,,,False
2016-09-21,185.74888610839844,185.92961855928027,183.70049744695777,184.389032664752,110284400,188.05226998998276,181.8095704473984,False,False,,,,,,False
2016-09-22,186.9193420410156,187.22058024336303,186.51484130553288,186.7644285422411,76678700,188.05226998998276,181.8095704473984,False,False,,,,,,False
2016-09-23,185.89520263671875,186.66119463948525,185.80052887760303,186.5234849657319,73630900,188.05226998998276,181.8095704473984,False,False,,,,,,False
2016-09-26,184.3890380859375,185.24108878772253,184.1910755045764,185.060356331527,89827300,188.05226998998276,181.8095704473984,False,False,,,,,,False
2016-09-27,185.53372192382812,185.6283825488649,183.85541320612575,184.22550630742447,78494800,188.05226998998276,181.8095704473984,False,False,,,,,,False
2016-09-28,186.45460510253903,186.6095317478963,184.79352670876403,185.7574680302204,87411000,188.05226998998276,181.8095704473984,False,False,,,,,,False
2016-09-29,184.7677001953125,186.65256011857448,184.2168746904396,186.24804620204264,128070600,188.05226998998276,181.8095704473984,False,False,,,,,,False
2016-09-30,186.16200256347656,186.8677416426851,185.35297466501245,185.60256195171965,117202900,188.05226998998276,181.8095704473984,False,False,,,,,,False
2016-10-03,185.7144317626953,185.93820010253964,185.0775344578399,185.748865742804,83512100,188.05226998998276,181.8095704473984,False,False,,,,,,False
2016-10-04,184.7677001953125,186.05009677460663,184.17385191300448,185.8263284276231,119948100,188.05226998998276,181.8095704473984,False,False,,,,,,False
2016-10-05,185.5853271484375,186.01565994755163,185.3271248424261,185.39597966621008,72816000,188.05226998998276,181.8095704473984,False,False,,,,,,False
2016-10-06,185.7144317626953,185.93820010253964,184.8193452706024,185.3615556965167,62927400,188.05226998998276,181.8095704473984,False,False,,,,,,False
2016-10-07,185.07752990722656,186.16197699782225,184.3459720068483,185.9898464996577,89788300,188.05226998998276,181.8095704473984,False,False,,,,,,False
2016-10-10,186.04150390625,186.50625761345503,185.89519231078327,186.04150390625,51855000,188.05226998998276,181.8095704473984,False,False,,,,,,False
2016-10-11,183.69187927246097,185.68002812749612,182.9603212862814,185.61117329361156,130367400,188.05226998998276,181.8095704473984,False,False,short,symmetric_triangle,down,,,True
2016-10-12,183.93283081054688,184.45783729378724,183.33035445101177,183.829542019725,73866100,188.05226998998276,181.8095704473984,False,False,,,,,,False
2016-10-13,183.3303985595703,183.82958624838616,181.78121078436132,182.59884058410307,101357000,188.05226998998276,181.78121078436132,False,False,,,,,,False
2016-10-14,183.42507934570312,184.7763308688641,183.3476225805163,184.31156401230905,93346200,188.05226998998276,181.78121078436132,False,False,,,,,,False
2016-10-17,182.78819274902344,183.6574604123934,182.60744716652792,183.39925806570704,58275700,188.05226998998276,181.78121078436132,False,False,,,,,,False
2016-10-18,183.93283081054688,184.4492222338026,183.55413588719796,184.38898247747713,76869700,188.05226998998276,181.78121078436132,False,False,,,,,,False
2016-10-19,184.42347717285156,184.73331740396787,183.83823069891997,184.1997087797692,66519200,188.05226998998276,181.78121078436132,False,False,,,,,,False
2016-10-20,184.07920837402344,184.63863589965095,183.41649202053875,184.0705933109498,73639800,188.05226998998276,181.78121078436132,False,False,,,,,,False
2016-10-21,184.1652374267578,184.25130924732895,183.1152242528263,184.07917873890264,89089100,188.05226998998276,181.78121078436132,False,False,,,,,,False
2016-10-24,184.9484405517578,185.31853360936657,184.59556448426736,185.04311429833535,60146600,188.05226998998276,181.78121078436132,False,False,,,,,,False
2016-10-25,184.3287811279297,185.0259182805126,184.16525253505873,184.76771593033305,66542300,188.05226998998276,181.78121078436132,False,False,,,,,,False
2016-10-26,183.95864868164065,184.5438949178869,183.26149859522255,183.50249701729769,75705500,188.05226998998276,181.78121078436132,False,False,,,,,,False
2016-10-27,183.46815490722656,184.71611788044137,183.3906981253012,184.68169702160336,77220200,188.05226998998276,181.78121078436132,False,False,,,,,,False
2016-10-28,182.9258728027344,184.12219753962472,182.21153186482985,183.4422774495756,140623200,188.05226998998276,181.78121078436132,False,False,,,,,,False
2016-10-31,182.9344787597656,183.48530422704823,182.77095019198072,183.26152276262044,61272500,188.05226998998276,181.78121078436132,False,False,,,,,,False
2016-11-01,181.6091156005859,183.3132436204312,180.39558660385495,183.2615926324528,122781800,188.05226998998276,180.39558660385495,False,False,,,,,,False
2016-11-02,180.5160675048828,181.6865736341625,180.07711949845344,181.2992634796144,103330800,187.72684947234944,180.07711949845344,False,False,,,,,,False
2016-11-03,179.68980407714844,180.94638191937483,179.4143978510756,180.7312154700888,88939300,187.72684947234944,179.4143978510756,False,False,,,,,,False
2016-11-04,179.49183654785156,180.6451254480473,179.34552495299536,179.80167672893424,109122100,187.72684947234944,179.34552495299536,False,False,short,,,,channel_down,True
2016-11-07,183.45086669921875,183.48530067741,179.4918128336888,179.4918128336888,109794900,187.72684947234944,179.34552495299536,False,False,,,,,,False
2016-11-08,184.27713012695312,184.84517263024625,182.7881821707904,183.0549864315964,106772100,187.72684947234944,179.34552495299536,False,False,,,,,,False
2016-11-09,186.2308349609375,186.85051527094143,182.75373842894697,182.77955734747084,258429000,187.72684947234944,179.34552495299536,False,False,,,,,,False
2016-11-10,186.6956024169922,187.89192721691936,185.232473350801,187.02265958607268,172113300,187.89192721691936,179.34552495299536,False,False,,,,,,False
2016-11-11,186.2652587890625,186.50624412095237,185.31853445169952,185.9726356192984,100552700,187.89192721691936,179.34552495299536,False,False,,,,,,False
2016-11-14,186.4115753173828,186.99683480514705,185.6628003829193,186.79027031545684,94580000,187.89192721691936,179.34552495299536,False,False,,,,,,False
2016-11-15,187.86610412597656,187.86610412597656,186.59232259303377,186.79887395189596,91652600,187.89192721691936,179.34552495299536,False,False,,,,,,False
2016-11-16,187.51321411132812,187.74559750549724,187.12591720952304,187.2464098708116,65617700,187.89192721691936,179.34552495299536,False,False,,,,,,False
2016-11-17,188.47718811035156,188.53742788089505,187.556269499148,187.6681602436499,69797200,188.53742788089505,179.34552495299536,False,False,,,,,,False
2016-11-18,188.0554656982422,188.71818200051808,187.8747201129971,188.54605147768095,86265800,188.71818200051808,179.34552495299536,False,False,,,,,,False
2016-11-21,189.47557067871097,189.5013896021019,188.48581026147528,188.6321218715969,72402600,189.5013896021019,179.34552495299536,False,False,,,,,,False
2016-11-22,189.8456268310547,190.02635925959552,189.11405579019603,189.78537393306416,67429000,190.02635925959552,179.34552495299536,False,False,,,,,,False
2016-11-23,189.948974609375,190.00061246570272,189.1313445745048,189.32929406800133,56620200,190.02635925959552,179.34552495299536,False,False,,,,,,False
2016-11-25,190.6546630859375,190.68908393437687,190.21571518886103,190.2931850801025,37872300,190.68908393437687,179.34552495299536,False,False,,,,,,False
2016-11-28,189.7595367431641,190.62020229296596,189.65626107965633,190.34479614604064,76572500,190.68908393437687,179.34552495299536,False,False,,,,,,False
2016-11-29,190.129638671875,190.5857903840373,189.49274140738677,189.79397961702512,69886700,190.68908393437687,179.34552495299536,False,False,,,,,,False
2016-11-30,189.6735687255859,190.91292981090908,189.61331580459813,190.7494011770511,113291800,190.91292981090908,179.34552495299536,False,False,,,,,,False
2016-12-01,188.9763946533203,189.9747569932889,188.6149034631232,189.9747569932889,79040500,190.91292981090908,179.34552495299536,False,False,,,,,,False
2016-12-02,189.071044921875,189.5616307011736,188.70956688420517,189.0624429921866,74840300,190.91292981090908,179.34552495299536,False,False,,,,,,False
2016-12-05,190.20716857910156,190.55142969448264,189.7079807688952,189.90593025360332,67837800,190.91292981090908,179.34552495299536,False,False,,,,,,False
2016-12-06,190.80958557128903,190.8440195540628,189.91449900992004,190.39646970702,59877400,190.91292981090908,179.34552495299536,False,False,,,,,,False
2016-12-07,193.3055419921875,193.36578176856935,190.53419709339596,190.65468977887744,110738100,193.36578176856935,179.34552495299536,False,False,,,,,,False
2016-12-08,193.77891540527344,194.2522842603853,193.01292330617207,193.27974075739436,99714400,194.2522842603853,179.34552495299536,False,False,,,,,,False
2016-12-09,194.94940185546875,194.9666188482964,193.96824338777537,194.00267737343063,88005800,194.9666188482964,179.34552495299536,False,False,,,,,,False
2016-12-12,194.72560119628903,195.33667957954293,194.30387030459465,194.85469578929985,102016100,195.33667957954293,179.34552495299536,False,False,,,,,,False
2016-12-13,196.0251617431641,196.5243492892035,195.3710607169983,195.38827770347217,110477500,196.5243492892035,179.34552495299536,False,False,,,,,,False
2016-12-14,194.40721130371097,196.4297682225917,193.9682633042001,195.7240290368056,142501800,196.5243492892035,179.34552495299536,False,False,,,,,,False
2016-12-15,195.2075958251953,196.0682615715311,194.4157849144924,194.64816834316383,124972600,196.5243492892035,179.34552495299536,False,False,,,,,,False
2016-12-16,194.82582092285156,195.72619652086163,194.50550184804672,195.66558847421015,156420200,196.5243492892035,179.34552495299536,False,False,,,,,,False
2016-12-19,195.24996948242188,195.6741860305722,194.86038986602037,195.00756380065565,90341100,196.5243492892035,179.34552495299536,False,False,,,,,,False
2016-12-20,196.0031890869141,196.15037625529695,195.55301458286152,195.7867544641546,89838800,196.5243492892035,179.34552495299536,False,False,,,,,,False
2016-12-21,195.45779418945312,196.04649005674287,195.45779418945312,195.8733449904883,67909000,196.5243492892035,179.34552495299536,False,False,,,,,,False
2016-12-22,195.1201629638672,195.4318293772006,194.72191740956032,195.31062650591105,56219100,196.5243492892035,179.34552495299536,False,False,,,,,,False
2016-12-23,195.4058380126953,195.41449064184647,194.9729687729624,195.1634190851337,36697800,196.5243492892035,179.34552495299536,False,False,,,,,,False
2016-12-27,195.89068603515625,196.28891841242293,195.6569329032073,195.6742513748651,42672500,196.5243492892035,179.34552495299536,False,False,,,,,,False
2016-12-28,194.271728515625,196.1676980847761,194.159191485166,196.15039282478065,64095000,196.5243492892035,179.34552495299536,False,False,,,,,,False
2016-12-29,194.2284698486328,194.6959629034167,193.78693468620676,194.3410068893433,48696100,196.5243492892035,179.34552495299536,False,False,,,,,,False
2016-12-30,193.51853942871097,194.6440021997166,192.82594593808267,194.55742305959228,108998300,196.5243492892035,179.34552495299536,False,False,,,,,,False
2017-01-03,194.99896240234375,195.5097449938197,193.82155740581817,194.82580411834576,91366500,196.5243492892035,179.34552495299536,False,False,,,,,,False
2017-01-04,196.15907287597656,196.30624686724428,195.31930529453055,195.32795792573788,78744400,196.5243492892035,179.34552495299536,True,False,short,,,,,True
2017-01-05,196.0031890869141,196.1590288845638,195.2067112603738,195.89065206596143,78379000,196.5243492892035,179.34552495299536,False,False,,,,,,False
2017-01-06,196.70448303222656,197.17197608733392,195.57035431256415,196.1157738852922,71559900,197.17197608733392,179.34552495299536,False,False,,,,,,False
2017-01-09,196.05516052246097,196.5832615735767,196.02052358231973,196.444740233256,46939700,197.17197608733392,179.34552495299536,False,False,,,,,,False
2017-01-10,196.05516052246097,196.91223324418567,195.66556760154376,196.07246578240944,63771900,197.17197608733392,179.34552495299536,False,False,,,,,,False
2017-01-11,196.6092529296875,196.6092529296875,195.30197911217496,195.96860157229153,74650000,197.17197608733392,179.34552495299536,False,False,,,,,,False
2017-01-12,196.11572265625,196.30618616490648,194.7565202100596,196.089751560535,72113200,197.17197608733392,179.34552495299536,False,False,,,,,,False
2017-01-13,196.56597900390625,196.8689796298098,196.25431253632365,196.2889362726664,62717900,197.17197608733392,179.34552495299536,False,False,,,,,,False
2017-01-17,195.87335205078125,196.33219243744952,195.48377233513563,195.9252942515177,61240800,197.17197608733392,179.34552495299536,False,False,,,,,,False
2017-01-18,196.30621337890625,196.34950294780575,195.57033033797964,196.12440247357696,54793300,197.17197608733392,179.34552495299536,False,False,,,,,,False
2017-01-19,195.5790100097656,196.5226619119531,195.1461407104001,196.38414056572665,66608800,197.17197608733392,179.4918128336888,False,False,,,,,,False
2017-01-20,196.29754638671875,196.79101044772725,195.6309240627816,196.26290945008472,129168600,197.17197608733392,182.75373842894697,False,False,,,,,,False
2017-01-23,195.7867431640625,196.3581337055979,195.02490231880216,196.2975388839855,75061600,197.17197608733392,182.75373842894697,False,False,,,,,,False
2017-01-24,197.04212951660156,197.45768038556835,195.89069548310331,196.0032325289986,95555300,197.45768038556835,185.232473350801,False,False,,,,,,False
2017-01-25,198.74761962890625,198.74761962890625,197.8299256030772,197.99441805308547,84437700,198.74761962890625,185.31853445169952,False,False,,,,,,False
2017-01-26,198.539794921875,198.86877975116255,198.26275228455495,198.60038974246373,59970700,198.86877975116255,185.6628003829193,False,False,,,,,,False
2017-01-27,198.22816467285156,198.7649183677941,198.04635375772324,198.6177443937009,59711100,198.86877975116255,186.59232259303377,False,False,,,,,,False
2017-01-30,196.99880981445312,197.56153458824696,196.0118683952572,197.5355634885409,79737300,198.86877975116255,187.12591720952304,False,False,,,,,,False
2017-01-31,196.98150634765625,197.04211439166787,195.93397001940147,196.50534746657547,75880800,198.86877975116255,187.556269499148,False,False,,,,,,False
2017-02-01,197.05943298339844,197.89920055498877,196.47073702523656,196.98151967307535,79117700,198.86877975116255,187.8747201129971,False,False,,,,,,False
2017-02-02,197.18931579589844,197.47501116428077,196.36686663789612,197.05944705929295,69657600,198.86877975116255,188.48581026147528,False,False,,,,,,False
2017-02-03,198.5484161376953,198.7302269909369,197.7865754258378,198.0982417384534,80563200,198.86877975116255,188.6149034631232,True,False,short,,,,,True
2017-02-06,198.19351196289065,198.5398152950767,197.8558744703351,198.14156976559303,57790100,198.86877975116255,188.6149034631232,False,False,,,,,,False
2017-02-07,198.20213317871097,198.8254658261855,198.01166969142045,198.58306015329188,57931200,198.86877975116255,188.6149034631232,False,False,,,,,,False
2017-02-08,198.46189880371097,198.59175429486405,197.6567551281981,198.2021746112835,51566200,198.86877975116255,188.6149034631232,False,False,,,,,,False
2017-02-09,199.6392822265625,199.94228274337823,198.46187746293737,198.46187746293737,65955200,199.94228274337823,188.6149034631232,False,False,,,,,,False
2017-02-10,200.42710876464844,200.65220922169695,199.65660205348237,199.98558689986365,66015900,200.65220922169695,188.6149034631232,False,False,,,,,,False
2017-02-13,201.5179443359375,201.77766851506317,200.8946115900841,200.92058268698463,55182100,201.77766851506317,188.6149034631232,False,False,,,,,,False
2017-02-14,202.32310485839844,202.33177069873477,200.98987324872715,201.3361633989964,71109000,202.33177069873477,188.70956688420517,False,False,,,,,,False
2017-02-15,203.37928771972656,203.569751247365,202.05470886577277,202.1066510623794,86785800,203.569751247365,189.7079807688952,False,False,,,,,,False
2017-02-16,203.2061309814453,203.58705801482787,202.45294275369733,203.4052471270333,84722400,203.58705801482787,189.91449900992004,False,False,,,,,,False
2017-02-17,203.5264892578125,203.5264892578125,202.52222928693735,202.5395477581933,77204100,203.58705801482787,190.53419709339596,False,False,,,,,,False
2017-02-21,204.7384796142578,204.91162465277733,203.8900464683087,203.89871230681248,88946100,204.91162465277733,192.82594593808267,False,False,,,,,,False
2017-02-22,204.55667114257812,204.7817583742883,204.16709149879827,204.33158391086795,62115200,204.91162465277733,192.82594593808267,False,False,,,,,,False
2017-02-23,204.69520568847656,205.09343798647993,203.9333516086501,205.0761327283898,74615900,205.09343798647993,192.82594593808267,False,False,,,,,,False
2017-02-24,204.95494079589844,204.99821715355117,203.80350698573864,203.84679655351272,82381600,205.09343798647993,192.82594593808267,False,False,,,,,,False
2017-02-27,205.27523803710935,205.44838307971168,204.61728159117263,204.868339921428,56515400,205.44838307971168,192.82594593808267,False,False,,,,,,False
2017-02-28,204.72120666503903,205.13675749190335,204.3316269392211,204.8943517420556,96961900,205.44838307971168,192.82594593808267,False,False,,,,,,False
2017-03-01,207.58673095703125,208.05423704219217,206.3660367692557,206.38335523429225,149158200,208.05423704219217,192.82594593808267,False,False,,,,,,False
2017-03-02,206.27947998046875,207.40494247545817,206.22753779318165,207.39627663749775,70246000,208.05423704219217,192.82594593808267,False,False,,,,,,False
2017-03-03,206.4093780517578,206.57387048553088,205.8120163544226,206.19294341997673,81974300,208.05423704219217,192.82594593808267,False,False,,,,,,False
2017-03-06,205.7947235107422,206.14966628858443,205.18869593709636,205.61291259662397,55391500,208.05423704219217,192.82594593808267,False,False,,,,,,False
2017-03-07,205.18002319335935,205.8466455329481,204.972241199039,205.49168957977943,65103700,208.05423704219217,192.82594593808267,False,False,,,,,,False
2017-03-08,204.79913330078125,205.7341326296871,204.66061194610108,205.4744083921927,78168800,208.05423704219217,192.82594593808267,False,False,,,,,,False
2017-03-09,205.0588531494141,205.38783805720732,204.0892301076527,204.92033179769868,90683900,208.05423704219217,192.82594593808267,False,False,,,,,,False
2017-03-10,205.77735900878903,206.06305426128185,204.82504150047993,206.0197646999733,81991700,208.05423704219217,192.82594593808267,False,False,,,,,,False
2017-03-13,205.88133239746097,205.924621977485,205.38786817353684,205.71683991944457,57256800,208.05423704219217,192.82594593808267,False,False,,,,,,False
2017-03-14,205.09344482421875,205.38780595313332,204.4787778885102,205.33585054676877,59880800,208.05423704219217,192.82594593808267,False,False,,,,,,False
2017-03-15,206.86822509765625,207.29244174529617,205.43109592577116,205.66484903448065,96081800,208.05423704219217,193.82155740581817,False,False,,,,,,False
2017-03-16,206.4613342285156,207.08466706705843,206.1323625488176,207.0067537647712,78344000,208.05423704219217,194.7565202100596,False,False,,,,,,False
2017-03-17,206.0987091064453,206.91604569138585,206.0987091064453,206.72475358565129,89002100,208.05423704219217,194.7565202100596,False,False,,,,,,False
2017-03-20,205.87274169921875,206.38574656251328,205.48146702836013,206.09880826585805,52537000,208.05423704219217,194.7565202100596,False,False,,,,,,False
2017-03-21,203.2293701171875,206.60305326782935,203.0989496933602,206.4813231163934,131809300,208.05423704219217,194.7565202100596,False,False,short,symmetric_triangle,down,,,True
2017-03-22,203.7076110839844,203.9945492989739,202.63812374999932,203.26416835223256,97569200,208.05423704219217,194.7565202100596,False,False,,,,,,False
2017-03-23,203.49026489257812,204.6293143802392,203.11638409117236,203.70764115411936,100410300,208.05423704219217,194.7565202100596,False,False,,,,,,False
2017-03-24,203.34239196777344,204.36840125782555,202.5598429590079,203.79453817627297,112504900,208.05423704219217,194.7565202100596,False,False,,,,,,False
2017-03-27,203.1337127685547,203.39456686931305,201.386012848378,201.6642474929537,87454500,208.05423704219217,195.02490231880216,False,False,,,,,,False
2017-03-28,204.61187744140625,205.03792630534875,202.71635006402084,202.82938993449883,93483900,208.05423704219217,195.02490231880216,False,False,,,,,,False
2017-03-29,204.80316162109375,205.03793163989064,204.09886483229388,204.3249445791319,61950400,208.05423704219217,195.02490231880216,False,False,,,,,,False
2017-03-30,205.45529174804688,205.65528741288264,204.56840636847855,204.74230468206505,56737900,208.05423704219217,195.02490231880216,False,False,,,,,,False
2017-03-31,204.97703552246097,205.6465445651758,204.92485409752737,205.11614618618543,73733100,208.05423704219217,195.02490231880216,False,False,long,,,multiple_bottom,,True
2017-04-03,204.62059020996097,205.22924098793237,203.3858948410498,205.0292585753686,85546500,208.05423704219217,195.02490231880216,False,False,,,,,,False
2017-04-04,204.75100708007812,204.8379628758166,203.95106417613255,204.3336484492351,56466200,208.05423704219217,195.89069548310331,False,False,,,,,,False
2017-04-05,204.142333984375,206.41174202197652,203.93364805798296,205.4291973614838,108800600,208.05423704219217,195.93397001940147,False,False,,,,,,False
2017-04-06,204.71620178222656,205.2378966750352,203.83799348780911,204.28144940442456,69135800,208.05423704219217,195.93397001940147,False,False,,,,,,False
2017-04-07,204.5075836181641,205.20319030662057,204.02066291652272,204.46410571246165,74412300,208.05423704219217,195.93397001940147,False,False,,,,,,False
2017-04-10,204.6292724609375,205.42921534742575,204.0988739607278,204.64666627322393,67615300,208.05423704219217,195.93397001940147,False,False,,,,,,False
2017-04-11,204.38580322265625,204.49013955663008,202.8902538536075,204.2466792656306,88045300,208.05423704219217,195.93397001940147,False,False,,,,,,False
2017-04-12,203.49026489257812,204.2989114846605,203.2641983569091,204.10761931309665,81864400,208.05423704219217,196.36686663789612,False,False,,,,,,False
2017-04-13,202.16860961914065,203.8902391301026,202.16860961914065,203.1511545480397,92880400,208.05423704219217,196.36686663789612,False,False,,,,,,False
2017-04-17,203.9597625732422,203.9597625732422,202.4902972284209,202.69027963246663,68405400,208.05423704219217,197.6567551281981,False,False,,,,,,False
2017-04-18,203.35107421875,203.89017619255569,202.66417129526803,203.22065381162992,83225800,208.05423704219217,197.6567551281981,False,False,,,,,,False
2017-04-19,202.97718811035156,204.29013548806833,202.75110838727136,203.9162548192655,68699900,208.05423704219217,197.6567551281981,False,False,,,,,,False
2017-04-20,204.6292724609375,205.07272843489773,203.27284698960557,203.59455954515212,92572200,208.05423704219217,197.6567551281981,False,False,long,,,multiple_bottom,,True
2017-04-21,203.9771423339844,204.6031868958525,203.5771775274299,204.55101872696204,110389800,208.05423704219217,198.46187746293737,False,False,,,,,,False
2017-04-24,206.2204742431641,206.4291601941839,203.95106593774156,206.22916451577632,119209900,208.05423704219217,199.65660205348237,False,False,,,,,,False
2017-04-25,207.42037963867188,207.7681762632812,206.7769412887948,206.86389707874253,76698300,208.05423704219217,200.8946115900841,False,False,,,,,,False
2017-04-26,207.2899475097656,208.27249221966895,207.24648288205628,207.38559357238975,84702500,208.27249221966895,200.98987324872715,False,False,,,,,,False
2017-04-27,207.46383666992188,207.76815536895333,206.92473470812456,207.61165088389535,57410300,208.27249221966895,201.386012848378,False,False,,,,,,False
2017-04-28,207.01174926757812,207.75082054729495,206.88131555873875,207.72473645904577,63532800,208.27249221966895,201.386012848378,False,False,,,,,,False
2017-05-01,207.53334045410156,207.9594024616337,207.11598198335955,207.53334045410156,66882500,208.27249221966895,201.386012848378,False,False,,,,,,False
2017-05-02,207.61170959472656,207.79429821226205,207.2030411891657,207.67256804470733,57375700,208.27249221966895,201.386012848378,False,False,,,,,,False
2017-05-03,207.35952758789065,207.70733751305977,206.68131481830085,207.61169144208725,73137700,208.27249221966895,201.386012848378,False,False,,,,,,False
2017-05-04,207.60301208496097,207.74213607123485,206.75090088732193,207.66388380430337,61462700,208.27249221966895,201.386012848378,False,False,,,,,,False
2017-05-05,208.4202880859375,208.4376818960432,207.53338951680195,207.9768454351646,62001300,208.4376818960432,201.386012848378,False,False,,,,,,False
2017-05-08,208.3855133056641,208.6115797662156,207.9594511982815,208.46376554959463,48385700,208.6115797662156,201.386012848378,False,False,,,,,,False
2017-05-09,208.1942138671875,208.84634241216023,207.84640401598185,208.64636003996023,51363200,208.84634241216023,201.386012848378,False,False,,,,,,False
2017-05-10,208.5680694580078,208.5680694580078,207.9420250686873,208.15071095432333,54293800,208.84634241216023,201.386012848378,False,False,,,,,,False
2017-05-11,208.14207458496097,208.3072826287567,207.05519352587427,208.11599050095015,62358300,208.84634241216023,201.386012848378,False,False,,,,,,False
2017-05-12,207.79428100585935,208.18555556434345,207.52473660485015,207.88992707727476,53912700,208.84634241216023,201.386012848378,False,False,,,,,,False
2017-05-15,208.9420166015625,209.0637467489809,208.20293217735656,208.22032598915663,61918900,209.0637467489809,201.386012848378,False,False,,,,,,False
2017-05-16,208.7507476806641,209.2637524112713,208.3594731110076,209.23766832446705,51241800,209.2637524112713,201.386012848378,False,False,,,,,,False
2017-05-17,205.0466766357422,208.75076318049537,204.98580491695083,208.75076318049537,172174100,209.2637524112713,201.386012848378,False,False,,,,,,False
2017-05-18,205.87274169921875,206.7248530462702,204.7075946943653,204.96844889746967,107047700,209.2637524112713,201.386012848378,False,False,,,,,,False
2017-05-19,207.21173095703125,207.88125351074495,206.3074516099162,206.3596197862276,115011400,209.2637524112713,201.386012848378,False,False,,,,,,False
2017-05-22,208.2637939453125,208.42900198055088,207.6551432372688,207.7246919459678,61010600,209.2637524112713,201.386012848378,False,False,,,,,,False
2017-05-23,208.72467041015625,208.8898784770401,208.2551302971608,208.63771460624068,48341700,209.2637524112713,201.386012848378,False,False,,,,,,False
2017-05-24,209.21156311035156,209.3158994470322,208.6202929114487,208.959412540843,46927700,209.3158994470322,201.386012848378,False,False,,,,,,False
2017-05-25,210.21144104003903,210.48968889864204,209.51584792870796,209.72452055507205,64071700,210.48968889864204,201.386012848378,False,False,,,,,,False
2017-05-26,210.1680603027344,210.33325510867513,209.9419805104903,210.02023277660865,46629900,210.48968889864204,201.386012848378,False,False,,,,,,False
2017-05-30,209.9854431152344,210.23759371022007,209.6898146197084,209.84631914054245,35201900,210.48968889864204,201.386012848378,False,False,,,,,,False
2017-05-31,209.93325805664065,210.3158423224758,209.2376515067213,210.28105469780456,91796000,210.48968889864204,201.386012848378,False,False,,,,,,False
2017-06-01,211.6027069091797,211.62010072160516,210.1071574627831,210.39409566364205,68962000,211.62010072160516,201.386012848378,False,False,,,,,,False
2017-06-02,212.30702209472656,212.46353988490813,211.3592648832464,211.6548933820873,88666100,212.46353988490813,201.386012848378,False,False,,,,,,False
2017-06-05,212.15054321289065,212.4200876572108,211.95054749750952,212.13314939685873,44698800,212.46353988490813,201.386012848378,False,False,,,,,,False
2017-06-06,211.4722900390625,212.14179925139388,211.39402451562816,211.58531665274904,50375400,212.46353988490813,201.386012848378,False,False,,,,,,False
2017-06-07,211.8636016845703,212.08966821912088,211.1419109077127,211.8114335048736,54144300,212.46353988490813,202.16860961914065,False,False,,,,,,False
2017-06-08,211.96788024902344,212.44611054517313,211.4374817874011,211.9591899773081,65950700,212.46353988490813,202.16860961914065,False,False,,,,,,False
2017-06-09,211.6461944580078,213.0373943608849,210.37671144488533,212.23745143152237,132256400,213.0373943608849,202.16860961914065,False,False,,,,,,False
2017-06-12,211.6027069091797,211.65487507886468,210.75059584661145,211.40272450285673,86108100,213.0373943608849,202.16860961914065,False,False,,,,,,False
2017-06-13,212.6374053955078,212.68957356165063,211.79398466262344,212.14178128196951,60067000,213.0373943608849,202.16860961914065,False,False,,,,,,False
2017-06-14,212.36785888671875,212.91563789329288,211.54181870580695,212.90694762155343,78602300,213.0373943608849,202.16860961914065,False,False,,,,,,False
2017-06-15,211.9591827392578,212.08091287706716,210.7331778221556,211.01141245103847,66464900,213.0373943608849,202.16860961914065,False,False,,,,,,False
2017-06-16,212.00550842285156,212.17152212336777,211.12303068025076,212.11909955105568,84553100,213.0373943608849,202.16860961914065,False,False,,,,,,False
2017-06-19,213.77053833007812,213.83169357115463,212.73951189489816,212.83562441570055,65123800,213.83169357115463,202.16860961914065,False,False,,,,,,False
2017-06-20,212.3287811279297,213.42096244725585,212.3113158260703,213.41222979632616,56906400,213.83169357115463,202.16860961914065,False,False,,,,,,False
2017-06-21,212.27639770507812,212.8355941104066,211.80458115432663,212.72201629820924,55977600,213.83169357115463,202.16860961914065,False,False,,,,,,False
2017-06-22,212.1802520751953,212.7831383136977,212.00550572561437,212.28511055077735,44148100,213.83169357115463,202.16860961914065,False,False,,,,,,False
2017-06-23,212.43365478515625,212.7656688640053,211.85697980758175,212.24142979263144,66986800,213.83169357115463,202.16860961914065,False,False,,,,,,False
2017-06-26,212.57342529296875,213.52581752080175,212.36373501566268,213.1064103016071,56700500,213.83169357115463,202.4902972284209,False,False,,,,,,False
2017-06-27,210.8608856201172,212.6520655635053,210.84340698681305,212.35498212649784,82247700,213.83169357115463,202.66417129526803,False,False,,,,,,False
2017-06-28,212.74819946289065,212.94915710309843,211.6472721028561,211.88318701319096,70042600,213.83169357115463,202.75110838727136,False,False,,,,,,False
2017-06-29,210.8783721923828,212.94914368514193,209.66386711169204,212.8967211155467,106949700,213.83169357115463,203.27284698960557,False,False,,,,,,False
2017-06-30,211.2715606689453,212.0666718826832,211.0793356868924,211.69095456965547,86820700,213.83169357115463,203.5771775274299,False,False,,,,,,False
2017-07-03,211.62982177734375,212.6521020180863,211.62982177734375,212.21522943662575,39153800,213.83169357115463,203.95106593774156,False,False,,,,,,False
2017-07-05,212.11912536621097,212.3288156809787,211.1842116052259,211.99680157183187,54427600,213.83169357115463,204.7075946943653,False,False,,,,,,False
2017-07-06,210.17941284179688,211.4725520189999,209.99592048156632,211.3502282229441,65400800,213.83169357115463,204.7075946943653,False,False,,,,,,False
2017-07-07,211.5423889160156,211.69092395661443,210.188081586416,210.75602379936544,57972300,213.83169357115463,204.7075946943653,False,False,,,,,,False
2017-07-10,211.7696228027344,212.14534017675217,211.2366376900304,211.54245384720087,36663300,213.83169357115463,204.7075946943653,False,False,,,,,,False
2017-07-11,211.6123504638672,211.92689926669547,210.44153510478725,211.76961819913453,50354600,213.83169357115463,204.7075946943653,False,False,,,,,,False
2017-07-12,213.2025146484375,213.36852833315984,212.58216315870652,212.58216315870652,59610400,213.83169357115463,204.7075946943653,False,False,,,,,,False
2017-07-13,213.560791015625,213.67438215308232,212.98411600863207,213.2112982835467,39471600,213.83169357115463,204.7075946943653,True,False,short,,,,,True
2017-07-14,214.55682373046875,214.91506238633556,213.46464246181935,213.56075494675216,60262700,214.91506238633556,204.7075946943653,False,False,,,,,,False
2017-07-17,214.5306396484375,214.86266706254003,214.35589328975448,214.47821707406183,33531900,214.91506238633556,204.7075946943653,False,False,,,,,,False
2017-07-18,214.64422607421875,214.6966486474448,213.77921361911143,214.1199736773733,42742500,214.91506238633556,204.7075946943653,False,False,,,,,,False
2017-07-19,215.80633544921875,215.8150681017428,214.95005553928004,214.95880152409805,51034300,215.8150681017428,204.7075946943653,False,False,long,symmetric_triangle,up,,,True
2017-07-20,215.9024353027344,216.18202682235125,215.35197158321972,216.05970303271388,47135200,216.18202682235125,204.7075946943653,False,False,,,,,,False
2017-07-21,215.71023559570312,215.73644688710675,215.09860324349924,215.3257855453903,82340800,216.18202682235125,204.7075946943653,False,False,,,,,,False
2017-07-24,215.65773010253903,215.79751915885112,215.1859003740809,215.63150548892287,46622300,216.18202682235125,204.7075946943653,False,False,,,,,,False
2017-07-25,216.1820373535156,216.51406479826,215.9548683994922,216.40920630753905,54915600,216.51406479826,204.7075946943653,False,False,,,,,,False
2017-07-26,216.1907501220703,216.5052989007153,215.92863725010992,216.47035496188477,47575400,216.51406479826,204.7075946943653,False,False,,,,,,False
2017-07-27,215.98976135253903,216.6887600190587,214.6616652193809,216.6538160852635,70766600,216.6887600190587,204.7075946943653,False,False,,,,,,False
2017-07-28,215.7364044189453,215.86746085016472,215.05488431202025,215.5092221617755,50088400,216.6887600190587,204.7075946943653,False,False,long,,,multiple_bottom,,True
2017-07-31,215.61404418945312,216.23439563541055,215.40434060266043,216.13828315800015,65838700,216.6887600190587,206.3074516099162,False,False,,,,,,False
2017-08-01,216.09458923339844,216.25185691165376,215.57033697463652,216.2169129828044,55050400,216.6887600190587,207.6551432372688,False,False,,,,,,False
2017-08-02,216.19949340820312,216.33929582636583,215.2645797355687,216.2257046950721,47211200,216.6887600190587,208.2551302971608,False,False,,,,,,False
2017-08-03,215.7800750732422,216.11208911345005,215.50047026855043,216.08587782954655,40856000,216.6887600190587,208.6202929114487,False,False,,,,,,False
2017-08-04,216.17332458496097,216.50533872795057,215.78887452564084,216.26943709979096,60191800,216.6887600190587,209.2376515067213,False,False,,,,,,False
2017-08-07,216.57518005371097,216.57518005371097,216.13830753117887,216.24316600254468,31995000,216.6887600190587,209.2376515067213,True,False,short,,,,,True
2017-08-08,216.0422210693359,217.4839085667453,215.6665170541975,216.2606573569168,61719400,217.4839085667453,209.2376515067213,False,False,,,,,,False
2017-08-09,216.0334625244141,216.0858850939834,214.99370378698433,215.3519424554299,62632600,217.4839085667453,209.2376515067213,False,False,,,,,,False
2017-08-10,212.9841156005859,215.325759564362,212.93169302410396,215.1946897908639,120479500,217.4839085667453,209.66386711169204,False,False,,,,,,False
2017-08-11,213.2986602783203,213.89281390900857,212.97537884138708,213.21129376329955,74869900,217.4839085667453,209.66386711169204,False,False,,,,,,False
2017-08-14,215.41311645507812,215.63155273552076,214.5481173171926,214.58306125585472,73291900,217.4839085667453,209.66386711169204,False,False,,,,,,False
2017-08-15,215.38690185546875,215.815041758177,215.0810990669277,215.79756312296848,55242700,217.4839085667453,209.66386711169204,False,False,,,,,,False
2017-08-16,215.76258850097656,216.31305210727757,215.33444865915465,215.9111235483947,56715500,217.4839085667453,209.66386711169204,False,False,,,,,,False
2017-08-17,212.39874267578125,215.46559722442424,212.39874267578125,215.15104838180173,128490400,217.4839085667453,209.66386711169204,False,False,,,,,,False
2017-08-18,212.06668090820312,213.35981993426535,211.62106237070964,212.2326812795031,136748000,217.4839085667453,209.66386711169204,False,False,,,,,,False
2017-08-21,212.23269653320312,212.4948227507521,211.2977961337735,212.0055275885504,65469700,217.4839085667453,209.66386711169204,False,False,,,,,,False
2017-08-22,214.4520263671875,214.60929410540697,212.80064845441385,212.81812709164728,63140100,217.4839085667453,209.66386711169204,False,False,,,,,,False
2017-08-23,213.68312072753903,214.11126066865043,213.33362798577423,213.48216306763896,50203800,217.4839085667453,209.66386711169204,False,False,,,,,,False
2017-08-24,213.1851348876953,214.2248806655115,212.97543120196215,214.06761290043377,50741700,217.4839085667453,209.66386711169204,False,False,,,,,,False
2017-08-25,213.68312072753903,214.60055584003857,213.53458564567435,213.9801908912685,64445900,217.4839085667453,209.66386711169204,False,False,,,,,,False
2017-08-28,213.6918487548828,214.24229911029164,213.27244150125696,214.21608782347656,40565600,217.4839085667453,209.66386711169204,False,False,,,,,,False
2017-08-29,213.93650817871097,214.1986210613908,212.25890573580116,212.37249687315784,51135700,217.4839085667453,209.66386711169204,False,False,,,,,,False
2017-08-30,214.95004272460935,215.2209149242336,213.73553748147455,213.9190298318919,62030800,217.4839085667453,209.66386711169204,False,False,,,,,,False
2017-08-31,216.24314880371097,216.48779633028764,214.98495390572216,215.5703614394799,103803900,217.4839085667453,209.66386711169204,False,False,,,,,,False
2017-09-01,216.5489959716797,216.97713589716864,216.4004608952349,216.61889718394073,62007000,217.4839085667453,209.66386711169204,False,False,,,,,,False
2017-09-05,214.99371337890625,216.2693870686034,214.02385580172935,216.04220481394543,91398800,217.4839085667453,209.66386711169204,False,False,,,,,,False
2017-09-06,215.72767639160156,216.0597038213834,215.14226872960788,215.67525381475036,57916900,217.4839085667453,209.66386711169204,False,False,,,,,,False
2017-09-07,215.7014312744141,216.05093728576384,215.29077004376,216.0334586521236,58034700,217.4839085667453,209.66386711169204,False,False,,,,,,False
2017-09-08,215.44808959960935,215.91117348168297,215.20344201407212,215.4131323260792,63832800,217.4839085667453,209.66386711169204,False,False,,,,,,False
2017-09-11,217.74603271484375,217.8246665778774,216.70627386264528,216.7237391662353,71364800,217.8246665778774,209.99592048156632,False,False,,,,,,False
2017-09-12,218.47998046875,218.51492440902808,217.9295167502449,218.11300910051096,56896000,218.51492440902808,209.99592048156632,False,False,,,,,,False
2017-09-13,218.58482360839844,218.61978088064765,218.0780498191289,218.1916409554993,59228000,218.61978088064765,209.99592048156632,False,False,,,,,,False
2017-09-14,218.514892578125,218.7158635354014,218.0867660436909,218.26151238421244,95446300,218.7158635354014,209.99592048156632,False,False,,,,,,False
2017-09-15,218.80902099609375,218.8968210628253,218.26461502761572,218.36998046707504,95432400,218.8968210628253,210.188081586416,False,False,,,,,,False
2017-09-18,219.2744903564453,219.62571756038795,218.888132393033,219.17790086559225,46235200,219.62571756038795,210.44153510478725,False,False,,,,,,False
2017-09-19,219.49398803710935,219.58180152825437,219.1691022370968,219.52032940476136,47108100,219.62571756038795,210.44153510478725,False,False,,,,,,False
2017-09-20,219.57305908203125,219.68721396523304,218.57204670187997,219.58184847209935,59574100,219.68721396523304,211.2977961337735,False,False,,,,,,False
2017-09-21,218.98471069335935,219.50277548216133,218.80909710036224,219.4149753848919,48211400,219.68721396523304,211.2977961337735,False,False,,,,,,False
2017-09-22,219.0285797119141,219.19541728598273,218.65978721060984,218.68612857509905,51214000,219.68721396523304,211.2977961337735,False,False,,,,,,False
2017-09-25,218.5807647705078,219.125184270504,217.83440372782604,218.77394372236827,57064400,219.68721396523304,211.2977961337735,False,False,,,,,,False
2017-09-26,218.7124786376953,219.25688472339672,218.47539294940808,219.01102304608276,54082000,219.68721396523304,211.2977961337735,False,False,,,,,,False
2017-09-27,219.56423950195312,219.9505974313564,218.52809656414811,219.41496728349415,81001400,219.9505974313564,211.2977961337735,False,False,,,,,,False
2017-09-28,219.8277130126953,219.9067371335489,219.19549324894555,219.28329336151816,44778800,219.9505974313564,211.2977961337735,False,False,,,,,,False
2017-09-29,220.6003875732422,220.6794250825019,219.6345060670511,219.8188956589195,85578000,220.6794250825019,211.2977961337735,False,False,,,,,,False
2017-10-02,221.55747985839844,221.55747985839844,220.6530437935887,220.8286707722048,59023000,221.55747985839844,211.2977961337735,False,False,,,,,,False
2017-10-03,222.03167724609375,222.0580186178668,221.47848164193948,221.55751915571844,66810200,222.0580186178668,211.2977961337735,False,False,,,,,,False
2017-10-04,222.29505920410156,222.5409208896779,221.7682050787483,221.8823599322148,55953600,222.5409208896779,211.2977961337735,False,False,,,,,,False
2017-10-05,223.61215209960935,223.6297040759749,222.33014770679983,222.6286920864763,63522800,223.6297040759749,211.2977961337735,False,False,,,,,,False
2017-10-06,223.35755920410156,223.64732767102825,222.9009665275432,223.16438022615043,80646000,223.64732767102825,211.2977961337735,False,False,,,,,,False
2017-10-09,222.9887237548828,223.6472846717008,222.7252967084644,223.5858259533283,35803100,223.64732767102825,211.2977961337735,False,False,,,,,,False
2017-10-10,223.57704162597656,223.95462352736135,223.0150701668452,223.5594896480193,43057400,223.95462352736135,211.2977961337735,False,False,,,,,,False
2017-10-11,223.92828369140625,223.92828369140625,223.31362949729203,223.4804536797643,47674300,223.95462352736135,211.2977961337735,False,False,,,,,,False
2017-10-12,223.59466552734375,223.96345813782332,223.35757977829977,223.61223090835512,47065100,223.96345813782332,211.2977961337735,False,False,,,,,,False
2017-10-13,223.8667907714844,224.14778317608815,223.594587753559,224.033628336911,54800400,224.14778317608815,211.2977961337735,False,False,,,,,,False
2017-10-16,224.1653289794922,224.35850790272377,223.7526431690847,224.09509427873064,38221700,224.35850790272377,211.2977961337735,False,False,,,,,,False
2017-10-17,224.32345581054688,224.367362560137,223.89319110209777,224.1127114515896,31561000,224.367362560137,211.2977961337735,False,False,,,,,,False
2017-10-18,224.54298400878903,224.74493898581224,224.34980502260711,224.7010322346874,40888300,224.74493898581224,211.2977961337735,False,False,,,,,,False
2017-10-19,224.6044158935547,224.63954664963893,223.3399900421331,223.7614653259403,61903800,224.74493898581224,211.2977961337735,False,False,,,,,,False
2017-10-20,225.76348876953125,225.7898569357405,224.58687634473773,225.4034989881751,89176400,225.7898569357405,211.2977961337735,False,False,,,,,,False
2017-10-23,224.8853759765625,226.114711163555,224.80635187972663,226.08836979794305,63915300,226.114711163555,211.2977961337735,False,False,,,,,,False
2017-10-24,225.28057861328125,225.51765096204184,224.9205619968465,225.31570937503383,66935900,226.114711163555,211.2977961337735,False,False,,,,,,False
2017-10-25,224.1653289794922,225.06097549643349,223.0326102009571,224.94682066039985,103715300,226.114711163555,211.2977961337735,False,False,,,,,,False
2017-10-26,224.45510864257812,225.05219741823777,224.3321778123861,224.7800077925864,69798000,226.114711163555,211.2977961337735,False,False,,,,,,False
2017-10-27,226.2902984619141,226.44837344350617,224.46390135725696,225.20148634934415,85562500,226.44837344350617,211.2977961337735,False,False,,,,,,False
2017-10-30,225.4473419189453,226.1937162778644,225.14879753475984,225.20148026156252,54285700,226.44837344350617,211.2977961337735,False,False,long,,,multiple_bottom,,True
2017-10-31,225.798583984375,226.05323504539385,225.5000395804172,225.8249253495209,60304800,226.44837344350617,212.25890573580116,False,False,,,,,,False
2017-11-01,226.09713745117188,226.92253598804555,225.7283583243471,226.58009822742255,54202700,226.92253598804555,212.25890573580116,False,False,,,,,,False
2017-11-02,226.1849670410156,226.32546326973244,224.9556585358881,226.02691883255255,56449500,226.92253598804555,212.25890573580116,False,False,,,,,,False
2017-11-03,226.9401092529297,226.98400259656225,225.9302943802501,226.34299363866583,59589700,226.98400259656225,212.25890573580116,False,False,,,,,,False
2017-11-06,227.29135131835935,227.42305815481896,226.73815580831425,226.8083905221211,49652600,227.42305815481896,212.25890573580116,False,False,,,,,,False
2017-11-07,227.1332550048828,227.73034373497185,226.62395294922928,227.39666862200764,57502200,227.73034373497185,212.25890573580116,False,False,,,,,,False
2017-11-08,227.5196228027344,227.61622567589356,226.67667229483763,226.95766472977436,50469600,227.73034373497185,213.73553748147455,False,False,,,,,,False
2017-11-09,226.6942901611328,226.8874691438493,225.10493815060445,226.30793219569975,95085500,227.73034373497185,214.02385580172935,False,False,,,,,,False
2017-11-10,226.62400817871097,226.79963516420148,225.9917885466269,226.30791176112675,59984700,227.73034373497185,214.02385580172935,False,False,,,,,,False
2017-11-13,226.8347320556641,227.06304177030455,225.903968014781,225.93909877016756,50228600,227.73034373497185,214.02385580172935,False,False,,,,,,False
2017-11-14,226.3079071044922,226.4132725748522,225.24540941889353,226.0269146522554,61315200,227.73034373497185,215.14226872960788,False,False,,,,,,False
2017-11-15,225.17514038085935,225.8600426307149,224.46389676742908,225.3331885623081,80811500,227.73034373497185,215.20344201407212,False,False,,,,,,False
2017-11-16,227.08941650390625,227.458222497367,226.07962821272113,226.12352156571745,67777000,227.73034373497185,215.20344201407212,False,False,,,,,,False
2017-11-17,226.4220428466797,227.06305187566716,226.34301874122903,226.7381660653982,75756800,227.73034373497185,216.70627386264528,False,False,,,,,,False
2017-11-20,226.8083648681641,227.00154380542625,226.4220069936397,226.66789545643863,48075500,227.73034373497185,217.83440372782604,False,False,,,,,,False
2017-11-21,228.2923583984375,228.47677477312163,226.77329483434357,227.58111465870104,69176800,228.47677477312163,217.83440372782604,False,False,long,,,multiple_bottom,,True
2017-11-22,228.0904083251953,228.4328460996946,227.92357073351891,228.30113926334872,45033400,228.47677477312163,217.83440372782604,False,False,,,,,,False
2017-11-24,228.61724853515625,228.7226408070783,228.4416483424521,228.5821445747652,27856500,228.7226408070783,217.83440372782604,False,False,,,,,,False
2017-11-27,228.50311279296875,228.95970543496196,228.30114444138104,228.66116100016845,52274900,228.95970543496196,217.83440372782604,False,False,,,,,,False
2017-11-28,230.8212432861328,230.84758465510984,228.87190159108317,228.96850447527663,98971700,230.84758465510984,217.83440372782604,False,False,,,,,,False
2017-11-29,230.68072509765625,231.48857166425947,230.2329218676663,230.95292815015088,77512100,231.48857166425947,217.83440372782604,False,False,,,,,,False
2017-11-30,232.70034790039065,233.6135332136008,231.5237221031682,231.602746209297,127894400,233.6135332136008,217.83440372782604,False,False,,,,,,False
2017-12-01,232.2173614501953,232.9637358771509,228.96847688126124,232.48080190513377,164390900,233.6135332136008,217.83440372782604,False,False,,,,,,False
2017-12-04,231.9364013671875,234.27207398270193,231.88369183740713,233.84182273198832,94040600,234.27207398270193,217.83440372782604,False,False,,,,,,False
2017-12-05,231.10223388671875,232.82326583879023,230.97052704289732,231.10223388671875,77994500,234.27207398270193,218.47539294940808,False,False,,,,,,False
2017-12-06,231.1461181640625,231.5763962328808,230.68073613621377,231.1988008995235,75898600,234.27207398270193,218.52809656414811,False,False,,,,,,False
2017-12-07,231.8749542236328,232.19105065488048,230.88271798624396,231.8749542236328,77218600,234.27207398270193,219.19549324894555,False,False,,,,,,False
2017-12-08,233.13937377929688,233.1481363703664,231.83980381263683,232.8320399659141,76563900,234.27207398270193,219.6345060670511,False,False,,,,,,False
2017-12-11,233.84185791015625,233.90333004005265,233.11306213125812,233.84185791015625,83077500,234.27207398270193,220.6530437935887,True,False,short,,,,,True
2017-12-12,234.25454711914065,234.7287185626895,233.87697856081323,234.632115677468,85195800,234.7287185626895,221.47848164193948,False,False,,,,,,False
2017-12-13,234.22813415527344,234.93937770473823,234.14032068561792,234.5003371533694,102905400,234.93937770473823,221.7682050787483,False,False,,,,,,False
2017-12-14,233.2711181640625,234.64092306434856,233.21843542150685,234.52676818983824,100666700,234.93937770473823,222.33014770679983,False,False,,,,,,False
2017-12-15,235.21365356445312,235.68141441656053,234.22517983425556,234.27813186023835,144610300,235.68141441656053,222.7252967084644,False,False,,,,,,False
2017-12-18,236.7051696777344,237.05819211930051,236.51100329479013,236.61690733387135,83653600,237.05819211930051,222.7252967084644,False,False,,,,,,False
2017-12-19,235.7960968017578,236.9963783509173,235.725476161288,236.95226065103572,82382900,237.05819211930051,223.0150701668452,False,False,,,,,,False
2017-12-20,235.6725616455078,236.8198913638068,235.372491210474,236.76693934197067,76751500,237.05819211930051,223.0326102009571,False,False,,,,,,False
2017-12-21,236.157958984375,236.87286513127825,235.91084057659003,236.29917335080737,67032300,237.05819211930051,223.0326102009571,False,False,,,,,,False
2017-12-22,236.09616088867188,236.2108992259614,235.5577795215169,236.1755889066688,78720900,237.05819211930051,223.0326102009571,False,False,long,,,multiple_bottom,,True
2017-12-26,235.81375122070312,236.03439359978353,235.54899113936028,235.69017856015367,45244400,237.05819211930051,223.0326102009571,False,False,,,,,,False
2017-12-27,235.92852783203125,236.2903846244781,235.6549333923085,235.981479856888,57751000,237.05819211930051,223.0326102009571,False,False,,,,,,False
2017-12-28,236.41392517089844,236.45806981323372,236.0432610050545,236.43159380138772,45116100,237.05819211930051,223.0326102009571,False,False,,,,,,False
2017-12-29,235.5225372314453,237.01408217926863,235.32839775396488,236.9964404814677,96007400,237.05819211930051,223.0326102009571,False,False,,,,,,False
2018-01-02,237.20822143554688,237.24353176099643,235.99910539429536,236.38743817258023,86655700,237.24353176099643,223.0326102009571,False,False,,,,,,False
2018-01-03,238.70855712890625,238.8586057843721,237.3758686578149,237.3758686578149,90070400,238.8586057843721,223.0326102009571,False,False,,,,,,False
2018-01-04,239.71473693847656,240.20016642095095,238.77040785424893,239.35290707288476,80636400,240.20016642095095,223.0326102009571,False,False,,,,,,False
2018-01-05,241.31219482421875,241.43574056410353,240.01481641904977,240.509053246363,83524000,241.43574056410353,223.0326102009571,False,False,,,,,,False
2018-01-08,241.7534637451172,241.91231980048295,240.92384621080444,241.21508231230837,57319200,241.91231980048295,224.3321778123861,False,False,,,,,,False
2018-01-09,242.3007049560547,242.9273219325383,241.894703481586,242.17713226367957,57254000,242.9273219325383,224.46389676742908,False,False,,,,,,False
2018-01-10,241.92996215820312,242.1947491850902,240.87089485231095,241.5416293992104,69574300,242.9273219325383,224.46389676742908,False,False,,,,,,False
2018-01-11,243.6951446533203,243.6951446533203,242.3183380568296,242.4860284568795,62361500,243.6951446533203,224.46389676742908,False,False,,,,,,False
2018-01-12,245.28372192382812,245.4513853459865,243.65977037754436,243.95986770279555,90816100,245.4513853459865,224.46389676742908,False,False,,,,,,False
2018-01-16,244.44529724121097,247.19891001678477,243.7480597326887,246.5458171475204,106555100,247.19891001678477,224.46389676742908,False,False,,,,,,False
2018-01-17,246.7752227783203,247.16355547811463,244.44525351343543,245.38077494460876,113258800,247.19891001678477,224.46389676742908,False,False,,,,,,False
2018-01-18,246.36045837402344,247.08414488021808,245.86619468444889,246.6605287661301,100728000,247.19891001678477,224.46389676742908,False,False,,,,,,False
2018-01-19,247.4813537597656,247.4813537597656,246.36050002324103,246.9429722785836,140920100,247.4813537597656,224.46389676742908,False,False,,,,,,False
2018-01-22,249.49359130859375,249.49359130859375,247.2165467586504,247.26952571147552,91322400,249.49359130859375,224.46389676742908,False,False,,,,,,False
2018-01-23,250.02313232421875,250.31436842127192,249.21115649717143,249.5377029172836,97084700,250.31436842127192,224.46389676742908,False,False,,,,,,False
2018-01-24,249.92599487304688,251.26751759145824,248.7433551155235,250.6673499329624,134816100,251.26751759145824,224.46389676742908,False,False,,,,,,False
2018-01-25,250.0319366455078,250.8880301654911,249.23762945665055,250.79096044562263,84587300,251.26751759145824,224.46389676742908,False,False,,,,,,False
2018-01-26,252.9268341064453,252.97097875550224,250.6145056068504,250.8704583829261,107743100,252.97097875550224,224.46389676742908,False,False,,,,,,False
2018-01-29,251.2499542236328,252.79445131230636,251.09109813007467,252.3531664298282,90118300,252.97097875550224,224.46389676742908,False,False,,,,,,False
2018-01-30,248.6727600097656,251.30279955496465,248.19616499755548,249.41411506549235,131796400,252.97097875550224,226.07962821272113,False,False,,,,,,False
2018-01-31,248.79627990722656,250.03187153858377,247.7195442854987,249.52882750809093,108364800,252.97097875550224,226.34301874122903,False,False,,,,,,False
2018-02-01,248.51394653320312,249.82015929215044,247.7196392466882,248.06385433338113,90102500,252.97097875550224,226.4220069936397,False,False,,,,,,False
2018-02-02,243.10385131835935,247.32253369645537,243.06854098644752,247.1901266852589,173174800,252.97097875550224,226.77329483434357,False,False,,,,,,False
2018-02-05,232.9366149902344,243.45685768923465,232.38942608440385,241.33869579116256,294681800,252.97097875550224,227.92357073351891,False,False,,,,,,False
2018-02-06,237.5259704589844,238.0290416156647,228.3207756191382,229.41515334899344,355026800,252.97097875550224,228.30114444138104,False,False,,,,,,False
2018-02-07,236.2373962402344,240.3766225268729,236.15794128128965,236.96991709393592,167376100,252.97097875550224,228.30114444138104,False,False,,,,,,False
2018-02-08,227.3763732910156,236.6786629000647,227.34106297128355,236.53744855501876,246449500,252.97097875550224,227.34106297128355,False,False,,,,,,False
2018-02-09,230.79197692871097,232.6541860704996,223.21952727425176,230.17416736414123,283565300,252.97097875550224,223.21952727425176,False,False,,,,,,False
2018-02-12,234.18101501464844,235.65491810122617,230.9331653426996,232.84832629648855,143736000,252.97097875550224,223.21952727425176,False,False,,,,,,False
2018-02-13,234.7635040283203,235.31069284858867,232.38938974640575,232.97188889072277,81223600,252.97097875550224,223.21952727425176,False,False,,,,,,False
2018-02-14,237.93191528320312,238.29377202093067,233.26311494915728,233.2719492632603,120735700,252.97097875550224,223.21952727425176,False,False,,,,,,False
2018-02-15,240.9678497314453,240.9766840416301,237.20809659938232,239.67930633647265,111200300,252.97097875550224,223.21952727425176,False,False,,,,,,False
2018-02-16,241.0385284423828,242.98902631022412,240.2971733398899,240.34131797251425,160420100,252.97097875550224,223.21952727425176,False,False,,,,,,False
2018-02-20,239.5293426513672,241.53279253476495,238.7350355354379,240.08536571268232,86369700,252.97097875550224,223.21952727425176,False,False,,,,,,False
2018-02-21,238.33787536621097,242.45948665527047,238.2408056524626,239.97063427773688,98883700,252.97097875550224,223.21952727425176,False,False,,,,,,False
2018-02-22,238.64675903320312,240.98556254329444,237.97602460800815,239.26456838328633,110511300,252.97097875550224,223.21952727425176,False,False,,,,,,False
2018-02-23,242.45068359375,242.45068359375,239.39700036559773,239.87359548385055,92766400,252.97097875550224,223.21952727425176,False,False,,,,,,False
2018-02-26,245.26608276367188,245.36317942383232,242.9361130603428,243.5274196004712,86491400,252.97097875550224,223.21952727425176,False,False,,,,,,False
2018-02-27,242.2035675048828,246.16632330169108,242.14178116909667,245.45141715052657,99099200,252.97097875550224,223.21952727425176,False,False,,,,,,False
2018-02-28,239.7500457763672,243.7569196247977,239.43233362302615,243.3068004736756,121907800,252.97097875550224,223.21952727425176,False,False,,,,,,False
2018-03-01,236.2639007568359,241.0915577109511,234.7635216120759,239.5382265430948,176855100,252.97097875550224,223.21952727425176,False,False,,,,,,False
2018-03-02,237.4818572998047,238.0467148700246,233.72212846685747,234.58702958715608,139083200,252.97097875550224,223.21952727425176,False,False,,,,,,False
2018-03-05,240.22666931152344,240.84447892783632,236.1844846573686,236.29041565488183,97307400,252.97097875550224,223.21952727425176,False,False,,,,,,False
2018-03-06,240.83560180664065,241.28572093092131,239.33522268162983,241.2062659634352,79213200,252.97097875550224,223.21952727425176,False,False,,,,,,False
2018-03-07,240.747314453125,241.10033687708273,238.4702969247958,238.66446329805524,87063500,252.97097875550224,223.21952727425176,False,False,,,,,,False
2018-03-08,241.9123382568359,242.03588399802885,240.42962775919693,241.42690880544723,66901200,252.97097875550224,223.21952727425176,False,False,,,,,,False
2018-03-09,246.12220764160156,246.12220764160156,243.0067376816024,243.32447677885332,113625300,252.97097875550224,223.21952727425176,False,False,,,,,,False
2018-03-12,245.8132476806641,247.04003221511033,245.42491494557916,246.41341541099396,71924800,252.97097875550224,223.21952727425176,False,False,,,,,,False
2018-03-13,244.2246551513672,247.48133905489675,243.61567998671455,246.97826793037743,91968900,252.97097875550224,223.21952727425176,False,False,,,,,,False
2018-03-14,242.97137451171875,245.37196464819485,242.4153783467525,245.1866325932061,105895100,252.97097875550224,223.21952727425176,False,False,,,,,,False
2018-03-15,242.7066192626953,244.1275432690233,242.20354816954583,243.48328475375743,83433000,252.97097875550224,223.21952727425176,False,False,,,,,,False
2018-03-16,242.96974182128903,244.0242078062755,242.9165777415208,243.23556222013033,100343700,252.97097875550224,223.21952727425176,False,False,,,,,,False
2018-03-19,239.68231201171875,243.14698261522844,238.02530151476924,242.21658403898252,109208400,252.97097875550224,223.21952727425176,False,False,,,,,,False
2018-03-20,240.09002685546875,240.72802318182616,239.40770907872775,240.08115715703937,59757300,252.97097875550224,223.21952727425176,False,False,,,,,,False
2018-03-21,239.62918090820312,242.1457138914619,239.4165245281906,240.04565101356593,78709600,252.97097875550224,223.21952727425176,False,False,,,,,,False
2018-03-22,233.63912963867188,238.2468557136502,233.36441243083055,237.39620316841305,148785900,252.97097875550224,223.21952727425176,False,False,,,,,,False
2018-03-23,228.65924072265625,234.41007694670787,228.464296663506,234.08222262944645,183534800,252.97097875550224,223.21952727425176,False,False,,,,,,False
2018-03-26,234.9151153564453,235.19867524342604,229.86433669817697,232.27454165399485,141956100,252.97097875550224,223.21952727425176,False,False,,,,,,False
2018-03-27,230.91880798339844,236.38605689177055,229.35925561348856,235.85441589453748,129941400,252.97097875550224,223.21952727425176,False,False,,,,,,False
2018-03-28,230.23646545410156,232.72644338397637,229.1288350931325,231.05169329814785,146452300,252.97097875550224,223.21952727425176,False,False,,,,,,False
2018-03-29,233.17837524414065,235.0480696523385,230.2453717454646,231.379584333698,111601600,252.97097875550224,223.21952727425176,False,False,,,,,,False
2018-04-02,228.1452789306641,233.160632595628,225.66418414594617,232.6466769498457,186286300,252.97097875550224,223.21952727425176,False,False,,,,,,False
2018-04-03,231.0694274902344,231.5479314230945,227.5870437962044,229.38583459077475,119956900,252.97097875550224,223.21952727425176,False,False,,,,,,False
2018-04-04,233.5416717529297,234.2505444509207,227.37439274677595,227.50730299742924,123715300,252.97097875550224,223.21952727425176,False,False,,,,,,False
2018-04-05,235.38475036621097,236.2708546328356,234.21508624424493,235.30497718546928,82652600,252.97097875550224,223.21952727425176,False,False,,,,,,False
2018-04-06,230.13900756835935,234.91509563572035,228.61490710598252,233.41760426216345,179521200,252.97097875550224,223.21952727425176,False,False,,,,,,False
2018-04-09,231.2732391357422,234.6758766504294,230.3339706727079,231.6010934239275,105442900,252.97097875550224,223.21952727425176,False,False,,,,,,False
2018-04-10,234.9505157470703,235.7391614400228,233.0276848376245,234.170739749197,103529000,252.79445131230636,223.21952727425176,False,False,,,,,,False
2018-04-11,233.7189178466797,235.384798535522,233.39106352761723,233.4619399850787,91140200,251.30279955496465,223.21952727425176,False,False,,,,,,False
2018-04-12,235.64175415039065,236.5898924190216,234.87084759166228,235.04807930156497,68890500,250.03187153858377,223.21952727425176,False,False,,,,,,False
2018-04-13,234.9505157470703,237.0683176977378,233.94037105291864,236.95311982872195,85079200,249.82015929215044,223.21952727425176,False,False,,,,,,False
2018-04-16,236.88221740722656,237.65315075520957,235.7657445341628,236.58981492759767,63405300,247.48133905489675,223.21952727425176,False,False,,,,,,False
2018-04-17,239.41653442382812,240.01907888660645,238.14054200749845,238.65447062768973,64682000,247.48133905489675,223.21952727425176,False,False,,,,,,False
2018-04-18,239.59375,240.4000811005808,239.1329584662319,239.8595704681303,57303900,247.48133905489675,223.21952727425176,False,False,,,,,,False
2018-04-19,238.26461791992188,239.1418525961378,237.22786390477265,238.9380388552426,77655900,247.48133905489675,223.21952727425176,False,False,,,,,,False
2018-04-20,236.24424743652344,238.4152137238407,235.35814316280317,238.19368765541063,99953100,247.48133905489675,223.21952727425176,False,False,,,,,,False
2018-04-23,236.20883178710935,237.37849596326296,235.12778345007484,236.82024592274615,65558000,247.48133905489675,223.21952727425176,False,False,,,,,,False
2018-04-24,233.0277862548828,237.4583090421641,231.52139769050115,237.23678290280003,112885500,247.48133905489675,225.66418414594617,False,False,,,,,,False
2018-04-25,233.6037139892578,234.04676620194712,231.14034476837557,232.96571772131472,103840900,247.48133905489675,225.66418414594617,False,False,,,,,,False
2018-04-26,235.97845458984375,236.811394867968,234.1885334824701,234.63158567118472,67731900,247.48133905489675,225.66418414594617,False,False,,,,,,False
2018-04-27,236.1999969482422,236.8911573285579,235.26072840683267,236.5898850644984,57053600,247.48133905489675,225.66418414594617,False,False,,,,,,False
2018-04-30,234.38345336914065,237.3784901828329,234.31254988286895,236.82024015591008,82182300,247.48133905489675,225.66418414594617,False,False,,,,,,False
2018-05-01,234.79991149902344,234.90623968125524,232.25676961245424,233.8163217298685,74203400,247.48133905489675,225.66418414594617,False,False,,,,,,False
2018-05-02,233.2227020263672,235.4202237553538,232.83281390507696,234.6050228048464,86368900,247.48133905489675,225.66418414594617,False,False,,,,,,False
2018-05-03,232.70867919921875,233.36438764969256,229.5452807352908,232.38969466928685,136311500,247.48133905489675,225.66418414594617,False,False,,,,,,False
2018-05-04,235.7214813232422,236.40379901383028,231.4061572480976,231.73401154742743,91222100,247.48133905489675,225.66418414594617,False,False,,,,,,False
2018-05-07,236.5189514160156,237.49364442920773,235.8011821160168,236.4923693709605,55304900,247.48133905489675,225.66418414594617,False,False,,,,,,False
2018-05-08,236.5189514160156,236.8822303511844,234.9505296324971,236.14677574348863,67499200,247.48133905489675,225.66418414594617,False,False,,,,,,False
2018-05-09,238.80517578125,239.1330301374584,236.66966057470648,237.1924590132232,59666100,247.48133905489675,225.66418414594617,False,False,,,,,,False
2018-05-10,241.0380859375,241.36596724899888,239.4431089878235,239.54943717890097,72063900,247.48133905489675,225.66418414594617,False,False,,,,,,False
2018-05-11,241.7735290527344,242.0393494879785,240.64815944610987,241.1621150099196,59871500,247.48133905489675,225.66418414594617,False,False,,,,,,False
2018-05-14,241.8887481689453,242.86344121162435,241.33934081825976,242.2077327192572,54790600,247.48133905489675,225.66418414594617,False,False,,,,,,False
2018-05-15,240.222900390625,240.67479523144647,239.27476222361628,240.65708287905952,87036100,247.48133905489675,225.66418414594617,False,False,,,,,,False
2018-05-16,241.23304748535156,241.6938390691573,240.23174521040104,240.2583543018603,53942600,247.48133905489675,225.66418414594617,False,False,,,,,,False
2018-05-17,241.0292510986328,242.11029947923785,240.24947494976905,240.96721730457352,56536400,247.48133905489675,225.66418414594617,False,False,,,,,,False
2018-05-18,240.4267120361328,241.0469959769086,240.07227565930188,240.68368990208415,64368000,247.48133905489675,225.66418414594617,False,False,,,,,,False
2018-05-21,242.23435974121097,242.77489749638747,241.52548702550743,241.9153751316726,58025900,247.48133905489675,225.66418414594617,False,False,short,,,multiple_top,,True
2018-05-22,241.56089782714844,243.01412196497793,241.23304353896373,242.7571441275795,52966400,247.48133905489675,225.66418414594617,False,False,,,,,,False
2018-05-23,242.22544860839844,242.25205769640223,240.12538582956063,240.28490514880303,64694200,245.37196464819485,225.66418414594617,False,False,,,,,,False
2018-05-24,241.729248046875,242.10142376021437,239.93932705278604,241.8267335839373,76043800,244.1275432690233,225.66418414594617,False,False,,,,,,False
2018-05-25,241.1532745361328,241.7824010036127,240.6481886062128,241.15327453613284,56374800,244.0242078062755,225.66418414594617,False,False,,,,,,False
2018-05-29,238.37977600097656,240.28492193492724,237.2633029388205,239.52285815299535,115908600,243.14698261522844,225.66418414594617,False,False,,,,,,False
2018-05-30,241.56089782714844,242.00395000939997,239.62035414730505,239.69123059809127,69678400,243.01412196497793,225.66418414594617,False,False,,,,,,False
2018-05-31,240.0811309814453,241.45458200008497,239.47858647273637,241.15330974573047,93519900,243.01412196497793,225.66418414594617,False,False,,,,,,False
2018-06-01,242.43812561035156,242.7393978071124,241.31275591818755,241.3836594008109,71258400,243.01412196497793,225.66418414594617,False,False,,,,,,False
2018-06-04,243.59014892578125,243.84712683125863,243.02305604397904,243.26229455074096,45385200,243.84712683125863,225.66418414594617,False,False,,,,,,False
2018-06-05,243.7672882080078,244.14830655115196,242.95206038751343,243.7229667697954,51135000,244.14830655115196,225.66418414594617,False,False,,,,,,False
2018-06-06,245.80538940429688,245.91171762043192,243.75849011840504,244.37877410154488,62732200,245.91171762043192,225.66418414594617,False,False,,,,,,False
2018-06-07,245.77874755859375,246.58510572380365,244.86606120311572,246.2927032005663,72969400,246.58510572380365,225.66418414594617,False,False,,,,,,False
2018-06-08,246.50531005859375,246.55847414304725,245.14957182152577,245.31793376954585,72139700,246.58510572380365,225.66418414594617,False,False,,,,,,False
2018-06-11,246.83322143554688,247.55096378367625,246.6116953517598,246.7268932420104,58892500,247.55096378367625,225.66418414594617,False,False,,,,,,False
2018-06-12,247.1522521972656,247.51553120606124,246.50538624748145,247.24971070163508,72329000,247.55096378367625,227.37439274677595,False,False,,,,,,False
2018-06-13,246.3636016845703,247.64846386267783,246.15978794048652,247.39148601870437,79070600,247.64846386267783,227.37439274677595,False,False,,,,,,False
2018-06-14,246.98391723632812,247.51555830338307,246.3902153224323,247.23202541487487,77097600,247.64846386267783,228.61490710598252,False,False,,,,,,False
2018-06-15,246.66880798339844,247.00704400916135,245.08446067576304,246.1970648851471,120041600,247.64846386267783,228.61490710598252,False,False,,,,,,False
2018-06-18,246.1614532470703,246.28607795649867,244.72843206777577,245.2090575273716,52917600,247.64846386267783,229.5452807352908,False,False,,,,,,False
2018-06-19,245.21792602539065,245.44044682940643,243.46446100321893,243.88280120129596,97531500,247.64846386267783,229.5452807352908,False,False,,,,,,False
2018-06-20,245.63629150390625,246.30385398465788,245.29805550088216,245.90330563093215,53785500,247.64846386267783,229.5452807352908,False,False,,,,,,False
2018-06-21,244.0963897705078,245.64515289332783,243.59794538894184,245.62733384622663,71061400,247.64846386267783,229.5452807352908,False,False,,,,,,False
2018-06-22,244.54148864746097,245.47609245431548,244.31896781199865,245.360377273765,54898500,247.64846386267783,229.5452807352908,False,False,,,,,,False
2018-06-25,241.21253967285156,243.54455323797063,239.52138707826143,243.38434478613405,137854200,247.64846386267783,229.5452807352908,False,False,,,,,,False
2018-06-26,241.74668884277344,242.60116141408125,241.0257233664835,241.78229978917597,68547400,247.64846386267783,229.5452807352908,False,False,,,,,,False
2018-06-27,239.74395751953125,243.76712451239197,239.5926313971148,242.334103346676,105110700,247.64846386267783,229.5452807352908,False,False,,,,,,False
2018-06-28,241.1146697998047,241.8801283728856,238.97844822346065,239.6905311366372,76650500,247.64846386267783,229.5452807352908,False,False,,,,,,False
2018-06-29,241.46180725097656,243.58020994507856,241.34609207073248,242.20947399656765,97592500,247.64846386267783,229.5452807352908,False,False,,,,,,False
2018-07-02,241.97801208496097,242.13824770919948,239.64599838566832,239.886338240434,63554800,247.64846386267783,229.5452807352908,False,False,,,,,,False
2018-07-03,241.12356567382812,242.97495418865137,240.6963430651668,242.87703089870828,42187100,247.64846386267783,229.5452807352908,False,False,,,,,,False
2018-07-05,243.0905914306641,243.15290376914157,241.17691812722944,242.25393827571824,56925900,247.64846386267783,229.5452807352908,False,False,,,,,,False
2018-07-06,245.1467437744141,245.52056353276916,242.73459857884313,243.11735502521583,66493700,247.64846386267783,229.5452807352908,False,False,,,,,,False
2018-07-09,247.35415649414065,247.40755932186144,246.1080452420086,246.15253854404656,50550400,247.64846386267783,229.5452807352908,True,False,short,,,,,True
2018-07-10,248.2442626953125,248.34218599727475,247.514387765014,247.80813050771025,51966800,248.34218599727475,229.5452807352908,False,False,,,,,,False
2018-07-11,246.428466796875,247.4787858090466,246.12584171309285,246.68659857779068,77054700,248.34218599727475,229.5452807352908,False,False,,,,,,False
2018-07-12,248.66256713867188,248.7159699636092,247.08712947664853,247.6923796013956,60124700,248.7159699636092,229.5452807352908,False,False,,,,,,False
2018-07-13,248.8583526611328,249.16097768229423,248.0305818241457,248.48453293747932,48216000,249.16097768229423,229.5452807352908,False,False,,,,,,False
2018-07-16,248.63584899902344,249.04527968372676,248.1908073790288,248.90289026893112,48201000,249.16097768229423,231.4061572480976,False,False,,,,,,False
2018-07-17,249.64166259765625,250.03330142013857,247.8080931847557,247.86149600935,52315500,250.03330142013857,234.9505296324971,False,False,,,,,,False
2018-07-18,250.1667938232422,250.27359946617253,249.27671058124295,249.72175220224256,44593500,250.27359946617253,234.9505296324971,False,False,,,,,,False
2018-07-19,249.2233428955078,249.88199589522551,248.7426902713736,249.4992665663727,61412100,250.27359946617253,236.66966057470648,False,False,,,,,,False
2018-07-20,248.93849182128903,249.6505747620514,248.77828334581255,249.01859605902732,82337700,250.27359946617253,237.2633029388205,False,False,,,,,,False
2018-07-23,249.40138244628903,249.60608424622873,248.38667432015504,248.73381988852404,47047600,250.27359946617253,237.2633029388205,False,False,,,,,,False
2018-07-24,250.65626525878903,251.5018549898046,249.78400128698144,250.8165008457875,68026900,251.5018549898046,237.2633029388205,False,False,,,,,,False
2018-07-25,252.7925262451172,253.11294314347867,250.36258944647992,250.4070827390805,78882900,253.11294314347867,237.2633029388205,False,False,,,,,,False
2018-07-26,252.1962127685547,252.8815671683263,251.9736919313731,252.07161522459083,57919500,253.11294314347867,237.2633029388205,False,False,,,,,,False
2018-07-27,250.48727416992188,252.62346882726877,249.561579858569,252.52554553161963,76768700,253.11294314347867,237.2633029388205,False,False,,,,,,False
2018-07-30,249.17886352539065,250.72759997919084,248.65369040560367,250.56739148325084,63742500,253.11294314347867,237.2633029388205,False,False,,,,,,False
2018-07-31,250.4071044921875,251.02126409724863,249.56154171704603,249.9442709888422,68570500,253.11294314347867,237.2633029388205,False,False,,,,,,False
2018-08-01,249.98875427246097,251.1191773198077,249.3390109215254,250.6118233771332,53853300,253.11294314347867,237.2633029388205,False,False,,,,,,False
2018-08-02,251.3506317138672,251.51972254776777,248.4756529265788,248.6803818607328,63426400,253.11294314347867,237.2633029388205,False,False,,,,,,False
2018-08-03,252.42759704589844,252.4809998640173,251.2971740149561,251.4752015174743,53935400,253.11294314347867,237.2633029388205,False,False,,,,,,False
2018-08-06,253.3532867431641,253.66479412235896,252.07156480431772,252.46320357247535,39400900,253.66479412235896,237.2633029388205,False,False,,,,,,False
2018-08-07,254.18997192382812,254.57272837941383,253.8873468672899,254.02088109024493,43196600,254.57272837941383,237.2633029388205,False,False,,,,,,False
2018-08-08,254.08303833007812,254.48358647087113,253.62020503488128,254.02075317567432,42114600,254.57272837941383,238.97844822346065,False,False,,,,,,False
2018-08-09,253.73605346679688,254.5371230061063,253.60254640410977,254.1454841800996,35717000,254.57272837941383,238.97844822346065,False,False,,,,,,False
2018-08-10,252.03598022460935,252.8370497293523,251.3238973156936,252.29411197679045,77076000,254.57272837941383,238.97844822346065,False,False,,,,,,False
2018-08-13,251.09249877929688,252.92606816347035,250.79875608544407,252.311908527072,65732900,254.57272837941383,238.97844822346065,False,False,,,,,,False
2018-08-14,252.6945953369141,252.9349351666048,251.43069250288264,251.8223312533891,43842000,254.57272837941383,238.97844822346065,False,False,,,,,,False
2018-08-15,250.80763244628903,251.48410434201705,249.36570206912776,251.34168777643313,102925400,254.57272837941383,238.97844822346065,False,False,,,,,,False
2018-08-16,252.83706665039065,253.7093580859957,252.2139974587888,252.24960839741425,69967900,254.57272837941383,238.97844822346065,False,False,,,,,,False
2018-08-17,253.7271423339844,254.17218398224625,252.22289938980444,252.63233010051312,65618500,254.57272837941383,238.97844822346065,False,False,,,,,,False
2018-08-20,254.2700653076172,254.53707938723443,253.72710046148603,254.1810515600174,39807500,254.57272837941383,238.97844822346065,True,False,short,,,,,True
2018-08-21,254.86648559570312,255.72986760766776,254.3057286897727,254.7863813467403,67272000,255.72986760766776,238.97844822346065,False,False,,,,,,False
2018-08-22,254.71517944335935,255.2403253916601,254.1900063318689,254.45704765074044,44993300,255.72986760766776,238.97844822346065,False,False,,,,,,False
2018-08-23,254.37692260742188,255.40051300477137,254.05647848361187,254.5371310877331,49204900,255.72986760766776,238.97844822346065,False,False,,,,,,False
2018-08-24,255.90786743164065,256.0502840243187,254.90206892054312,254.95547174739897,57487400,256.0502840243187,238.97844822346065,False,False,,,,,,False
2018-08-27,257.9282531738281,258.0350587887634,256.94915643162534,257.10936485402823,57072400,258.0350587887634,238.97844822346065,False,False,,,,,,False
2018-08-28,258.0530090332031,258.49805076382086,257.59014824891807,258.3912179313917,46943500,258.49805076382086,238.97844822346065,False,False,,,,,,False
2018-08-29,259.44146728515625,259.67287045187334,258.0262382219883,258.2665509131429,61485500,259.67287045187334,238.97844822346065,False,False,,,,,,False
2018-08-30,258.39105224609375,259.3345379369669,257.7947119208381,258.9607183343356,61229500,259.67287045187334,238.97844822346065,False,False,,,,,,False
2018-08-31,258.40008544921875,258.84512710748453,257.49221024510393,257.98174520392143,66140800,259.67287045187334,238.97844822346065,False,False,,,,,,False
2018-09-04,257.95501708984375,258.3110449469662,256.94921870016407,257.9817185000483,57594400,259.67287045187334,238.97844822346065,False,False,,,,,,False
2018-09-05,257.2606506347656,257.8036153099047,256.2459702885842,257.59888647121727,72452400,259.67287045187334,238.97844822346065,False,False,,,,,,False
2018-09-06,256.48638916015625,257.67018791507263,255.45388934433913,257.3675628736894,65909900,259.67287045187334,238.97844822346065,False,False,,,,,,False
2018-09-07,255.98800659179688,256.96710382302723,255.1958192800587,255.4361591968829,73524800,259.67287045187334,238.97844822346065,False,False,,,,,,False
2018-09-10,256.4330749511719,257.2697556571931,256.2372554845883,257.00271429556415,50210900,259.67287045187334,239.64599838566832,False,False,,,,,,False
2018-09-11,257.27850341796875,257.72354495798476,255.43605208631936,255.78317036267825,50530500,259.67287045187334,239.64599838566832,False,False,,,,,,False
2018-09-12,257.3408508300781,257.94610088783645,256.54869090572635,257.2874480110514,59810800,259.67287045187334,240.6963430651668,False,False,,,,,,False
2018-09-13,258.8629150390625,259.04985209017207,258.1241578494335,258.40899102553567,51034200,259.67287045187334,241.17691812722944,False,False,,,,,,False
2018-09-14,258.90740966796875,259.25452799661804,258.1241320934378,259.0676181273453,55079900,259.67287045187334,242.73459857884313,False,False,,,,,,False
2018-09-17,257.5367126464844,258.8896295566743,257.260788981664,258.8540457802503,68244000,259.67287045187334,246.1080452420086,False,False,,,,,,False
2018-09-18,258.9341125488281,259.53045309429,257.7235852458988,257.7502866559466,61930400,259.67287045187334,246.12584171309285,False,False,,,,,,False
2018-09-19,259.2099914550781,259.6283315824446,258.86284602116194,258.98747068867425,49080600,259.67287045187334,246.12584171309285,True,False,short,,,,,True
2018-09-20,261.31060791015625,261.63105197966127,259.22781652951414,260.4739547114766,100360600,261.63105197966127,247.08712947664853,False,False,,,,,,False
2018-09-21,261.07183837890625,262.1716063167358,260.91090471565553,262.05536735345197,105479700,262.1716063167358,247.8080931847557,False,False,,,,,,False
2018-09-24,260.2046203613281,260.6338042015519,259.6234526702526,260.4907429214773,53409600,262.1716063167358,247.8080931847557,False,False,,,,,,False
2018-09-25,259.9632568359375,260.7679527756195,259.72185623987883,260.6606636218157,44370000,262.1716063167358,247.8080931847557,False,False,long,,,multiple_bottom,,True
2018-09-26,259.1853942871094,261.2954871653809,258.7651602259412,260.10632927824554,79739700,262.1716063167358,248.38667432015504,False,False,,,,,,False
2018-09-27,259.9095153808594,261.0003335148642,259.38199238051624,259.65916501991444,59249500,262.1716063167358,248.38667432015504,False,False,,,,,,False
2018-09-28,259.9363708496094,260.4370716354318,259.2479140906401,259.28365894238004,70091400,262.1716063167358,248.38667432015504,False,False,,,,,,False
2018-10-01,260.8394470214844,261.9123656398144,260.1688626527227,261.1791868479595,62078900,262.1716063167358,248.38667432015504,False,False,,,,,,False
2018-10-02,260.6874084472656,261.40268745084893,260.3118965205351,260.6874084472656,47258200,262.1716063167358,248.4756529265788,False,False,,,,,,False
2018-10-03,260.8304748535156,262.1626936205967,260.4728353446648,261.742459694007,64694600,262.1716063167358,248.4756529265788,False,False,,,,,,False
2018-10-04,258.7918701171875,260.40126136650105,257.2003512911268,260.3476168106001,111545900,262.1716063167358,248.4756529265788,False,False,,,,,,False
2018-10-05,257.3433837890625,259.53394234003525,255.912798790508,259.0153692622057,105951700,262.1716063167358,248.4756529265788,False,False,,,,,,False
2018-10-08,257.3433837890625,257.70102321716627,255.2690369054655,256.6548999216699,87742200,262.1716063167358,248.4756529265788,False,False,,,,,,False
2018-10-09,256.9678649902344,258.27326128488613,256.40456988547504,256.9589424219697,74339000,262.1716063167358,248.4756529265788,False,False,,,,,,False
2018-10-10,248.83148193359375,256.529804255418,248.45596998783432,256.4582599797472,214731000,262.1716063167358,248.45596998783432,False,False,,,,,,False
2018-10-11,243.35052490234375,249.36788243202503,241.7321567475383,247.74059170996193,274840500,262.1716063167358,241.7321567475383,False,False,,,,,,False
2018-10-12,246.7303924560547,247.7496666707976,243.5294539436337,247.46354407902157,183186500,262.1716063167358,241.7321567475383,False,False,,,,,,False
2018-10-15,245.3444366455078,247.70490647445808,245.25501994844544,246.37266044636243,102263700,262.1716063167358,241.7321567475383,False,False,,,,,,False
2018-10-16,250.7090759277344,251.08461508835003,246.83758179099425,247.31146020430617,118255800,262.1716063167358,241.7321567475383,False,False,,,,,,False
2018-10-17,250.75387573242188,251.3797381461576,248.16987736381347,250.74492587534792,110626000,262.1716063167358,241.7321567475383,False,False,,,,,,False
2018-10-18,247.1327362060547,250.4141417065506,245.85416163831144,249.8150742125303,134557500,262.1716063167358,241.7321567475383,False,False,,,,,,False
2018-10-19,246.99855041503903,249.72558231964305,246.3011438347247,247.7853736925516,139901600,262.1716063167358,241.7321567475383,False,False,,,,,,False
2018-10-22,245.889892578125,247.99103516882505,245.3534196095032,247.66916775934115,82415800,262.1716063167358,241.7321567475383,False,False,,,,,,False
2018-10-23,244.6380615234375,245.7646517908469,240.16749987326415,242.259746737351,146352700,262.1716063167358,240.16749987326415,False,False,,,,,,False
2018-10-24,237.2259521484375,244.77226437528392,236.67160672426277,244.3877752350966,177806700,262.1716063167358,236.67160672426277,False,False,,,,,,False
2018-10-25,241.4818420410156,243.02866616905197,238.03953145701257,239.06775516208396,138061500,262.1716063167358,236.67160672426277,False,False,,,,,,False
2018-10-26,237.23486328125,242.30449328315353,234.51678086240335,237.76241368065152,201574600,262.1716063167358,234.51678086240335,False,False,,,,,,False
2018-10-29,235.9205017089844,241.63389345263403,232.335129282084,240.33741946507135,160749100,262.1716063167358,232.335129282084,False,False,,,,,,False
2018-10-30,239.41648864746097,239.72943347229943,235.25887107788495,235.750649312959,157116000,262.1716063167358,232.335129282084,False,False,,,,,,False
2018-10-31,241.97364807128903,244.29834581553112,241.51764200650072,241.9915204966383,128296300,262.1716063167358,232.335129282084,False,False,,,,,,False
2018-11-01,244.5485992431641,244.74530498859852,241.7500241183561,242.84084192737728,99495000,262.1716063167358,232.335129282084,False,False,,,,,,False
2018-11-02,243.10020446777344,246.0865362523839,241.0437298219629,245.65735252868575,122634100,262.1716063167358,232.335129282084,False,False,,,,,,False
2018-11-05,244.4414520263672,244.9957974617316,242.61745471794995,243.59203415853423,65622500,262.1716063167358,232.335129282084,False,False,,,,,,False
2018-11-06,245.9881896972656,246.1491233744247,244.3162039391104,244.3787983533869,60085900,262.1716063167358,232.335129282084,False,False,,,,,,False
2018-11-07,251.25460815429688,251.3350750196263,247.7407246513271,248.1699085525704,102752100,262.1716063167358,232.335129282084,False,False,,,,,,False
2018-11-08,250.7985992431641,251.4423614449669,249.6541361384203,250.44988221103415,65584900,262.1716063167358,232.335129282084,False,False,,,,,,False
2018-11-09,248.34866333007812,249.67193218897117,246.93595048983707,249.48417622934477,98812600,262.1716063167358,232.335129282084,False,False,,,,,,False
2018-11-12,243.70828247070312,248.08047897735392,243.1896818727975,247.8390783938713,99673600,262.1716063167358,232.335129282084,False,False,,,,,,False
2018-11-13,243.25228881835935,246.17602740221812,242.52805974450305,244.17322376944537,98176600,262.1716063167358,232.335129282084,False,False,,,,,,False
2018-11-14,241.58924865722656,245.53226142722423,240.0245515215869,245.12992710689417,125335900,262.1716063167358,232.335129282084,False,False,,,,,,False
2018-11-15,244.1105804443359,244.57553639893263,238.73698297259307,240.3195522455187,135101400,262.1716063167358,232.335129282084,False,False,,,,,,False
2018-11-16,244.7454376220703,245.65742259814695,242.49225653765225,243.01085709581017,126668000,262.1716063167358,232.335129282084,False,False,,,,,,False
2018-11-19,240.6056976318359,244.43249833343089,239.68476277776043,244.1374259055925,103061700,262.1716063167358,232.335129282084,False,False,,,,,,False
2018-11-20,236.1529235839844,238.7279712349983,235.2856336082768,237.26161404467183,136021300,262.1716063167358,232.335129282084,False,False,,,,,,False
2018-11-21,236.9577178955078,238.8621821512644,236.9487953238471,237.70876922566572,75563700,262.1716063167358,232.335129282084,False,False,,,,,,False
2018-11-23,235.3750915527344,236.77885458284433,235.2141578678689,235.3124971354605,42807900,262.1716063167358,232.335129282084,False,False,,,,,,False
2018-11-26,239.175048828125,239.39857691114193,237.2437629165215,237.6371745255227,79981400,262.1716063167358,232.335129282084,False,False,,,,,,False
2018-11-27,239.9797821044922,239.9797821044922,237.52992266199405,238.1379125944736,75502400,262.1716063167358,232.335129282084,False,False,,,,,,False
2018-11-28,245.50538635253903,245.50538635253903,239.9171834982151,241.05272378134765,127629600,262.1716063167358,232.335129282084,False,False,,,,,,False
2018-11-29,244.9689483642578,246.372684227668,243.58305764137964,244.72752053027097,82346400,262.1716063167358,232.335129282084,False,False,,,,,,False
2018-11-30,246.46205139160156,247.02534650947848,244.49502069248177,244.81688802490163,98204200,262.1716063167358,232.335129282084,False,False,,,,,,False
2018-12-03,249.7255859375,250.7091150486394,248.1251443648888,250.6018259249052,103176300,262.1626936205967,232.335129282084,False,False,,,,,,False
2018-12-04,241.6338348388672,249.3232056230675,241.3208900950763,248.89402192134227,177986000,262.1626936205967,232.335129282084,False,False,,,,,,False
2018-12-06,241.2672576904297,241.3834966542165,234.65083218434913,237.76235278470003,204185400,262.1626936205967,232.335129282084,False,False,,,,,,False
2018-12-07,235.66123962402344,242.50119483388949,234.82077168595904,240.92754809263727,161018900,262.1626936205967,232.335129282084,False,False,,,,,,False
2018-12-10,236.10833740234375,237.08291693040815,231.2354124758687,235.48244762395416,151445900,262.1626936205967,231.2354124758687,False,False,,,,,,False
2018-12-11,236.16192626953125,239.5058981078353,234.6866461812293,239.31814213307055,121504400,262.1626936205967,231.2354124758687,False,False,,,,,,False
2018-12-12,237.3511199951172,240.51628619708956,237.27065313652687,239.1482950287529,97976700,262.1626936205967,231.2354124758687,False,False,short,,,multiple_top,,True
2018-12-13,237.27064514160156,239.16615939870508,236.1530044441443,238.29886912603223,96662700,262.1626936205967,231.2354124758687,False,False,,,,,,False
2018-12-14,232.88949584960935,236.07253432913177,232.33515043710764,235.11582735664032,116961100,260.40126136650105,231.2354124758687,False,False,,,,,,False
2018-12-17,228.3205718994141,233.05042109093597,226.68434436321144,231.9327804495195,165492300,259.53394234003525,226.68434436321144,False,False,,,,,,False
2018-12-18,228.07025146484375,230.6363639921175,226.46084600104817,229.96577951912568,134515100,258.27326128488613,226.46084600104817,False,False,,,,,,False
2018-12-19,224.6546936035156,231.9327685410064,222.94694915985124,228.1506766247041,214992800,258.27326128488613,222.94694915985124,False,False,,,,,,False
2018-12-20,220.99777221679688,224.97656988325505,218.7446050269423,223.40293688569892,252053400,256.529804255418,218.7446050269423,False,False,,,,,,False
2018-12-21,216.4696044921875,224.57260937446415,215.82208317330267,221.9015873647499,255345600,251.4423614449669,215.82208317330267,False,False,,,,,,False
2018-12-24,210.74984741210935,216.5955162248865,210.68690119149028,214.97671288603044,147311600,251.4423614449669,210.68690119149028,False,False,,,,,,False
2018-12-26,221.39801025390625,221.39801025390625,210.22828499689444,212.21581893001292,218485400,251.4423614449669,210.22828499689444,False,False,,,,,,False
2018-12-27,223.09776306152344,223.29560389096244,214.904830834121,218.1514267023896,186267300,251.4423614449669,210.22828499689444,False,False,,,,,,False
2018-12-28,222.8099822998047,226.09254567203507,221.6408454402614,224.4557650468719,153100200,251.4423614449669,210.22828499689444,False,False,,,,,,False
2018-12-31,224.76150512695312,225.00432909907883,222.55814002740993,224.43774440503387,144299400,251.4423614449669,210.22828499689444,False,False,,,,,,False
2019-01-02,224.9953155517578,225.92164195797136,221.1911375544644,221.2181164696921,126925200,251.4423614449669,210.22828499689444,False,False,,,,,,False
2019-01-03,219.62631225585935,223.54740815348475,219.1406643215108,223.24162423370265,144140700,251.4423614449669,210.22828499689444,False,False,,,,,,False
2019-01-04,226.98287963867188,227.63040113640855,222.2883556414537,222.6660742280091,142628800,251.4423614449669,210.22828499689444,False,False,,,,,,False
2019-01-07,228.7725524902344,230.1844995194957,226.35334220281823,227.2526760659323,103139100,251.4423614449669,210.22828499689444,False,False,,,,,,False
2019-01-08,230.92193603515625,231.4075839847001,228.4307912238397,230.96691919363616,102512600,251.4423614449669,210.22828499689444,False,False,,,,,,False
2019-01-09,232.0011444091797,232.8465203874784,230.40033132281425,231.63241425307152,95006600,251.4423614449669,210.22828499689444,False,False,,,,,,False
2019-01-10,232.8195037841797,233.0713161127741,229.7797516026208,230.46325397115652,96823900,251.4423614449669,210.22828499689444,False,False,,,,,,False
2019-01-11,232.9094390869141,232.936417998656,231.1557274872329,231.74028887196496,73858100,251.4423614449669,210.22828499689444,False,False,,,,,,False
2019-01-14,231.48849487304688,232.29788973486603,230.59816326959452,231.00284697776053,70908200,251.4423614449669,210.22828499689444,False,False,,,,,,False
2019-01-15,234.1416015625,234.4563739370442,231.85728562338696,231.8662877455293,85208300,251.4423614449669,210.22828499689444,False,False,,,,,,False
2019-01-16,234.70814514160156,235.59847682156547,234.36639390612345,234.5732231151311,77636700,251.4423614449669,210.22828499689444,False,False,,,,,,False
2019-01-17,236.48878479003903,237.3521649127297,233.79078365897607,233.83576681178585,96118400,251.4423614449669,210.22828499689444,False,False,,,,,,False
2019-01-18,239.6365203857422,240.10419161218368,236.5248325547415,238.3055236840107,127900300,251.4423614449669,210.22828499689444,False,False,,,,,,False
2019-01-22,236.39889526367188,238.37744081754613,234.7801052254057,238.1616094645753,115531200,251.4423614449669,210.22828499689444,False,False,,,,,,False
2019-01-23,236.89358520507812,238.13467058431573,234.42041656965444,237.43319112372453,86030300,251.4423614449669,210.22828499689444,False,False,,,,,,False
2019-01-24,237.01934814453125,237.60393691339948,235.6973267169438,236.71357802838287,59204100,250.7091150486394,210.22828499689444,False,False,,,,,,False
2019-01-25,239.02493286132812,239.8523320215574,237.11834962376523,238.87203404149076,96883400,250.7091150486394,210.22828499689444,False,False,,,,,,False
2019-01-28,237.2082672119141,237.2711997128,235.4365787122678,236.87551813178283,85613700,250.7091150486394,210.22828499689444,False,False,,,,,,False
2019-01-29,236.89358520507812,237.9188117495589,236.0572111261996,237.35225435275217,66136300,250.7091150486394,210.22828499689444,False,False,,,,,,False
2019-01-30,240.6437530517578,241.48912911397957,237.6489832387115,238.41342254333665,92473700,250.7091150486394,210.22828499689444,False,False,,,,,,False
2019-01-31,242.75714111328125,243.242789000137,240.3649101575307,240.5807689102925,104012100,250.7091150486394,210.22828499689444,False,False,,,,,,False
2019-02-01,242.87413024902344,243.89938415079885,242.08271196249396,242.95506701303285,85782500,250.7091150486394,210.22828499689444,False,False,,,,,,False
2019-02-04,244.58282470703125,244.64578466307475,242.24455122183585,242.91905160532545,60744800,250.7091150486394,210.22828499689444,False,False,,,,,,False
2019-02-05,245.60809326171875,245.91386349386457,244.51090480731688,245.01452959502663,79552800,250.7091150486394,210.22828499689444,False,False,,,,,,False
2019-02-06,245.2843475341797,245.82395342582353,244.54691450927868,245.3293307016892,58347800,250.7091150486394,210.22828499689444,False,False,,,,,,False
2019-02-07,242.94607543945312,244.2141120995706,241.28230221809943,243.66553158871764,95482000,250.7091150486394,210.22828499689444,False,False,,,,,,False
2019-02-08,243.2427978515625,243.3417113891674,240.8685436031919,241.69594272033285,75788900,250.7091150486394,210.22828499689444,False,False,,,,,,False
2019-02-11,243.3777313232422,244.1601474111285,242.8471276250836,243.8993603454944,68021400,250.7091150486394,210.22828499689444,False,False,,,,,,False
2019-02-12,246.50746154785156,246.88516646857673,244.9246248825368,244.9965869739582,72270200,250.7091150486394,210.22828499689444,False,False,,,,,,False
2019-02-13,247.30776977539065,248.15314566405283,246.92106286443513,247.34375080876623,65277200,250.7091150486394,210.22828499689444,False,False,,,,,,False
2019-02-14,246.7591857910156,247.89235503921628,245.40118311709173,246.2195800801826,83234400,250.7091150486394,210.22828499689444,False,False,,,,,,False
2019-02-15,249.4481964111328,249.48417744566245,248.33303135010456,248.53986054630235,97088700,249.48417744566245,210.22828499689444,False,False,,,,,,False
2019-02-19,249.87985229492188,250.53634827369635,248.63876750561656,248.64776962438904,59120800,250.53634827369635,210.22828499689444,False,False,,,,,,False
2019-02-20,250.383544921875,250.8422139760838,249.34031434387535,249.8439391131867,76610800,250.8422139760838,210.22828499689444,False,False,,,,,,False
2019-02-21,249.49317932128903,250.10471968025473,248.53088562835063,249.74499167177424,64214700,250.8422139760838,210.22828499689444,False,False,,,,,,False
2019-02-22,251.0401611328125,251.2379883086352,249.4753009657924,250.11382056145197,78114600,251.2379883086352,210.22828499689444,False,False,,,,,,False
2019-02-25,251.3817443847656,252.9915593825191,251.30080764572588,252.46995791576768,69030700,252.9915593825191,210.22828499689444,False,False,,,,,,False
2019-02-26,251.20196533203125,252.0832950373225,250.8242329972678,251.03108968600665,56844100,252.9915593825191,210.22828499689444,False,False,,,,,,False
2019-02-27,251.0939788818359,251.44470475159576,249.54712382701695,250.48241111003395,56921600,252.9915593825191,210.22828499689444,False,False,,,,,,False
2019-02-28,250.62628173828125,251.3187861772618,250.3025348152385,250.8780940491423,69268300,252.9915593825191,210.22828499689444,False,False,,,,,,False
2019-03-01,252.1912078857422,252.6048937680559,250.7522682503793,252.20918468219384,78880500,252.9915593825191,210.22828499689444,False,False,,,,,,False
2019-03-04,251.2738800048828,253.49523578119255,248.97158747301825,253.25242551452823,106494600,253.49523578119255,210.22828499689444,False,False,,,,,,False
2019-03-05,250.93212890625,251.59765463929452,250.3835484141846,251.3998000881989,59114600,253.49523578119255,210.22828499689444,False,False,,,,,,False
2019-03-06,249.4122009277344,251.05799695489551,249.08845397218633,251.04899483541269,75039800,253.49523578119255,210.22828499689444,False,False,,,,,,False
2019-03-07,247.3258056640625,249.10646908445963,246.48042966722107,248.9625723780302,94885100,253.49523578119255,210.22828499689444,False,False,,,,,,False
2019-03-08,246.83116149902344,247.00203712665612,244.9965402004792,245.46418392345285,85795800,253.49523578119255,210.22828499689444,False,False,,,,,,False
2019-03-11,250.4104766845703,250.57235016304656,247.52362320313256,247.55060211621193,65098900,253.49523578119255,214.904830834121,False,False,,,,,,False
2019-03-12,251.35479736328125,251.87642634170248,250.7792379974772,250.96809041253124,79667500,253.49523578119255,219.1406643215108,False,False,,,,,,False
2019-03-13,253.0184783935547,253.95379289905568,252.0831638880537,252.24506477328947,80639200,253.95379289905568,219.1406643215108,False,False,,,,,,False
2019-03-14,252.856689453125,253.468229837998,252.4160246824796,253.04554186261743,67518400,253.95379289905568,219.1406643215108,False,False,,,,,,False
2019-03-15,254.10585021972656,254.9188100016166,253.22061141887764,253.41032316886805,81309000,254.9188100016166,219.1406643215108,False,False,,,,,,False
2019-03-18,255.02734375,255.3254466289636,254.0969507161641,254.3227745357008,62199800,255.3254466289636,222.2883556414537,False,False,,,,,,False
2019-03-19,255.0905303955078,256.8609810706229,254.19627706891012,256.09320228972285,90268100,256.8609810706229,226.35334220281823,False,False,,,,,,False
2019-03-20,254.32275390625,256.0841905823107,253.2117184467371,254.87377831574292,84609200,256.8609810706229,228.4307912238397,False,False,,,,,,False
2019-03-21,257.1952209472656,257.6016871980139,253.4555660421109,253.5007473364463,79550400,257.6016871980139,229.7797516026208,False,False,,,,,,False
2019-03-22,252.2451629638672,256.35514474478396,252.18192568935967,255.831245702929,122659300,257.6016871980139,229.7797516026208,False,False,,,,,,False
2019-03-25,252.05545043945312,253.09423420057936,250.7908429230222,251.90187815664035,85575200,257.6016871980139,230.59816326959452,False,False,,,,,,False
2019-03-26,253.93426513671875,254.89175555278115,252.52512725774488,253.816832385742,68125900,257.6016871980139,230.59816326959452,False,False,,,,,,False
2019-03-27,252.60647583007812,254.51244287560735,251.05280711465497,253.92527899209728,72224700,257.6016871980139,231.85728562338696,False,False,,,,,,False
2019-03-28,253.56398010253903,254.0156276886976,252.0825903544572,253.2388070723678,56238500,257.6016871980139,233.79078365897607,False,False,,,,,,False
2019-03-29,255.16281127929688,255.48798428535605,253.9523991461117,255.0815180277821,82186800,257.6016871980139,233.79078365897607,False,False,long,,,multiple_bottom,,True
2019-04-01,258.1888427734375,258.48694561262533,256.8971373139716,257.1681424010861,77617900,258.48694561262533,234.42041656965444,False,False,,,,,,False
2019-04-02,258.3153076171875,258.5501731705819,257.5204034977414,258.37854489177516,40070400,258.5501731705819,234.42041656965444,False,False,,,,,,False
2019-04-03,258.72186279296875,259.9322752377063,258.116642787407,259.53482308374635,68243200,259.9322752377063,234.42041656965444,False,False,,,,,,False
2019-04-04,259.40826416015625,259.6611856698603,258.35142439568375,259.04695165577573,48997500,259.9322752377063,235.4365787122678,False,False,,,,,,False
2019-04-05,260.66387939453125,260.71807489642094,259.7876820254754,260.0767430798067,58621700,260.71807489642094,235.4365787122678,False,False,,,,,,False
2019-04-08,260.8625793457031,260.97097033864685,259.57988827432314,260.23930356989985,53566300,260.97097033864685,235.4365787122678,False,False,,,,,,False
2019-04-09,259.5257263183594,260.22125365722127,258.9747295108935,259.8960806363654,66142300,260.97097033864685,236.0572111261996,False,False,,,,,,False
2019-04-10,260.4110107421875,260.50134578580673,259.5257714209351,259.9412795419215,52601500,260.97097033864685,237.6489832387115,False,False,,,,,,False
2019-04-11,260.3387145996094,260.907795014049,259.7696341851698,260.8987532403648,55093100,260.97097033864685,240.3649101575307,False,False,,,,,,False
2019-04-12,262.10003662109375,262.3800558188964,260.3837819217441,261.95550613732934,69727800,262.3800558188964,240.8685436031919,False,False,,,,,,False
2019-04-15,261.9284362792969,262.27169276898394,261.1244905464641,262.17231599052894,49596700,262.3800558188964,240.8685436031919,False,False,,,,,,False
2019-04-16,262.10003662109375,262.867842755805,261.50385871295464,262.81364727018973,52153200,262.867842755805,240.8685436031919,False,False,,,,,,False
2019-04-17,261.4587707519531,263.2472773597952,261.04323516923716,263.2201796101727,58268300,263.2472773597952,240.8685436031919,False,False,,,,,,False
2019-04-18,261.9737243652344,262.24472952753035,260.7452558419348,262.0460034350686,68708500,263.2472773597952,240.8685436031919,False,False,,,,,,False
2019-04-22,262.1993713378906,262.35294358289747,261.11543411909406,261.2057691122528,40160100,263.2472773597952,240.8685436031919,False,False,,,,,,False
2019-04-23,264.5570983886719,264.79196395818724,262.3349999505187,262.56983795365267,52246600,264.79196395818724,242.8471276250836,False,False,,,,,,False
2019-04-24,263.969970703125,264.8100286374608,263.8254401607045,264.47581381840564,50392900,264.8100286374608,244.9246248825368,False,False,,,,,,False
2019-04-25,263.80731201171875,264.46672733132755,262.6149834795069,263.8705492820328,57770900,264.8100286374608,244.9965402004792,False,False,,,,,,False
2019-04-26,265.0357666015625,265.1080180661808,263.0756044899203,263.85245245802736,50916400,265.1080180661808,244.9965402004792,False,False,,,,,,False
2019-04-29,265.4513244628906,265.9752510537926,265.03581643886315,265.1261514614027,57197700,265.9752510537926,244.9965402004792,False,False,long,,,multiple_bottom,,True
2019-04-30,265.58685302734375,265.8759141162516,263.6899551015451,265.1081076591326,81111700,265.9752510537926,244.9965402004792,False,False,,,,,,False
2019-05-01,263.59051513671875,266.42687470507894,263.58147336536217,266.21910692851003,71671900,266.42687470507894,244.9965402004792,False,False,,,,,,False
2019-05-02,263.0215148925781,264.3945413704682,261.522041409105,263.4731625358031,65030200,266.42687470507894,244.9965402004792,False,False,,,,,,False
2019-05-03,265.5958251953125,265.8758444373118,263.12981994511233,264.5028459743998,56543700,266.42687470507894,244.9965402004792,False,False,,,,,,False
2019-05-06,264.50286865234375,264.94547441479875,260.9619398535701,261.27809864091415,107198100,266.42687470507894,244.9965402004792,False,False,,,,,,False
2019-05-07,260.085693359375,262.68718707617626,258.1707125862776,262.09100913554494,144729900,266.42687470507894,244.9965402004792,False,False,,,,,,False
2019-05-08,259.7243957519531,261.44065064289265,259.1282177772611,259.7243957519531,91568300,266.42687470507894,244.9965402004792,False,False,,,,,,False
2019-05-09,258.9385681152344,259.54376037505875,255.9034823450365,257.6468627808602,103471100,266.42687470507894,244.9965402004792,False,False,,,,,,False
2019-05-10,260.2393798828125,260.99814462229654,255.00025063439676,257.9991976283467,112429300,266.42687470507894,244.9965402004792,False,False,,,,,,False
2019-05-13,253.6994476318359,256.07511814682,252.8593898078208,255.1086133437815,127290500,266.42687470507894,244.9965402004792,False,False,,,,,,False
2019-05-14,255.99383544921875,257.52944820349205,254.59373901814232,254.72018600237837,77003200,266.42687470507894,244.9965402004792,False,False,,,,,,False
2019-05-15,257.4932861328125,258.1346179031768,254.15108340328305,254.3588511897965,73956400,266.42687470507894,244.9965402004792,False,False,,,,,,False
2019-05-16,259.8780212402344,261.24197814828574,258.1256264738724,258.1978779554303,76749600,266.42687470507894,244.9965402004792,False,False,,,,,,False
2019-05-17,258.1978759765625,260.69097935008955,257.54750238200677,257.5655859270425,100353000,266.42687470507894,244.9965402004792,False,False,,,,,,False
2019-05-20,256.4906921386719,258.30629680975045,255.74094165897924,256.5900413823226,62877600,266.42687470507894,247.52362320313256,False,False,,,,,,False
2019-05-21,258.8030700683594,259.18243854701603,257.93588698439044,258.1888084922872,46847100,266.42687470507894,250.7792379974772,False,False,,,,,,False
2019-05-22,258.0081481933594,258.9656386618221,257.529402959128,257.84556171374305,49482500,266.42687470507894,250.7908429230222,False,False,,,,,,False
2019-05-23,254.8556671142578,255.82217182360563,253.4374873339575,255.7770180996984,98733800,266.42687470507894,250.7908429230222,False,False,,,,,,False
2019-05-24,255.4338226318359,256.71651398058947,254.81054672125344,256.30097832927936,55268100,266.42687470507894,250.7908429230222,False,False,,,,,,False
2019-05-28,253.05809020996097,256.6712702309959,253.0400342337511,255.71377973073172,70029400,266.42687470507894,250.7908429230222,False,False,,,,,,False
2019-05-29,251.3599395751953,252.34452801249145,249.9508013010485,251.93806172170744,104972900,266.42687470507894,249.9508013010485,False,False,,,,,,False
2019-05-30,252.0464630126953,252.95880000207907,250.9444417465424,252.1187145007656,62523800,266.42687470507894,249.9508013010485,False,False,,,,,,False
2019-05-31,248.65011596679688,250.32121797768696,248.62301820732895,249.49020164307865,86862800,266.42687470507894,248.62301820732895,False,False,,,,,,False
2019-06-03,248.01776123046875,249.8062680230536,246.6808744561163,248.68619083445452,96428000,266.42687470507894,246.6808744561163,False,False,,,,,,False
2019-06-04,253.40139770507812,253.5368864698511,249.86951021596155,250.3211578094591,77231900,266.42687470507894,246.6808744561163,False,False,,,,,,False
2019-06-05,255.59632873535156,255.62342648092115,253.21164442610575,255.02724851201623,71169700,266.42687470507894,246.6808744561163,False,False,,,,,,False
2019-06-06,257.2584228515625,257.93589414864323,255.24409250405756,255.89446605191017,69430400,266.42687470507894,246.6808744561163,False,False,,,,,,False
2019-06-07,259.8328857421875,260.9168511212759,258.1075884231039,258.27921673423265,74272200,266.42687470507894,246.6808744561163,False,False,,,,,,False
2019-06-10,261.02520751953125,262.6963091046184,260.93487248885987,261.3865200758358,60799100,266.42687470507894,246.6808744561163,False,False,,,,,,False
2019-06-11,260.96185302734375,263.22008994790986,260.311479691566,262.8497357849728,58641300,266.42687470507894,246.6808744561163,False,False,,,,,,False
2019-06-12,260.50128173828125,261.2871440484228,259.9863969259891,260.7271055086152,47096300,266.42687470507894,246.6808744561163,False,False,,,,,,False
2019-06-13,261.5762023925781,261.93754251256837,260.70904675063946,261.41361587841106,48945200,266.42687470507894,246.6808744561163,False,False,,,,,,False
2019-06-14,261.2872009277344,261.8923933268012,260.5193944281804,261.2872009277344,52324700,266.42687470507894,246.6808744561163,False,False,,,,,,False
2019-06-17,261.386474609375,262.15428088695546,261.2148463508673,261.5219633486242,39205700,266.42687470507894,246.6808744561163,False,False,,,,,,False
2019-06-18,264.12347412109375,265.1803414868671,262.84982475880395,263.21116484150195,85434800,266.42687470507894,246.6808744561163,False,False,,,,,,False
2019-06-19,264.7195739746094,265.25251460285654,263.283338539224,264.2588848017306,78674400,266.42687470507894,246.6808744561163,False,False,,,,,,False
2019-06-20,267.24884033203125,267.6553341007694,264.782862671904,267.4114543793516,116570000,267.6553341007694,246.6808744561163,False,False,,,,,,False
2019-06-21,266.8604431152344,268.2401197877472,266.64260671969475,266.9784470629707,83309500,268.2401197877472,246.6808744561163,False,False,,,,,,False
2019-06-24,266.53363037109375,267.38683196762946,266.3793111576169,267.0691631935938,47582700,268.2401197877472,246.6808744561163,False,False,,,,,,False
2019-06-25,263.9195251464844,266.61536118144767,263.8106069552464,266.58813163363817,82028700,268.2401197877472,246.6808744561163,False,False,,,,,,False
2019-06-26,263.6562805175781,265.32642403868346,263.54736232931435,264.8181206931494,51584900,268.2401197877472,246.6808744561163,False,False,,,,,,False
2019-06-27,264.5911865234375,265.0994898458339,264.03750985814816,264.4187234997187,40355200,268.2401197877472,246.6808744561163,False,False,,,,,,False
2019-06-28,265.95269775390625,266.45191528725695,265.0540951136945,265.57145644264745,59350900,268.2401197877472,246.6808744561163,False,False,,,,,,False
2019-07-01,268.3672180175781,269.5109145314367,267.15997665284783,269.29305042851337,78705600,269.5109145314367,246.6808744561163,False,False,,,,,,False
2019-07-02,269.0660400390625,269.12049912181965,267.47758549093123,268.32172897411607,61504500,269.5109145314367,246.6808744561163,False,False,,,,,,False
2019-07-03,271.2173156738281,271.23548717231705,269.6016312342488,269.7468647198852,40898900,271.23548717231705,246.6808744561163,False,False,,,,,,False
2019-07-05,270.90869140625,271.0720963822335,268.68487128810557,269.98285914446024,51677300,271.23548717231705,246.6808744561163,False,False,,,,,,False
2019-07-08,269.42010498046875,270.72717862564934,268.8754863449011,269.59256801007274,45841800,271.23548717231705,246.6808744561163,False,False,,,,,,False
2019-07-09,269.7558898925781,270.0554148453789,268.20375064534943,268.25820972767684,41101300,271.23548717231705,246.6808744561163,False,False,,,,,,False
2019-07-10,271.04473876953125,271.99782792477276,270.2913698110314,270.8269024828216,58448500,271.99782792477276,246.6808744561163,False,False,,,,,,False
2019-07-11,271.6802062988281,271.9252721888121,270.67268549510976,271.68929204675567,50826100,271.99782792477276,246.6808744561163,False,False,,,,,,False
2019-07-12,272.896484375,272.96911495192194,271.86173410767776,272.1703448084738,40326000,272.96911495192194,246.6808744561163,False,False,,,,,,False
2019-07-15,272.98724365234375,273.33216962252965,272.47894044378995,273.33216962252965,33900000,273.33216962252965,246.6808744561163,False,False,,,,,,False
2019-07-16,272.1068420410156,273.105304874668,271.7982312925146,272.8965265593056,36650100,273.33216962252965,246.6808744561163,False,False,,,,,,False
2019-07-17,270.2551574707031,272.24299744543265,270.2551574707031,272.0796201681695,36036300,273.33216962252965,246.6808744561163,False,False,,,,,,False
2019-07-18,271.2445068359375,271.62574814433856,269.31115385186047,269.7559122946191,51392600,273.33216962252965,246.6808744561163,False,False,,,,,,False
2019-07-19,269.7377624511719,272.3700531582219,269.5652994465301,272.34282361540744,58678600,273.33216962252965,246.6808744561163,False,False,long,,,,channel_up,True
2019-07-22,270.4002990722656,270.9449175118759,269.61970054583173,270.1370617480392,43638100,273.33216962252965,246.6808744561163,False,False,,,,,,False
2019-07-23,272.3337707519531,272.3337707519531,270.6908568360475,271.52594241727843,44564500,273.33216962252965,246.6808744561163,False,False,,,,,,False
2019-07-24,273.6136169433594,273.6136169433594,271.4805434806,271.57131786846395,47213200,273.6136169433594,246.6808744561163,False,False,,,,,,False
2019-07-25,272.3065490722656,273.2142375691732,271.49869301379965,273.15977847539506,55394100,273.6136169433594,246.6808744561163,False,False,,,,,,False
2019-07-26,274.1309814453125,274.3306740005272,272.8692812781715,272.996370949877,45084100,274.3306740005272,246.6808744561163,False,False,,,,,,False
2019-07-29,273.63177490234375,274.1310202112064,273.07809819849047,274.0130162709215,38126500,274.3306740005272,246.6808744561163,False,False,,,,,,False
2019-07-30,272.9600524902344,273.36852334403153,271.8435858035198,272.2248271137605,45849000,274.3306740005272,246.6808744561163,False,False,,,,,,False
2019-07-31,269.97381591796875,273.3958196970103,267.9496880512568,273.2051851450792,104245200,274.3306740005272,246.6808744561163,False,False,,,,,,False
2019-08-01,267.622802734375,273.0961618235228,266.82403263505535,270.12803119125067,142646600,274.3306740005272,246.6808744561163,False,False,,,,,,False
2019-08-02,265.60772705078125,266.9692594040868,264.04650217763964,266.7241935526526,116749700,274.3306740005272,246.6808744561163,False,False,,,,,,False
2019-08-05,257.6201171875,261.6048546868241,255.71396608989903,261.49593651560986,178745400,274.3306740005272,246.6808744561163,False,False,,,,,,False
2019-08-06,261.232666015625,261.45053003088304,258.0376133631256,259.5171496355938,120711700,274.3306740005272,246.6808744561163,False,False,,,,,,False
2019-08-07,261.3869934082031,262.15853398130014,256.0044085907409,258.14653962146434,140572300,274.3306740005272,246.6808744561163,False,False,,,,,,False
2019-08-08,266.5154724121094,266.5154724121094,262.33104204559356,262.88471869173367,87713900,274.3306740005272,246.6808744561163,False,False,,,,,,False
2019-08-09,264.70013427734375,266.17058531714935,262.911986700436,265.5715075415884,93730000,274.3306740005272,246.6808744561163,False,False,,,,,,False
2019-08-12,261.477783203125,264.69097993879154,260.5246938387905,263.19329973820805,65527600,274.3306740005272,246.6808744561163,False,False,,,,,,False
2019-08-13,265.5442810058594,266.99658826305097,260.833375094979,261.1783011848634,94299800,274.3306740005272,249.86951021596155,False,False,,,,,,False
2019-08-14,257.69268798828125,262.08589578320374,257.5656260378326,261.47776016948006,135622100,274.3306740005272,253.21164442610575,False,False,,,,,,False
2019-08-15,258.3735656738281,259.2721962631765,256.3222081850271,258.5823440330624,99556600,274.3306740005272,255.24409250405756,False,False,,,,,,False
2019-08-16,262.1858215332031,262.62149427289495,258.4279779506377,260.03460427961306,83018300,274.3306740005272,255.71396608989903,False,False,,,,,,False
2019-08-19,265.3445129394531,266.0252791757126,264.53668474332534,265.21745097958484,53571800,274.3306740005272,255.71396608989903,False,False,,,,,,False
2019-08-20,263.31134033203125,265.37178315072373,263.18427835269,264.83625028684645,51596400,274.3306740005272,255.71396608989903,False,False,,,,,,False
2019-08-21,265.45355224609375,265.82568020984394,264.79092957072766,265.48078179711104,49524700,274.3306740005272,255.71396608989903,False,False,,,,,,False
2019-08-22,265.3717346191406,266.7968118795998,263.592673330547,266.1614466981833,51666400,274.3306740005272,255.71396608989903,False,False,,,,,,False
2019-08-23,258.55511474609375,265.7349352153813,257.30249999032617,264.06479144117753,149161500,274.3306740005272,255.71396608989903,False,False,,,,,,False
2019-08-26,261.41424560546875,261.41424560546875,259.2176276035025,260.75162313576504,72423800,274.3306740005272,255.71396608989903,False,False,,,,,,False
2019-08-27,260.3884582519531,263.1841528699506,259.6260036380738,262.8119974571452,66668900,274.3306740005272,255.71396608989903,False,False,,,,,,False
2019-08-28,262.2221374511719,262.3855147289444,258.9181380982402,259.72599413909415,59696700,274.3306740005272,255.71396608989903,False,False,,,,,,False
2019-08-29,265.5714111328125,266.09788582042034,263.7832642050449,264.7908125483239,57899400,274.3306740005272,255.71396608989903,False,False,,,,,,False
2019-08-30,265.45355224609375,267.0782949575575,264.51863406055463,267.06015115703224,62901200,274.3306740005272,255.71396608989903,False,False,,,,,,False
2019-09-03,263.90130615234375,264.66376105424365,262.56700314890634,263.74701464267685,69101400,274.3306740005272,255.71396608989903,False,False,,,,,,False
2019-09-04,266.8966369628906,266.91478075411015,265.32632645839584,266.0797231508979,46887300,274.3306740005272,255.71396608989903,False,False,,,,,,False
2019-09-05,270.3277893066406,271.2445358335886,266.8604126707686,269.39287128183264,83258100,274.3306740005272,255.71396608989903,False,False,long,symmetric_triangle,up,,,True
2019-09-06,270.5364685058594,271.1809470997569,269.9646481837659,270.64541436289534,49584300,274.3306740005272,255.71396608989903,False,False,,,,,,False
2019-09-09,270.6726379394531,271.61661374272967,269.72863443573044,271.52586708120214,51260300,274.3306740005272,255.71396608989903,False,False,,,,,,False
2019-09-10,270.6091613769531,270.6727062164084,268.6485510056343,269.91022354385126,57947100,274.3306740005272,255.71396608989903,False,False,,,,,,False
2019-09-11,272.5334777832031,272.6151664258445,270.2642564860907,270.91779332767726,68821100,274.3306740005272,255.71396608989903,False,False,,,,,,False
2019-09-12,273.4775085449219,274.5394887043534,272.6787381375619,273.4411932444624,72908700,274.5394887043534,255.71396608989903,False,False,,,,,,False
2019-09-13,273.2959899902344,274.27630930793094,272.923834295596,273.92229741530133,62104800,274.5394887043534,255.71396608989903,False,False,,,,,,False
2019-09-16,272.4517517089844,273.3412963074037,271.8073007052717,272.1612847747514,58191200,274.5394887043534,255.71396608989903,False,False,,,,,,False
2019-09-17,273.14166259765625,273.2324092962593,272.0796547595179,272.25211780759554,41475500,274.5394887043534,255.71396608989903,False,False,,,,,,False
2019-09-18,273.3050231933594,273.4139413853927,270.7090195812567,272.75131878324896,73375800,274.5394887043534,255.71396608989903,False,False,,,,,,False
2019-09-19,273.28680419921875,274.6937378030169,272.9509639319972,273.69527504881034,76560500,274.6937378030169,255.71396608989903,False,False,,,,,,False
2019-09-20,271.9955749511719,274.17498158622584,271.202243775523,273.89227317408125,89565000,274.6937378030169,255.71396608989903,False,False,,,,,,False
2019-09-23,271.9317321777344,272.6521251833731,271.07456273516925,271.32988802688845,43476800,274.6937378030169,255.71396608989903,False,False,,,,,,False
2019-09-24,269.79791259765625,273.41807706188865,268.8313220903832,273.025975367656,94869400,274.6937378030169,255.71396608989903,False,False,,,,,,False
2019-09-25,271.39373779296875,271.8405501152952,268.3936446170194,269.88001356072255,71854000,274.6937378030169,255.71396608989903,False,False,,,,,,False
2019-09-26,270.8284606933594,271.6126644273072,269.4150572992071,271.40294975949206,56179700,274.6937378030169,255.71396608989903,False,False,,,,,,False
2019-09-27,269.3693542480469,271.6946650125197,267.8100471947587,271.5852160335148,84746600,274.6937378030169,255.71396608989903,False,False,,,,,,False
2019-09-30,270.61865234375,271.3299177219799,269.84357650688395,269.8891593813916,51662400,274.6937378030169,255.71396608989903,False,False,,,,,,False
2019-10-01,267.3997802734375,272.1597967306999,267.1809378983291,271.5032417769954,88242400,274.6937378030169,255.71396608989903,False,False,,,,,,False
2019-10-02,262.67620849609375,265.822206321161,261.38135419445393,265.8130786140701,122539500,274.6937378030169,255.71396608989903,False,False,,,,,,False
2019-10-03,264.8282470703125,264.8556023618493,259.72171263257434,262.4482253931142,85278800,274.6937378030169,255.71396608989903,False,False,,,,,,False
2019-10-04,268.411865234375,268.6671905038027,265.43000002786647,265.4847384262277,65091200,274.6937378030169,255.71396608989903,False,False,,,,,,False
2019-10-07,267.2538146972656,269.24173451863544,266.9711340848841,267.60946130351056,59610500,274.6937378030169,255.71396608989903,False,False,short,,,multiple_top,,True
2019-10-08,263.1047058105469,266.13215375018245,263.0682228226908,265.3935332592016,95708100,274.6937378030169,255.71396608989903,False,False,,,,,,False
2019-10-09,265.60333251953125,266.5425680006692,264.49996528325266,265.12916483966666,62359400,274.6937378030169,255.71396608989903,False,False,,,,,,False
2019-10-10,267.3997802734375,268.28430531067295,265.35717723008116,265.5213090114124,55296300,274.6937378030169,255.71396608989903,False,False,,,,,,False
2019-10-11,270.171875,272.4150925868798,270.0442262378144,270.1627472925666,98720400,274.6937378030169,255.71396608989903,False,False,,,,,,False
2019-10-14,269.87091064453125,270.5274653905415,269.524391774641,269.8526552334609,40394800,274.6937378030169,255.71396608989903,False,False,,,,,,False
2019-10-15,272.54278564453125,273.2905341614624,270.80109095047953,270.91963984077086,46754500,274.6937378030169,256.0044085907409,False,False,,,,,,False
2019-10-16,272.10504150390625,272.79807934924384,271.66735682548233,272.0776862115048,48928200,274.6937378030169,256.0044085907409,False,False,,,,,,False
2019-10-17,272.9074401855469,273.78283717724014,272.21440249342334,273.272186613055,45736600,274.6937378030169,256.3222081850271,False,False,,,,,,False
2019-10-18,271.712890625,273.01687237456315,270.85572118008037,272.3694453524199,64304000,274.6937378030169,256.3222081850271,False,False,,,,,,False
2019-10-21,273.5549621582031,273.7555769372402,272.59749897502246,273.0352115370247,39048600,274.6937378030169,256.3222081850271,False,False,,,,,,False
2019-10-22,272.66119384765625,274.384632236482,272.57000029999546,274.0928240153129,48594700,274.6937378030169,256.3222081850271,False,False,,,,,,False
2019-10-23,273.4545593261719,273.50926989599566,272.19616056349037,272.40590296672633,34352200,274.6937378030169,256.3222081850271,False,False,,,,,,False
2019-10-24,273.90142822265625,274.53975544040765,273.0716139709286,274.3938512812538,35453100,274.6937378030169,256.3222081850271,False,False,long,,,multiple_bottom,,True
2019-10-25,275.0230712890625,275.5702049695718,273.2722490771077,273.3269596623211,45205400,275.5702049695718,257.30249999032617,False,False,,,,,,False
2019-10-28,276.5732116699219,277.07476240103847,276.2175929164991,276.2449482052239,42147000,277.07476240103847,257.30249999032617,False,False,,,,,,False
2019-10-29,276.4911804199219,277.4213160097594,276.17201679259284,276.29969337487427,44284900,277.4213160097594,257.30249999032617,False,False,,,,,,False
2019-10-30,277.3392028808594,277.7130492004181,275.37863857346383,276.6917480296718,49643900,277.7130492004181,257.30249999032617,False,False,,,,,,False
2019-10-31,276.60052490234375,277.33004553803613,275.14153928769264,277.33004553803613,69053800,277.7130492004181,257.30249999032617,False,False,,,,,,False
2019-11-01,279.1629943847656,279.2085772595945,277.88633994908105,278.0504995208856,71141500,279.2085772595945,257.30249999032617,False,False,,,,,,False
2019-11-04,280.28460693359375,280.85909590047555,279.9107327197758,280.72231943892626,60606900,280.85909590047555,258.9181380982402,False,False,,,,,,False
2019-11-05,279.9745178222656,280.7861043872324,279.68270954081447,280.48516840062047,42933200,280.85909590047555,258.9181380982402,False,False,,,,,,False
2019-11-06,280.0383605957031,280.3119134712227,279.08999757995224,279.97452231529195,46487100,280.85909590047555,258.9181380982402,False,False,,,,,,False
2019-11-07,281.0232238769531,282.363688838868,280.54905620716414,281.3788705005756,54272300,282.363688838868,259.72171263257434,False,False,,,,,,False
2019-11-08,281.7162170410156,281.7709276162249,279.9745228545336,280.6766604552994,49032100,282.363688838868,259.72171263257434,False,False,,,,,,False
2019-11-11,281.17828369140625,281.35154316704853,280.19343742687363,280.3302417285533,35797300,282.363688838868,259.72171263257434,False,False,,,,,,False
2019-11-12,281.77093505859375,282.67368740176113,280.9958314514963,281.5429650464104,46484600,282.67368740176113,259.72171263257434,False,False,,,,,,False
2019-11-13,281.8621826171875,282.26341214175153,280.54907286922804,280.7770429250769,53917700,282.67368740176113,259.72171263257434,False,False,,,,,,False
2019-11-14,282.27252197265625,282.354615684627,280.9411845915058,281.5795119017382,51219900,282.67368740176113,259.72171263257434,False,False,,,,,,False
2019-11-15,284.3150939941406,284.3606768661602,282.91991860421456,283.6129285321158,62023600,284.3606768661602,259.72171263257434,False,False,,,,,,False
2019-11-18,284.5248718261719,284.76196960145177,283.6221192639558,284.0780593989542,49228000,284.76196960145177,259.72171263257434,False,False,,,,,,False
2019-11-19,284.4427795410156,285.1358173869703,283.79535240135385,285.12668968003675,67804700,285.1358173869703,259.72171263257434,False,False,,,,,,False
2019-11-20,283.38494873046875,284.3697947531004,281.8256416610672,283.8500164538431,79406200,285.1358173869703,259.72171263257434,False,False,,,,,,False
2019-11-21,282.92901611328125,283.60382628077144,282.1265850365531,283.4944051261436,54664700,285.1358173869703,259.72171263257434,False,False,,,,,,False
2019-11-22,283.5582580566406,283.81358339847606,282.54608439634217,283.6768069347026,44850200,285.1358173869703,259.72171263257434,False,False,,,,,,False
2019-11-25,285.7558288574219,285.7558288574219,284.48833013833155,284.48833013833155,48647200,285.7558288574219,259.72171263257434,False,False,,,,,,False
2019-11-26,286.40325927734375,286.5856464094058,285.4731516919135,285.79231525883745,37569000,286.5856464094058,259.72171263257434,False,False,,,,,,False
2019-11-27,287.67999267578125,287.67999267578125,286.66779112264317,286.88663347861814,44444600,287.67999267578125,259.72171263257434,False,False,,,,,,False
2019-11-29,286.6130065917969,287.3607548863061,286.3850365870102,287.1145294709798,36592700,287.67999267578125,259.72171263257434,False,False,,,,,,False
2019-12-02,284.1783752441406,286.9322435884499,283.74979041233445,286.8684052919651,75767800,287.67999267578125,259.72171263257434,False,False,,,,,,False
2019-12-03,282.27252197265625,282.354615684627,280.065787338128,281.45183530834095,73941700,287.67999267578125,259.72171263257434,False,False,,,,,,False
2019-12-04,284.0141906738281,284.6160349269536,282.97466174815634,283.32118066617176,49080000,287.67999267578125,259.72171263257434,False,False,,,,,,False
2019-12-05,284.5248718261719,284.734614306487,283.2117620111064,284.71638671930293,40709000,287.67999267578125,259.72171263257434,False,False,,,,,,False
2019-12-06,287.1237487792969,287.5249783419981,286.4307108385623,286.43983854674417,48927000,287.67999267578125,259.72171263257434,True,False,short,,,,,True
2019-12-09,286.22100830078125,287.40644162273225,286.148042288993,286.7316590697798,34838500,287.67999267578125,259.72171263257434,False,False,,,,,,False
2019-12-10,285.90179443359375,286.8319022077995,285.2452395846324,286.16624748024657,52649800,287.67999267578125,259.72171263257434,False,False,,,,,,False
2019-12-11,286.7133483886719,286.9686736991754,285.8196958877238,286.3577017981286,53429100,287.67999267578125,259.72171263257434,False,False,,,,,,False
2019-12-12,289.1845703125,289.9687739215484,286.4854127307955,286.7224826578886,96389600,289.9687739215484,259.72171263257434,False,False,long,,,multiple_bottom,,True
2019-12-13,289.35784912109375,290.58889303070293,288.17238809287204,288.94749187509836,81503900,290.58889303070293,263.0682228226908,False,False,,,,,,False
2019-12-16,291.3457336425781,291.93845022672343,289.2940031239684,291.09040829117504,82749700,291.93845022672343,263.0682228226908,False,False,,,,,,False
2019-12-17,291.4095458984375,292.0296177209557,291.3274800244313,291.7287095162663,61097700,292.0296177209557,263.0682228226908,False,False,,,,,,False
2019-12-18,291.4277038574219,292.0295479513862,291.37299328782217,291.8015779685982,48133000,292.0296177209557,264.49996528325266,False,False,,,,,,False
2019-12-19,292.6224060058594,292.6953720195615,291.36400663911246,291.6193320303089,85310500,292.6953720195615,265.35717723008116,False,False,,,,,,False
2019-12-20,293.9052429199219,295.0415245853999,292.6773193215395,293.65780690456086,147142100,295.0415245853999,269.524391774641,False,False,,,,,,False
2019-12-23,294.3542785644531,294.74830814974234,294.20765705163046,294.6933285780831,52990000,295.0415245853999,269.524391774641,False,False,,,,,,False
2019-12-24,294.3634338378906,294.62915909688604,294.0610182463545,294.5833521115951,20270000,295.0415245853999,270.80109095047953,False,False,,,,,,False
2019-12-26,295.9303894042969,295.93956198687215,294.73912820752435,294.74827282490884,30911200,295.93956198687215,270.85572118008037,False,False,,,,,,False
2019-12-27,295.85711669921875,296.7185006570414,295.3256381550197,296.6635210823034,42528800,296.7185006570414,270.85572118008037,False,False,,,,,,False
2019-12-30,294.2259521484375,296.0770241392067,293.74028065847364,295.9395752203852,49729100,296.7185006570414,270.85572118008037,False,False,,,,,,False
2019-12-31,294.9407653808594,295.1882014426229,293.3737915055434,293.7220141367685,57077300,296.7185006570414,272.19616056349037,False,False,,,,,,False
2020-01-02,297.6990051269531,297.71735029463804,295.5547178974124,296.4802539792737,59151200,297.71735029463804,272.19616056349037,False,False,,,,,,False
2020-01-03,295.4447326660156,296.57186973652915,294.2442988268179,294.2992783946291,77709700,297.71735029463804,272.19616056349037,False,False,long,,,multiple_bottom,,True
2020-01-06,296.5719299316406,296.6543993000962,293.5662304668719,293.685362209707,55653900,297.71735029463804,273.0716139709286,False,False,,,,,,False
2020-01-07,295.7379150390625,296.48016701752937,295.28887804040966,296.00364024060696,40496400,297.71735029463804,273.2722490771077,False,False,,,,,,False
2020-01-08,297.31414794921875,298.5328990962051,295.6830220422805,295.9304301191349,68296000,298.5328990962051,275.14153928769264,False,False,,,,,,False
2020-01-09,299.3301086425781,299.4034333774434,298.29461349284884,298.88109951100057,48473300,299.4034333774434,275.14153928769264,False,False,,,,,,False
2020-01-10,298.46875,300.07238613706346,298.0014236278169,299.91662000140076,53029300,300.07238613706346,275.14153928769264,False,False,,,,,,False
2020-01-13,300.5213623046875,300.5305069215687,298.66114588168574,299.0918377611585,47086800,300.5305069215687,275.14153928769264,False,False,,,,,,False
2020-01-14,300.0632019042969,301.1353314053116,299.50420569698866,300.0815191045464,62832800,301.1353314053116,277.88633994908105,False,False,,,,,,False
2020-01-15,300.7413330078125,301.5019023922084,299.8891216822957,299.9715910397463,72056600,301.5019023922084,279.08999757995224,False,False,,,,,,False
2020-01-16,303.2430114746094,303.2430114746094,301.89595605653415,302.1250469237905,54050300,303.2430114746094,279.08999757995224,False,False,,,,,,False
2020-01-17,304.1868591308594,304.3976048271327,303.17885374044386,303.9577682678192,95846000,304.3976048271327,279.08999757995224,False,False,,,,,,False
2020-01-21,303.5912170410156,304.3976213972453,303.1513804577593,303.2246772332371,77742400,304.3976213972453,279.9745228545336,False,False,,,,,,False
2020-01-22,303.62786865234375,305.10322838025627,303.4721025230249,304.45259018192024,48914900,305.10322838025627,279.9745228545336,False,False,long,,,multiple_bottom,,True
2020-01-23,303.97601318359375,304.3883878250803,301.8592163496941,302.97718061408506,51963000,305.10322838025627,280.065787338128,False,False,,,,,,False
2020-01-24,301.2728271484375,304.71836296389927,299.98075121763935,304.63589360217117,87578400,305.10322838025627,280.065787338128,False,False,,,,,,False
2020-01-27,296.44354248046875,297.92804662680606,295.6738006255231,296.01285058916926,84062500,305.10322838025627,280.065787338128,False,False,,,,,,False
2020-01-28,299.550048828125,300.4297498723814,296.5352053758519,297.8730881255824,63834000,305.10322838025627,280.065787338128,False,False,,,,,,False
2020-01-29,299.3026123046875,301.1445117064484,299.10101123601123,300.9154208540977,53888900,305.10322838025627,280.065787338128,False,False,,,,,,False
2020-01-30,300.27392578125,300.4846994121744,296.4801961809347,297.2315928492786,75491800,305.10322838025627,280.065787338128,False,False,,,,,,False
2020-01-31,294.8216247558594,299.80664419353747,293.905261299892,299.65085010133794,113845600,305.10322838025627,280.065787338128,False,False,,,,,,False
2020-02-03,297.0117492675781,298.88113873930445,296.18702766585056,296.3061594017483,69083000,305.10322838025627,280.065787338128,False,False,,,,,,False
2020-02-04,301.53857421875,302.40913073891045,300.3106504717624,300.63138329314756,62573200,305.10322838025627,280.065787338128,False,False,,,,,,False
2020-02-05,305.0207214355469,305.23149509436865,303.013911228474,304.4800703613793,65951100,305.23149509436865,280.065787338128,False,False,,,,,,False
2020-02-06,306.04705810546875,306.23948658903026,304.9657280409619,305.9829059558844,50359700,306.23948658903026,280.065787338128,False,False,,,,,,False
2020-02-07,304.4159240722656,306.056194377022,303.86610045474913,304.98406488979606,64139400,306.23948658903026,280.065787338128,False,False,,,,,,False
2020-02-10,306.68853759765625,306.7526897560034,303.49043784674745,303.5271002179738,42070000,306.7526897560034,280.065787338128,False,False,,,,,,False
2020-02-11,307.219970703125,308.8327511042264,306.68846432551175,308.0446920849093,54864500,308.8327511042264,280.065787338128,False,False,,,,,,False
2020-02-12,309.1993713378906,309.41011703621217,308.29215249510275,308.6586922864908,43992700,309.41011703621217,280.065787338128,False,False,,,,,,False
2020-02-13,308.86944580078125,309.84078876893074,307.49490069884985,307.7697985331595,54501900,309.84078876893074,280.065787338128,False,False,,,,,,False
2020-02-14,309.3642883300781,309.48342004608406,308.0813851676903,309.28181898019517,64582200,309.84078876893074,282.97466174815634,False,False,,,,,,False
2020-02-18,308.56707763671875,309.42846152545053,307.17418728122385,308.3654765571178,57226200,309.84078876893074,283.2117620111064,False,False,,,,,,False
2020-02-19,310.0423583984375,310.72045829777164,309.25429937652905,309.53836976490896,48814700,310.72045829777164,285.2452395846324,False,False,,,,,,False
2020-02-20,308.76861572265625,310.31727188973275,305.772089925145,309.4925225726859,74163400,310.72045829777164,285.2452395846324,False,False,,,,,,False
2020-02-21,305.5888977050781,307.7240122691576,304.7641482162331,307.4124520475645,113788200,310.72045829777164,285.2452395846324,False,False,,,,,,False
2020-02-24,295.453857421875,305.662129694088,294.37252751118245,296.11364009399773,161088400,310.72045829777164,285.8196958877238,False,False,,,,,,False
2020-02-25,286.5010070800781,297.460705347923,285.6213060596482,296.8467575397239,218913200,310.72045829777164,285.6213060596482,False,False,,,,,,False
2020-02-26,285.4472961425781,291.50444685251574,284.71421635943204,287.9031441778387,194773800,310.72045829777164,284.71421635943204,False,False,,,,,,False
2020-02-27,272.6273193359375,285.50221558469656,272.6273193359375,279.91239252884566,284353500,310.72045829777164,272.6273193359375,False,False,,,,,,False
2020-02-28,271.4818420410156,272.97551892461485,261.6584248326628,264.55413666270186,384975800,310.72045829777164,261.6584248326628,False,False,,,,,,False
2020-03-02,283.2388000488281,283.30295220755625,269.8323971344277,273.2687603709201,238703600,310.72045829777164,261.6584248326628,False,False,,,,,,False
2020-03-03,275.12890625,287.5914526327542,272.6822319172303,283.6144392953879,300139100,310.72045829777164,261.6584248326628,False,False,,,,,,False
2020-03-04,286.69354248046875,286.9134887914965,277.9605972724039,280.5172599034387,176613400,310.72045829777164,261.6584248326628,False,False,,,,,,False
2020-03-05,277.1632995605469,282.67065320761304,274.9182257388986,279.4725535047731,186366800,310.72045829777164,261.6584248326628,False,False,,,,,,False
2020-03-06,272.5814514160156,273.79105782578944,265.9561618762661,268.6319273661624,228667200,310.72045829777164,261.6584248326628,False,False,,,,,,False
2020-03-09,251.29443359375,260.4214084361469,250.57967100907797,252.2749215229016,309417300,310.72045829777164,250.57967100907797,False,False,,,,,,False
2020-03-10,264.29754638671875,264.38916035534675,250.62539203743287,260.8336938237853,276444100,310.72045829777164,250.57967100907797,False,False,,,,,,False
2020-03-11,251.41351318359375,258.3595651893457,248.22458563522105,257.22328323212776,255316300,310.72045829777164,248.22458563522105,False,False,,,,,,False
2020-03-12,227.3589630126953,244.3575098159475,226.96491941166903,234.5890709284922,392220700,310.72045829777164,226.96491941166903,False,False,,,,,,False
2020-03-13,246.79502868652344,248.77437723566985,227.7346647691164,241.0860739179412,329566100,310.72045829777164,226.96491941166903,False,False,,,,,,False
2020-03-16,219.78976440429688,235.41374899779908,217.50801453237176,221.00851540675873,297240000,310.72045829777164,217.50801453237176,False,False,,,,,,False
2020-03-17,231.6566467285156,234.7448005802353,217.24225582936077,224.54565851971736,262070500,310.72045829777164,217.24225582936077,False,False,,,,,,False
2020-03-18,219.92723083496097,227.5971885358992,208.94920047757623,216.49086785316467,327597100,310.72045829777164,208.94920047757623,False,False,,,,,,False
2020-03-19,220.39456176757812,226.6899879899135,212.7979151454708,219.23994888867023,289322000,310.72045829777164,208.94920047757623,False,False,,,,,,False
2020-03-20,210.8968505859375,225.34070206512823,210.62032218585884,223.5525010180808,347158800,310.72045829777164,208.94920047757623,False,False,,,,,,False
2020-03-23,205.50457763671875,211.70796381485764,201.18155909431383,210.33456252313593,326025200,310.72045829777164,201.18155909431383,False,False,,,,,,False
2020-03-24,224.12396240234375,224.9996379339709,215.5055908245189,216.0770724853135,235494500,310.72045829777164,201.18155909431383,False,False,,,,,,False
2020-03-25,227.47914123535156,236.29110105973476,220.990014161324,225.70937930607133,299430300,310.72045829777164,201.18155909431383,False,False,,,,,,False
2020-03-26,240.76158142089844,242.23636179724775,229.56228861158792,229.9955130827895,257632800,310.72045829777164,201.18155909431383,False,False,,,,,,False
2020-03-27,233.59033203125,240.40207705378725,231.4057848355421,233.4520748915783,224341200,310.72045829777164,201.18155909431383,False,False,,,,,,False
2020-03-30,241.1763916015625,241.89535699591625,233.69177028351132,235.6919703231692,171369500,310.72045829777164,201.18155909431383,False,False,,,,,,False
2020-03-31,237.5815887451172,242.7249527606954,236.1713092465199,240.17170973188965,194881100,310.72045829777164,201.18155909431383,False,False,,,,,,False
2020-04-01,226.8892059326172,237.4985784321248,224.8152643278773,228.57601345891695,189554600,310.72045829777164,201.18155909431383,False,False,,,,,,False
2020-04-02,232.12478637695312,232.908267065592,225.45129745089525,226.00435422566696,177660400,310.72045829777164,201.18155909431383,False,False,,,,,,False
2020-04-03,228.7696228027344,233.4982148913471,226.0320183372027,231.13851804279616,135561200,310.72045829777164,201.18155909431383,False,False,,,,,,False
2020-04-06,244.13523864746097,246.10780157051585,228.75120848358827,237.66454927216523,188061200,310.72045829777164,201.18155909431383,False,False,,,,,,False
2020-04-07,244.3840789794922,253.5094169108376,244.16286753110208,252.75357362265825,201427200,310.72045829777164,201.18155909431383,False,False,,,,,,False
2020-04-08,252.5877227783203,254.4035755113223,244.49474059557332,246.99268087012769,153774500,310.72045829777164,201.18155909431383,False,False,,,,,,False
2020-04-09,256.431396484375,259.19665225611317,253.91500360542415,255.8598866626546,189999200,310.72045829777164,201.18155909431383,False,False,,,,,,False
2020-04-13,254.09017944335935,255.79542640181833,250.17273313889677,255.4543826360547,114839100,310.72045829777164,201.18155909431383,False,False,,,,,,False
2020-04-14,261.5838928222656,262.60702358971633,253.95179074665913,258.99377309265697,134143400,310.72045829777164,201.18155909431383,False,False,,,,,,False
2020-04-15,256.0257873535156,261.7222066904495,253.90574134911725,255.8506522622504,121775000,310.72045829777164,201.18155909431383,False,False,,,,,,False
2020-04-16,257.2609558105469,258.1181783094226,254.18230790119935,257.3070321527782,131798300,310.72045829777164,201.18155909431383,False,False,,,,,,False
2020-04-17,264.2109680175781,264.8192994942426,260.30272098283615,263.04955166649506,146684800,310.72045829777164,201.18155909431383,False,False,,,,,,False
2020-04-20,259.55615234375,264.34927418099744,259.3349408566782,260.49632929344494,100109300,310.72045829777164,201.18155909431383,False,False,,,,,,False
2020-04-21,251.6751251220703,256.2838842278016,250.73492026153588,255.07639159247063,126385700,310.72045829777164,201.18155909431383,False,False,,,,,,False
2020-04-22,257.2609558105469,259.0122787598645,255.2423169392362,256.5696418992661,92951600,310.72045829777164,201.18155909431383,False,False,,,,,,False
2020-04-23,257.24249267578125,261.7222212725069,256.93832694379256,258.5421661535463,104709700,310.72045829777164,201.18155909431383,False,False,,,,,,False
2020-04-24,260.828125,261.50101398459896,256.7078930598151,258.76340983468236,85063200,310.72045829777164,201.18155909431383,False,False,,,,,,False
2020-04-27,264.5888671875,265.7134056117483,262.34901685933136,262.80989280157024,77896600,310.72045829777164,201.18155909431383,False,False,,,,,,False
2020-04-28,263.3722229003906,268.5985412619103,263.0680289718382,268.24827098279667,105270000,310.72045829777164,201.18155909431383,False,False,,,,,,False
2020-04-29,270.26690673828125,271.8062450162346,267.6860122880096,268.71837006811825,118745600,310.72045829777164,201.18155909431383,False,False,,,,,,False
2020-04-30,267.7505187988281,270.3682909831344,266.0083940965527,268.88425570382896,122901700,310.31727188973275,201.18155909431383,False,False,,,,,,False
2020-05-01,260.6622314453125,267.91641450243395,259.49158851242345,262.9850361402211,125180000,307.7240122691576,201.18155909431383,False,False,,,,,,False
2020-05-04,261.3811950683594,261.6853608206869,257.28861435013727,258.7726214184617,80873200,305.662129694088,201.18155909431383,False,False,,,,,,False
2020-05-05,263.7962341308594,266.61679328918257,261.5102788102137,264.21103382517106,79569900,297.460705347923,201.18155909431383,False,False,,,,,,False
2020-05-06,262.00799560546875,265.8885634952178,261.57477105747034,265.50144342317355,73632600,291.50444685251574,201.18155909431383,False,False,,,,,,False
2020-05-07,265.1695861816406,267.105270843854,264.6626338763726,265.2341155672962,75250400,287.5914526327542,201.18155909431383,False,False,,,,,,False
2020-05-08,269.5571594238281,270.0272619493122,267.1790234909967,268.312788587313,76452400,287.5914526327542,201.18155909431383,False,False,,,,,,False
2020-05-11,269.6124572753906,270.9950852614183,267.1974715605378,267.6214695999542,79514200,287.5914526327542,201.18155909431383,False,False,,,,,,False
2020-05-12,264.2386779785156,271.21631976182334,264.1003926644628,270.80154820858723,95870800,287.5914526327542,201.18155909431383,False,False,,,,,,False
2020-05-13,259.56536865234375,264.71795895334134,257.13192987174455,263.6763746932957,144721100,286.9134887914965,201.18155909431383,False,False,,,,,,False
2020-05-14,262.67156982421875,262.8006004283027,251.62897488857476,257.1226349967908,121977900,282.67065320761304,201.18155909431383,False,False,,,,,,False
2020-05-15,263.87908935546875,263.9251656910274,259.3256334688875,260.27503664436966,111146300,273.79105782578944,201.18155909431383,False,False,,,,,,False
2020-05-18,271.91680908203125,273.52987489861954,269.7967909749408,270.11938163455005,119703800,273.52987489861954,201.18155909431383,False,False,,,,,,False
2020-05-19,269.1239013671875,273.0321203926456,269.1054764559933,271.317675373618,95189300,273.52987489861954,201.18155909431383,False,False,,,,,,False
2020-05-20,273.69580078125,274.5622498678464,272.44223162680925,272.6726696151671,85861700,274.5622498678464,201.18155909431383,False,False,,,,,,False
2020-05-21,271.8062438964844,274.37793994395184,270.70935672722777,273.5667936544539,78293900,274.5622498678464,201.18155909431383,False,False,,,,,,False
2020-05-22,272.3223571777344,272.4974922721214,270.27606703298926,271.5204376032428,63958200,274.5622498678464,201.18155909431383,False,False,,,,,,False
2020-05-26,275.6775817871094,278.5442451969563,272.3408439751787,278.3045806702521,88951400,278.5442451969563,201.18155909431383,False,False,,,,,,False
2020-05-27,279.7793273925781,279.81620534149,273.6404569266907,278.4796539573574,104817400,279.81620534149,201.18155909431383,False,False,,,,,,False
2020-05-28,279.2631530761719,282.83032815773345,278.5902641135655,280.8116893995479,90405200,282.83032815773345,201.18155909431383,False,False,,,,,,False
2020-05-29,280.507568359375,281.09747499717514,276.0370656455134,278.79309505494115,119090800,282.83032815773345,201.18155909431383,False,False,,,,,,False
2020-06-01,281.641357421875,282.2497172147932,279.34620357604416,279.86238252828207,55758300,282.83032815773345,201.18155909431383,False,False,,,,,,False
2020-06-02,283.9732971191406,284.01940158934775,281.2264946134768,282.56301791606984,74267200,284.01940158934775,201.18155909431383,False,False,,,,,,False
2020-06-03,287.75250244140625,288.71113229720396,285.68778717935186,285.9643014985071,92567600,288.71113229720396,215.5055908245189,False,False,,,,,,False
2020-06-04,286.99664306640625,288.50832960554146,284.89504996954486,286.76620510346254,75794400,288.71113229720396,220.990014161324,False,False,,,,,,False
2020-06-05,294.352294921875,296.13126961910496,292.34288221320156,292.40741160751935,150524700,296.13126961910496,224.8152643278773,False,False,,,,,,False
2020-06-08,297.9102478027344,298.1038078400363,294.61958652041267,295.1634168068766,73641200,298.1038078400363,224.8152643278773,False,False,,,,,,False
2020-06-09,295.6888122558594,297.9839655814591,294.37068560515496,295.23713467779834,77479200,298.1038078400363,224.8152643278773,False,False,,,,,,False
2020-06-10,294.0387878417969,297.16353955964166,293.319822651883,296.2694392990128,95000800,298.1038078400363,224.8152643278773,False,False,,,,,,False
2020-06-11,277.08782958984375,287.72485456232124,276.5348009447045,287.088843490775,209243600,298.1038078400363,224.8152643278773,False,False,,,,,,False
2020-06-12,280.4060974121094,284.8950240206499,275.2350834968645,284.12075591123715,194678900,298.1038078400363,225.45129745089525,False,False,,,,,,False
2020-06-15,283.0238952636719,284.157660169738,273.52063590787077,274.70047715474163,135782700,298.1038078400363,226.0320183372027,False,False,,,,,,False
2020-06-16,288.471435546875,290.94175175021076,283.59538877660174,290.7942680866062,137627500,298.1038078400363,228.75120848358827,False,False,,,,,,False
2020-06-17,287.2732238769531,289.78961689513534,286.53580541924,289.4946495120501,83398900,298.1038078400363,244.16286753110208,False,False,,,,,,False
2020-06-18,287.3837890625,287.86308989515436,285.2914225013562,285.7522984237817,80828700,298.1038078400363,244.49474059557332,False,False,,,,,,False
2020-06-19,285.7414245605469,291.0555539951317,283.7879547845026,290.8611422057598,135549600,298.1038078400363,250.17273313889677,False,False,,,,,,False
2020-06-22,287.5745544433594,287.9726452105202,283.99168103206046,285.1396742223571,74649400,298.1038078400363,250.17273313889677,False,False,,,,,,False
2020-06-23,288.8984375,291.16667889130184,288.4910796317382,290.2316035682341,68471200,298.1038078400363,250.73492026153588,False,False,,,,,,False
2020-06-24,281.5289611816406,287.47266118114317,279.6866122382617,286.85235736793186,132813500,298.1038078400363,250.73492026153588,False,False,,,,,,False
2020-06-25,284.5471496582031,284.8156419412527,278.92748722706216,280.9550094007132,89468000,298.1038078400363,250.73492026153588,False,False,,,,,,False
2020-06-26,277.78875732421875,283.6584065601255,277.20552185285015,283.44546048892926,127961000,298.1038078400363,250.73492026153588,False,False,,,,,,False
2020-06-29,281.87152099609375,282.0103865578384,276.75180342802395,279.047817644744,79773300,298.1038078400363,250.73492026153588,False,False,,,,,,False
2020-06-30,285.4821472167969,287.1856588350015,281.2789991524152,281.4363706937527,113394800,298.1038078400363,250.73492026153588,False,False,,,,,,False
2020-07-01,287.48193359375,288.75031447900784,286.1395287421861,286.60243281239894,72396500,298.1038078400363,251.62897488857476,False,False,,,,,,False
2020-07-02,289.0650634765625,292.27761860525646,288.3984805369268,290.92591848242125,69344200,298.1038078400363,251.62897488857476,False,False,,,,,,False
2020-07-06,293.5274963378906,294.1107600598667,292.14805107719695,292.8979535044731,61713800,298.1038078400363,251.62897488857476,False,False,long,symmetric_triangle,up,multiple_bottom,,True
2020-07-07,290.5000305175781,293.96254336558655,290.1204458505552,291.9813289550433,82910000,298.1038078400363,251.62897488857476,False,False,,,,,,False
2020-07-08,292.7220153808594,292.83310783880313,289.50022108680014,291.26848979810916,54638600,298.1038078400363,251.62897488857476,False,False,,,,,,False
2020-07-09,291.05560302734375,293.5738026050235,287.63010119071316,293.3330834182063,83354200,298.1038078400363,251.62897488857476,False,False,,,,,,False
2020-07-10,294.02740478515625,294.29589705762123,289.55576388536076,290.990755205838,57550400,298.1038078400363,251.62897488857476,False,False,,,,,,False
2020-07-13,291.48150634765625,298.7676137621812,290.82419031021726,296.3790405783801,102997500,298.7676137621812,251.62897488857476,False,False,,,,,,False
2020-07-14,295.2587585449219,296.03643402926104,288.8521534785703,290.0556928166949,93657000,298.7676137621812,251.62897488857476,False,False,,,,,,False
2020-07-15,297.9713439941406,299.073057898437,295.5827432633352,298.48979427223054,87196500,299.073057898437,251.62897488857476,False,False,,,,,,False
2020-07-16,296.9900207519531,297.4436577294119,295.41613550865986,296.0642125508216,54622500,299.073057898437,251.62897488857476,False,False,,,,,,False
2020-07-17,297.85101318359375,298.6379557988609,296.0179027889811,297.99914588498484,62774900,299.073057898437,251.62897488857476,False,False,,,,,,False
2020-07-20,300.25811767578125,301.00802004619595,296.83261608608126,297.58251845649596,56308800,301.00802004619595,251.62897488857476,False,False,,,,,,False
2020-07-21,300.8969421386719,302.674478119921,299.9063205508765,302.2301082513212,57292200,302.674478119921,251.62897488857476,False,False,,,,,,False
2020-07-22,302.60968017578125,302.9244798533065,300.42478620141566,300.5358786742239,57792900,302.9244798533065,251.62897488857476,False,False,,,,,,False
2020-07-23,298.99896240234375,302.95218089089167,297.62878455914324,302.2485577259489,75738000,302.95218089089167,251.62897488857476,False,False,,,,,,False
2020-07-24,297.0733337402344,298.10096725984846,295.56426188414656,297.13814709374793,73766600,302.95218089089167,251.62897488857476,False,False,long,,,multiple_bottom,,True
2020-07-27,299.2397155761719,299.41562138741637,296.97147427544377,297.7676839874068,48293000,302.95218089089167,259.3256334688875,False,False,,,,,,False
2020-07-28,297.341796875,299.6285439888073,297.0455315052015,298.508295856773,57495000,302.95218089089167,269.1054764559933,False,False,,,,,,False
2020-07-29,300.9987487792969,301.5635064567835,298.18428402153864,298.22132425942874,48454200,302.95218089089167,269.1054764559933,False,False,,,,,,False
2020-07-30,299.92486572265625,300.34149078231616,295.9253951156929,298.01770277832117,61861700,302.95218089089167,270.27606703298926,False,False,,,,,,False
2020-07-31,302.2947998046875,302.39665337033796,297.4898543134482,301.72080339976225,84986800,302.95218089089167,270.27606703298926,True,False,short,,,,,True
2020-08-03,304.3964538574219,305.1648621508035,303.4150995292858,303.96132291921657,53077900,305.1648621508035,270.27606703298926,False,False,,,,,,False
2020-08-04,305.5722351074219,305.5722351074219,303.5354458801942,303.5354458801942,41917900,305.5722351074219,272.3408439751787,False,False,,,,,,False
2020-08-05,307.4701843261719,307.72943777630746,306.60918937854404,306.8776816994506,42697700,307.72943777630746,273.52063590787077,False,False,,,,,,False
2020-08-06,309.5254211425781,309.6457807205977,306.5628520645501,306.8868905622747,43679400,309.6457807205977,273.52063590787077,False,False,,,,,,False
2020-08-07,309.7476501464844,310.03464842255073,307.64604749173736,308.5533496810777,57308300,310.03464842255073,273.52063590787077,False,False,,,,,,False
2020-08-10,310.6734619140625,310.85860660049394,308.25708784004365,310.20129069482834,44282100,310.85860660049394,273.52063590787077,False,False,,,,,,False
2020-08-11,308.1089782714844,312.49732864539857,307.3776100870203,311.8585186843875,69601100,312.49732864539857,273.52063590787077,False,False,,,,,,False
2020-08-12,312.4046936035156,313.1823690322383,310.5253042540805,310.55307736748404,53774400,313.1823690322383,273.52063590787077,False,False,,,,,,False
2020-08-13,311.8399658203125,313.15462590528705,310.914157613645,311.6362868847087,41816100,313.1823690322383,273.52063590787077,False,False,,,,,,False
2020-08-14,311.8492126464844,312.386197193319,310.7197255777267,311.45112192434925,47260400,313.1823690322383,273.52063590787077,False,False,,,,,,False
2020-08-17,312.83984375,313.23793448435885,311.8584893449453,312.86761686510823,35481000,313.23793448435885,273.52063590787077,False,False,,,,,,False
2020-08-18,313.51568603515625,313.94154987395524,311.6362683640285,313.23792663760884,38733900,313.94154987395524,273.52063590787077,False,False,,,,,,False
2020-08-19,312.21026611328125,314.4136655905085,311.64550849790567,313.89521533075856,68054200,314.4136655905085,273.52063590787077,False,False,,,,,,False
2020-08-20,313.1824035644531,313.6638136676709,310.34943267122867,310.4790311302615,42207800,314.4136655905085,273.52063590787077,False,False,,,,,,False
2020-08-21,314.29327392578125,314.51545877917744,312.5064432183378,312.84901587187653,55106600,314.51545877917744,273.52063590787077,False,False,long,,,multiple_bottom,,True
2020-08-24,317.4781494140625,317.55220163599915,314.26559394084416,316.7374859275807,48588700,317.55220163599915,273.52063590787077,False,False,,,,,,False
2020-08-25,318.589111328125,318.672430675208,316.8763605178446,318.04288788385406,38463400,318.672430675208,276.75180342802395,False,False,,,,,,False
2020-08-26,321.78314208984375,322.05160610805416,318.6354000636554,319.1816234759962,50790200,322.05160610805416,276.75180342802395,False,False,,,,,,False
2020-08-27,322.48675537109375,323.9402810146321,320.8203119253996,322.65342231840225,58034100,323.9402810146321,276.75180342802395,False,False,,,,,,False
2020-08-28,324.5697937011719,324.69942039778635,322.32008678211736,323.51438715103393,48588900,324.69942039778635,276.75180342802395,False,False,,,,,,False
2020-08-31,323.3940734863281,325.2364228395973,323.1626214267345,324.3569219651967,66099200,325.2364228395973,276.75180342802395,False,False,,,,,,False
2020-09-01,326.4399719238281,326.5417972626103,323.3292417281404,324.2272767983935,54908700,326.5417972626103,276.75180342802395,False,False,,,,,,False
2020-09-02,331.16162109375,332.13370845126155,327.20840179877194,328.3564232368283,69540000,332.13370845126155,276.75180342802395,False,False,,,,,,False
2020-09-03,319.764892578125,329.93951517196746,317.1726127891446,329.4673439712891,148011100,332.13370845126155,276.75180342802395,False,False,,,,,,False
2020-09-04,317.1540832519531,322.02381457889834,310.0253496782676,320.44995778251706,139156300,332.13370845126155,276.75180342802395,False,False,,,,,,False
2020-09-08,308.48846435546875,317.2188549450561,308.1829601582758,311.72879223558186,114465300,332.13370845126155,276.75180342802395,False,False,,,,,,False
2020-09-09,314.5804138183594,317.0523061861241,311.63632191759143,312.50658398996416,91462300,332.13370845126155,281.2789991524152,False,False,,,,,,False
2020-09-10,309.11810302734375,317.1170709136093,308.15525462087976,316.4597550247516,90569500,332.13370845126155,286.1395287421861,False,False,,,,,,False
2020-09-11,309.2754821777344,311.9695874052841,306.44251137215093,310.9049136357937,84680200,332.13370845126155,287.63010119071316,False,False,,,,,,False
2020-09-14,313.3489685058594,315.1265323015431,309.4235516177228,312.45093361361097,65605700,332.13370845126155,287.63010119071316,False,False,,,,,,False
2020-09-15,314.9321594238281,316.64488183662957,313.3582743243969,315.8116601824572,52920900,332.13370845126155,287.63010119071316,False,False,,,,,,False
2020-09-16,313.6823425292969,317.60776027402704,313.4045831159811,316.1727688588802,82096000,332.13370845126155,287.63010119071316,False,False,long,,,multiple_bottom,,True
2020-09-17,310.9234313964844,312.64544938955055,308.28487230028173,308.81258977020724,91523300,332.13370845126155,287.63010119071316,False,False,,,,,,False
2020-09-18,307.3438720703125,311.8427175043129,304.8527807613783,311.73118033622967,105877900,332.13370845126155,288.8521534785703,False,False,,,,,,False
2020-09-21,303.9231872558594,304.07191289668066,299.0525430766527,302.7427147128919,99450800,332.13370845126155,288.8521534785703,False,False,,,,,,False
2020-09-22,307.0185852050781,307.57629950063915,302.89153913106475,305.41054349881875,63612100,332.13370845126155,288.8521534785703,False,False,,,,,,False
2020-09-23,299.8984069824219,307.8550444577609,299.39646148581187,307.5761732411928,93112200,332.13370845126155,295.41613550865986,False,False,,,,,,False
2020-09-24,300.6978759765625,303.76526181920326,297.2586617207923,298.5785845077411,76681300,332.13370845126155,295.41613550865986,False,False,,,,,,False
2020-09-25,305.5591735839844,306.34923785839106,298.9689221639233,299.84263930150775,71069400,332.13370845126155,295.56426188414656,False,False,,,,,,False
2020-09-28,310.6343078613281,311.3500234799147,308.7380912248232,309.73267808300886,64584600,332.13370845126155,295.56426188414656,False,False,,,,,,False
2020-09-29,308.942626953125,311.17345533698654,308.24549131026066,310.4298553312067,51304000,332.13370845126155,295.56426188414656,False,False,,,,,,False
2020-09-30,311.2850341796875,314.44537688918547,309.4167014996256,309.61189154534867,104081100,332.13370845126155,295.56426188414656,False,False,,,,,,False
2020-10-01,313.283447265625,314.8636042513181,311.39653473476926,313.88762577093473,88698700,332.13370845126155,295.56426188414656,False,False,,,,,,False
2020-10-02,310.3089599609375,313.25553191340913,307.84575345799766,308.31981468995633,89431100,332.13370845126155,295.56426188414656,False,False,,,,,,False
2020-10-05,315.8117370605469,315.9976228708577,312.3260589938609,312.37252335480844,45713100,332.13370845126155,295.9253951156929,False,False,,,,,,False
2020-10-06,311.3221740722656,318.0518759506169,310.810952625502,315.95116484965547,90128900,332.13370845126155,295.9253951156929,False,False,,,,,,False
2020-10-07,316.7413024902344,317.54997539398164,314.25948682369335,314.28737111808033,56999600,332.13370845126155,295.9253951156929,False,False,long,,,multiple_bottom,,True
2020-10-08,319.54833984375,319.6134126353913,317.7636603816266,318.6838985828623,45242500,332.13370845126155,295.9253951156929,False,False,,,,,,False
2020-10-09,322.4019775390625,322.8667345981165,320.58013781019633,321.2028963840777,59528600,332.13370845126155,297.2586617207923,False,False,,,,,,False
2020-10-12,327.588623046875,329.0665469517747,324.456165301913,324.94880660354625,80388500,332.13370845126155,297.2586617207923,False,False,,,,,,False
2020-10-13,325.4508056640625,327.62586544984794,324.4841029704284,327.4492554856305,73255500,332.13370845126155,297.2586617207923,False,False,,,,,,False
2020-10-14,323.40582275390625,327.1238790245569,322.6715270643458,326.02705923267933,57727900,332.13370845126155,297.2586617207923,False,False,,,,,,False
2020-10-15,323.00616455078125,323.48950169298183,318.9441922862967,319.48329800773115,60357700,332.13370845126155,297.2586617207923,False,False,,,,,,False
2020-10-16,322.8110046386719,326.0271159294478,322.6343946657817,324.36327751636173,89501900,332.13370845126155,297.2586617207923,False,False,,,,,,False
2020-10-19,317.90313720703125,324.7071590913862,317.00150736477167,324.07509628990033,68425600,332.13370845126155,297.2586617207923,False,False,,,,,,False
2020-10-20,319.1766052246094,322.4299050743411,318.48877376223936,319.25095388276145,60051900,332.13370845126155,297.2586617207923,False,False,,,,,,False
2020-10-21,318.5723876953125,321.3051615043332,318.265632147442,319.1300734795861,63575000,332.13370845126155,297.2586617207923,False,False,,,,,,False
2020-10-22,320.3197937011719,320.90539203746897,316.6389263442525,318.7861013329984,55399300,332.13370845126155,297.2586617207923,False,False,,,,,,False
2020-10-23,321.4073791503906,321.60256916559945,318.9441724986455,321.54680058982547,49143900,332.13370845126155,297.2586617207923,False,False,,,,,,False
2020-10-26,315.46783447265625,318.8047870098494,311.9635478227528,318.0146942752638,91473000,332.13370845126155,297.2586617207923,False,False,,,,,,False
2020-10-27,314.38037109375,316.1464428343235,314.16657256327727,315.81183125604883,65994100,332.13370845126155,297.2586617207923,False,False,,,,,,False
2020-10-28,303.63507080078125,314.40813551388993,303.142429476248,308.6916296323956,127094300,332.13370845126155,297.2586617207923,False,False,,,,,,False
2020-10-29,306.7210998535156,309.90002246930646,302.1757618896027,303.8674845080645,90597700,332.13370845126155,297.2586617207923,False,False,,,,,,False
2020-10-30,303.52362060546875,306.45158510392787,299.8613318355905,305.1409664802025,120287300,332.13370845126155,297.2586617207923,False,False,,,,,,False
2020-11-02,306.9255676269531,308.9332931234276,304.17418546293266,306.9255676269531,86068300,332.13370845126155,297.2586617207923,False,False,,,,,,False
2020-11-03,312.3446044921875,314.4081268139196,307.00920293263084,310.16954502331055,93294200,332.13370845126155,297.2586617207923,False,False,,,,,,False
2020-11-04,319.3252868652344,323.4151432960798,315.65369476603786,316.83416747960666,126959700,332.13370845126155,297.2586617207923,False,False,,,,,,False
2020-11-05,325.5531005859375,327.36566493575555,324.27036622963885,324.62358622531843,82039700,332.13370845126155,297.2586617207923,False,False,,,,,,False
2020-11-06,325.47869873046875,326.73354858554944,323.14560898928653,325.26490025051436,74973000,332.13370845126155,297.2586617207923,False,False,,,,,,False
2020-11-09,329.5684814453125,338.69631572980416,329.10372444548926,338.31521158596723,172304200,338.69631572980416,297.2586617207923,False,False,,,,,,False
2020-11-10,329.0851745605469,330.1448058667429,325.80399097551134,328.57392479394076,85552000,338.69631572980416,297.2586617207923,False,False,,,,,,False
2020-11-11,331.5298767089844,332.35712968251346,330.0333439405972,331.2788896942813,58649000,338.69631572980416,297.2586617207923,False,False,,,,,,False
2020-11-12,328.313720703125,331.5763248019199,326.50118493331297,330.51666493968696,67546200,338.69631572980416,297.2586617207923,False,False,,,,,,False
2020-11-13,332.85906982421875,333.6026699026877,329.7080027945153,330.22852852274855,62892200,338.69631572980416,297.2586617207923,False,False,,,,,,False
2020-11-16,337.013916015625,337.20910602355747,334.2439539338636,335.53599207967227,74541100,338.69631572980416,297.2586617207923,True,False,short,,,,,True
2020-11-17,335.2013854980469,336.409770903095,333.0820943880079,334.59720697878305,66111000,338.69631572980416,297.2586617207923,False,False,,,,,,False
2020-11-18,331.1673278808594,336.01939328368303,331.13013936912824,335.47098329337155,70591300,338.69631572980416,297.2586617207923,False,False,,,,,,False
2020-11-19,332.56158447265625,332.9333844739087,329.1874434374099,330.53525035428703,59940900,338.69631572980416,297.2586617207923,False,False,,,,,,False
2020-11-20,330.2842712402344,332.5058238145824,330.20992258482084,332.3013295540421,70417300,338.69631572980416,297.2586617207923,False,False,,,,,,False
2020-11-23,332.2640380859375,333.52819176842985,329.8566004357761,332.09673238820744,63230600,338.69631572980416,297.2586617207923,False,False,,,,,,False
2020-11-24,337.6181335449219,338.16654349406434,333.96514971257983,334.82028685253994,62415900,338.69631572980416,297.2586617207923,False,False,,,,,,False
2020-11-25,337.0975341796875,337.5622911569882,336.00071452122154,337.5344068730107,45330900,338.69631572980416,297.2586617207923,False,False,,,,,,False
2020-11-27,338.0364685058594,338.51050149636137,337.0232729846608,338.19447004718523,28514100,338.69631572980416,297.2586617207923,False,False,,,,,,False
2020-11-30,336.539794921875,337.52507737061916,333.8535145449066,337.25551040135514,83872700,338.69631572980416,297.2586617207923,False,False,,,,,,False
2020-12-01,340.22076416015625,341.7637610766728,339.2075971251857,339.8024998061892,74231400,341.7637610766728,297.2586617207923,False,False,,,,,,False
2020-12-02,340.93646240234375,341.09446390376803,338.52902444464564,339.1053186103433,45927000,341.7637610766728,297.2586617207923,False,False,,,,,,False
2020-12-03,340.843505859375,342.2377769204486,339.7373818816019,340.8342016416823,62882000,342.2377769204486,297.2586617207923,False,False,long,,,multiple_bottom,,True
2020-12-04,343.78076171875,343.78076171875,341.33613533774013,341.42909241189386,50749900,343.78076171875,298.9689221639233,False,False,,,,,,False
2020-12-07,343.0743408203125,343.56698213719176,341.8009110974276,343.00926802818253,48944300,343.78076171875,299.8613318355905,False,False,,,,,,False
2020-12-08,344.0782775878906,344.6452676235663,341.7544921304885,341.80095649302785,42458900,344.6452676235663,299.8613318355905,False,False,,,,,,False
2020-12-09,340.99224853515625,344.89619068117054,340.1556915300474,344.73818917160975,74098300,344.89619068117054,299.8613318355905,False,False,,,,,,False
2020-12-10,340.8807373046875,341.93106447513236,338.7428377218177,339.6165832994784,57735400,344.89619068117054,299.8613318355905,False,False,,,,,,False
2020-12-11,340.48101806640625,340.890006557245,337.65531550527345,339.17970394397395,57698600,344.89619068117054,299.8613318355905,False,False,,,,,,False
2020-12-14,338.95660400390625,343.73429157077305,338.77999406137144,342.656080212638,69216200,344.89619068117054,299.8613318355905,False,False,,,,,,False
2020-12-15,343.5391540527344,343.5391540527344,340.12785278149966,341.50351566005907,63865300,344.89619068117054,299.8613318355905,False,False,,,,,,False
2020-12-16,344.0782775878906,344.9984875517349,342.8698921301285,343.75294195055,58420500,344.9984875517349,299.8613318355905,False,False,,,,,,False
2020-12-17,346.0023498535156,346.20684410811197,344.8962257081794,345.7235069456668,64119500,346.20684410811197,299.8613318355905,False,False,,,,,,False
2020-12-18,344.620849609375,346.45979946548607,342.6045369381485,346.29178053141106,136542300,346.45979946548607,299.8613318355905,False,False,,,,,,False
2020-12-21,343.3885498046875,353.28340346844874,337.9463959577073,340.6908183330083,96386700,353.28340346844874,299.8613318355905,False,False,,,,,,False
2020-12-22,342.8098449707031,343.82733077167063,341.68034656595023,343.7153181678852,47949000,353.28340346844874,299.8613318355905,False,False,,,,,,False
2020-12-23,343.117919921875,345.0315351063921,342.79119749130325,343.7806801753628,46201400,353.28340346844874,299.8613318355905,False,False,,,,,,False
2020-12-24,344.45281982421875,344.4808229790157,343.00594268063827,343.59400893137524,26457900,353.28340346844874,299.8613318355905,False,False,,,,,,False
2020-12-28,347.41192626953125,347.80397040676263,346.38509652628863,347.01050976482793,39000400,353.28340346844874,299.8613318355905,False,False,,,,,,False
2020-12-29,346.7490234375,349.1200607032484,346.16092893768496,348.942697965608,53680500,353.28340346844874,299.8613318355905,False,False,,,,,,False
2020-12-30,347.2438659667969,348.2800395515808,346.85182184412906,347.57058839397877,49455300,353.28340346844874,299.8613318355905,False,False,,,,,,False
2020-12-31,349.0080871582031,349.73619745667565,346.5343809189973,347.04778143541307,78520700,353.28340346844874,299.8613318355905,False,False,,,,,,False
2021-01-04,344.25677490234375,350.4737312418111,340.55087239704,350.3430308698017,110210800,353.28340346844874,299.8613318355905,False,False,,,,,,False
2021-01-05,346.6277160644531,347.7198957883801,343.5659151685521,343.6126060725276,66426200,353.28340346844874,299.8613318355905,False,False,,,,,,False
2021-01-06,348.70013427734375,351.9019803145111,344.56484023003486,345.11558794511615,107997700,353.28340346844874,299.8613318355905,False,False,,,,,,False
2021-01-07,353.88092041015625,354.6276901593906,350.9031283186224,351.08049111936754,68766800,354.6276901593906,299.8613318355905,False,False,,,,,,False
2021-01-08,355.897216796875,356.1118981341495,352.0139516043895,355.2717750824561,71677200,356.1118981341495,299.8613318355905,False,False,,,,,,False
2021-01-11,353.49822998046875,355.26248581147223,352.59275660544745,352.7141131125291,51034700,356.1118981341495,299.8613318355905,False,False,,,,,,False
2021-01-12,353.5727844238281,354.5902701047907,351.32310327167943,353.68482550183654,52547700,356.1118981341495,299.8613318355905,False,False,,,,,,False
2021-01-13,354.5249938964844,355.52379194885276,352.7140474834026,353.4981642054425,45303600,356.1118981341495,304.17418546293266,False,False,,,,,,False
2021-01-14,353.283447265625,355.7758416251156,352.9474094575699,355.27175642559587,49989100,356.1118981341495,307.00920293263084,False,False,,,,,,False
2021-01-15,350.7070617675781,352.4619733044625,348.8401091438219,351.65919735021674,107160000,356.1118981341495,315.65369476603786,False,False,,,,,,False
2021-01-19,353.4608459472656,354.0022782318152,351.6872464206019,353.17147053179394,51233300,356.1118981341495,323.14560898928653,False,False,,,,,,False
2021-01-20,358.3522644042969,359.19238745633976,355.36512856654605,355.7571726966947,61836100,359.19238745633976,323.14560898928653,False,False,,,,,,False
2021-01-21,358.6789245605469,359.3417132448048,357.7547921391025,358.91229363565395,47840100,359.3417132448048,325.80399097551134,False,False,,,,,,False
2021-01-22,357.4093322753906,358.57617739565484,356.43850915885054,356.82123777678873,52860500,359.3417132448048,325.80399097551134,False,False,,,,,,False
2021-01-25,358.8189697265625,359.1736667921993,353.2834336002094,358.1468656490129,70402000,359.3417132448048,326.50118493331297,False,False,,,,,,False
2021-01-26,358.2589111328125,360.1818702142021,358.0255420356784,359.77113832425107,42665300,360.1818702142021,326.50118493331297,False,False,,,,,,False
2021-01-27,349.5028076171875,355.01965506445595,347.262470561871,354.9263017522696,123351100,360.1818702142021,329.1874434374099,False,False,,,,,,False
2021-01-28,352.50872802734375,356.5226655000901,350.88448806661853,351.32319466468164,94198100,360.1818702142021,329.1874434374099,False,False,,,,,,False
2021-01-29,345.45159912109375,351.61254871858694,343.77132460135704,350.64172533967934,126765100,360.1818702142021,329.1874434374099,False,False,,,,,,False
2021-02-01,351.2018127441406,352.2379578048874,345.7409704717956,348.8587780208287,75817600,360.1818702142021,329.1874434374099,False,False,,,,,,False
2021-02-02,356.16778564453125,357.726703226978,351.28572399569276,354.39418679641346,64450700,360.1818702142021,329.1874434374099,False,False,,,,,,False
2021-02-03,356.44793701171875,358.1748738940465,355.1690790166105,356.9986846197431,52427100,360.1818702142021,329.8566004357761,False,False,,,,,,False
2021-02-04,360.499267578125,360.54593000501114,356.5599958734592,357.48412843034953,47142600,360.54593000501114,329.8566004357761,False,False,long,,,multiple_bottom,,True
2021-02-05,361.9180908203125,362.62754192923927,360.452554669544,362.3755135819587,48669800,362.62754192923927,333.8535145449066,False,False,,,,,,False
2021-02-08,364.5318298339844,364.578492252833,362.51551765835177,363.3742998797256,38365200,364.578492252833,333.8535145449066,False,False,,,,,,False
2021-02-09,364.2891540527344,364.88659260458746,363.28101210578,363.69171550088134,35551100,364.88659260458746,333.8535145449066,False,False,,,,,,False
2021-02-10,364.13043212890625,366.18409143779456,361.7220757461524,366.0347318073811,59154400,366.18409143779456,333.8535145449066,False,False,,,,,,False
2021-02-11,364.718505859375,365.6333228604152,362.2821464660776,365.21324714349873,42913300,366.18409143779456,337.65531550527345,False,False,,,,,,False
2021-02-12,366.5201110839844,366.76279552601454,363.84101044415263,363.9157044935719,50593300,366.76279552601454,337.65531550527345,False,False,,,,,,False
2021-02-16,366.2027282714844,367.94835282080294,365.4839618011307,367.7523022937143,50972400,367.94835282080294,337.65531550527345,False,False,,,,,,False
2021-02-17,366.2867736816406,366.538802023483,363.430310036916,364.4478242579996,52290600,367.94835282080294,337.65531550527345,False,False,,,,,,False
2021-02-18,364.7278442382813,365.47461384883314,361.9460747372213,363.67301150998657,59712800,367.94835282080294,337.65531550527345,False,False,,,,,,False
2021-02-19,364.0837707519531,366.2774458183221,363.6356918594277,365.9880704358901,83241000,367.94835282080294,337.65531550527345,False,False,,,,,,False
2021-02-22,361.2834167480469,363.701117518709,361.01270058049926,361.3114199041765,67414200,367.94835282080294,337.65531550527345,False,False,,,,,,False
2021-02-23,361.7220764160156,363.0756284840309,354.90771062947573,359.071007068001,107284100,367.94835282080294,337.65531550527345,False,False,,,,,,False
2021-02-24,365.70794677734375,366.1373663240429,359.6403517069879,360.62983416254366,72433900,367.94835282080294,337.65531550527345,False,False,,,,,,False
2021-02-25,356.8959655761719,365.81068094226185,355.4490887696667,364.4384697020069,146670500,367.94835282080294,337.9463959577073,False,False,,,,,,False
2021-02-26,355.0570983886719,359.92984672810377,353.0688174261953,358.78168889571384,152701600,367.94835282080294,337.9463959577073,False,False,,,,,,False
2021-03-01,363.6637573242187,364.9146408859305,355.2531535465779,359.9391952565249,105348800,367.94835282080294,337.9463959577073,False,False,,,,,,False
2021-03-02,360.825927734375,364.1210978494576,360.32184256880726,363.8877287804363,79595300,367.94835282080294,337.9463959577073,False,False,,,,,,False
2021-03-03,356.04644775390625,361.09652811870944,355.94375057487764,360.125733537035,119940200,367.94835282080294,337.9463959577073,False,False,,,,,,False
2021-03-04,351.6405334472656,358.45489903923504,347.1411708462989,355.85983606589633,183433000,367.94835282080294,337.9463959577073,False,False,,,,,,False
2021-03-05,358.1095275878906,359.16436039451537,347.85063187865177,355.1503950992835,152039600,367.94835282080294,340.55087239704,False,False,,,,,,False
2021-03-08,356.32659912109375,361.8901102789775,356.04656760662095,359.0710219126789,123149200,367.94835282080294,340.55087239704,False,False,,,,,,False
2021-03-09,361.4140319824219,363.97174793111,359.67775124914425,360.1818364281521,113633600,367.94835282080294,340.55087239704,False,False,,,,,,False
2021-03-10,363.6637573242187,365.36269136779345,362.3475805463047,363.76645455127345,109899400,367.94835282080294,340.55087239704,False,False,,,,,,False
2021-03-11,367.3509521484375,369.3299174808508,365.68002148147286,366.1374442709955,86245000,369.3299174808508,340.55087239704,False,False,,,,,,False
2021-03-12,367.845703125,367.9857188856928,365.1759743296628,365.9880942291193,64653600,369.3299174808508,340.55087239704,False,False,,,,,,False
2021-03-15,370.0393981933594,370.3007704564928,365.9507668370694,368.0977512494196,73427200,370.3007704564928,340.55087239704,False,False,,,,,,False
2021-03-16,369.5726318359375,371.3648905074109,368.7978304984493,370.6554678400284,73722500,371.3648905074109,340.55087239704,False,False,,,,,,False
2021-03-17,370.8328857421875,371.6356618630562,367.136298268938,368.28448462634094,97959300,371.6356618630562,343.5659151685521,False,False,,,,,,False
2021-03-18,365.4372863769531,370.3286927276049,364.75583847059136,368.23771507922254,115349100,371.6356618630562,343.77132460135704,False,False,,,,,,False
2021-03-19,364.7611389160156,366.7184908289128,362.5789994905985,365.1357466625636,113624500,371.6356618630562,343.77132460135704,False,False,,,,,,False
2021-03-22,367.67376708984375,369.0598472746513,365.2200533338156,365.2762430701566,73778600,371.6356618630562,343.77132460135704,False,False,,,,,,False
2021-03-23,364.7799072265625,368.4885729919062,363.9932222812316,367.0369570655354,90686600,371.6356618630562,343.77132460135704,False,False,,,,,,False
2021-03-24,362.9255065917969,367.8235878276189,362.878691342001,366.1846539544213,97588600,371.6356618630562,343.77132460135704,False,False,,,,,,False
2021-03-25,364.96722412109375,365.7632549664957,359.5353110691454,361.4833173294105,116128600,371.6356618630562,343.77132460135704,False,False,,,,,,False
2021-03-26,370.8486328125,371.2513354528067,365.51975365812234,366.1191203770628,114409100,371.6356618630562,343.77132460135704,True,False,short,,,,,True
2021-03-29,370.6613159179687,371.5697547729306,367.87980961613647,369.3688948067096,108107600,371.6356618630562,343.77132460135704,False,False,,,,,,False
2021-03-30,369.677978515625,370.3522839608412,368.0764852202729,369.3876553387291,76262200,371.6356618630562,343.77132460135704,False,False,,,,,,False
2021-03-31,371.1764221191406,372.7404461142928,370.22116794831715,370.24926281861366,112734200,372.7404461142928,343.77132460135704,False,False,,,,,,False
2021-04-01,375.1847534179687,375.2409717344866,372.90898337676424,373.11502193486143,99682900,375.2409717344866,343.77132460135704,False,False,,,,,,False
2021-04-05,380.56988525390625,381.1130908973856,377.77903264554743,377.8539427787453,91684800,381.1130908973856,343.77132460135704,False,False,,,,,,False
2021-04-06,380.3450317382813,381.3939448268143,379.6707263841189,380.00789335156907,62021000,381.3939448268143,343.77132460135704,False,False,,,,,,False
2021-04-07,380.78521728515625,381.1317301663428,379.71758377503375,380.1764761224712,55836300,381.3939448268143,343.77132460135704,False,False,,,,,,False
2021-04-08,382.59271240234375,382.6489021342962,381.1036273441264,382.0401609843189,57863100,382.6489021342962,343.77132460135704,False,False,,,,,,False
2021-04-09,385.3742065429687,385.5428043143524,382.3492212703383,382.47097521271746,61104600,385.5428043143524,343.77132460135704,False,False,,,,,,False
2021-04-12,385.5147399902344,385.786314180877,384.1661291967522,384.7748703761354,56704900,385.786314180877,343.77132460135704,False,False,,,,,,False
2021-04-13,386.6573181152344,387.2848083159337,385.02775850316095,385.4117407781049,56551000,387.2848083159337,345.7409704717956,False,False,,,,,,False
2021-04-14,385.3367614746094,387.68744137767425,384.7935559809422,386.629153835871,61659900,387.68744137767425,347.1411708462989,False,False,,,,,,False
2021-04-15,389.4762268066406,389.747829555442,387.4345904015181,387.4814056496014,60229800,389.747829555442,347.1411708462989,False,False,,,,,,False
2021-04-16,390.7780456542969,391.38678681954315,389.34515029209115,390.7686711718235,82037300,391.38678681954315,347.1411708462989,False,False,,,,,,False
2021-04-19,388.8581237792969,390.2910191020154,387.52826201872847,389.84150124750823,78498500,391.38678681954315,347.1411708462989,False,False,,,,,,False
2021-04-20,386.0110778808594,388.7457400683616,384.5313387439712,387.6406372471208,81851800,391.38678681954315,347.1411708462989,False,False,,,,,,False
2021-04-21,389.66363525390625,389.8696738385444,385.25254036198135,385.39304330026425,66793000,391.38678681954315,347.1411708462989,False,False,,,,,,False
2021-04-22,386.1047668457031,390.3285432917998,385.03713321050617,389.4950430989676,97582800,391.38678681954315,347.1411708462989,False,False,,,,,,False
2021-04-23,390.291015625,391.7051905514283,386.59172493679466,386.66663505163234,73209200,391.7051905514283,347.1411708462989,False,False,,,,,,False
2021-04-26,391.1057739257813,391.6770742705429,390.3565584954154,390.9465792226784,52182400,391.7051905514283,347.1411708462989,False,False,,,,,,False
2021-04-27,391.02154541015625,391.602220319812,389.87897313751233,391.40552766202535,51303100,391.7051905514283,347.1411708462989,False,False,,,,,,False
2021-04-28,390.9091491699219,392.4169832445719,390.4408823336903,391.2931314053205,51238900,392.4169832445719,347.1411708462989,False,False,,,,,,False
2021-04-29,393.40032958984375,394.0184452393067,390.010082290667,393.6438374889247,78544300,394.0184452393067,347.1411708462989,False,False,,,,,,False
2021-04-30,390.8154602050781,391.9767813050414,389.9163959508624,391.1245322985736,85527000,394.0184452393067,347.1411708462989,False,False,,,,,,False
2021-05-03,391.6584167480469,393.1943172010252,391.1620550150992,392.8103349425953,68128300,394.0184452393067,347.1411708462989,False,False,,,,,,False
2021-05-04,389.24212646484375,390.15993976728055,385.5428355491928,389.6635780563405,101591200,394.0184452393067,347.1411708462989,False,False,,,,,,False
2021-05-05,389.3639221191406,391.12461021240586,388.80199613054106,390.8904767655513,60162200,394.0184452393067,347.1411708462989,False,False,,,,,,False
2021-05-06,392.47320556640625,392.604305429452,387.4252749339344,389.43881678077094,74321400,394.0184452393067,347.1411708462989,False,False,,,,,,False
2021-05-07,395.32958984375,395.98517484775925,392.5574581716832,393.2411380426791,67733800,395.98517484775925,347.1411708462989,False,False,,,,,,False
2021-05-10,391.4149169921875,395.91026755105577,391.29316303200807,395.6855085973349,81852400,395.98517484775925,347.1411708462989,False,False,,,,,,False
2021-05-11,387.9216003417969,388.91432373758846,384.03499135856697,386.882061695176,116888000,395.98517484775925,347.1411708462989,False,False,,,,,,False
2021-05-12,379.68017578125,386.4044816854546,378.3596596779323,385.1308094211373,134811000,395.98517484775925,347.1411708462989,False,False,,,,,,False
2021-05-13,384.2409973144531,386.1796286907633,381.1878886878432,381.2347325154382,106394000,395.98517484775925,347.1411708462989,False,False,,,,,,False
2021-05-14,390.1412048339844,390.99345394959835,386.9569958994236,386.9850907678179,82201600,395.98517484775925,347.85063187865177,False,False,,,,,,False
2021-05-17,389.1484069824219,389.9632151715696,387.1254911025353,389.0266816298111,65129200,395.98517484775925,356.04656760662095,False,False,,,,,,False
2021-05-18,385.795654296875,389.6541681642224,385.6364310090094,389.4106602818648,59810200,395.98517484775925,359.5353110691454,False,False,,,,,,False
2021-05-19,384.7841491699219,384.962092825579,379.60511993595617,381.09423338713674,106467100,395.98517484775925,359.5353110691454,False,False,long,,,multiple_bottom,,True
2021-05-20,388.9236755371094,390.18800162389465,385.5428029314172,385.6645282926221,78022200,395.98517484775925,359.5353110691454,False,False,,,,,,False
2021-05-21,388.6052856445313,391.6583945728601,388.1463932893185,390.4127887790832,76578700,395.98517484775925,359.5353110691454,False,False,,,,,,False
2021-05-24,392.56683349609375,393.6438415072131,390.609452962444,390.85296086401064,51376700,395.98517484775925,359.5353110691454,False,False,,,,,,False
2021-05-25,391.6958312988281,394.0090705969408,391.1151849988608,393.6531832309636,57451400,395.98517484775925,359.5353110691454,False,False,,,,,,False
2021-05-26,392.47320556640625,392.9789132133939,391.2463486400701,392.2858873840644,43088600,395.98517484775925,359.5353110691454,False,False,,,,,,False
2021-05-27,392.6791687011719,394.0184048473496,392.3981914816347,393.5033228159694,56707700,395.98517484775925,359.5353110691454,False,False,,,,,,False
2021-05-28,393.381591796875,394.5147894803722,393.1474583906552,394.25256120863554,58520200,395.98517484775925,359.5353110691454,False,False,,,,,,False
2021-06-01,393.0351257324219,395.8915421961591,392.5949537330821,395.7510678518467,54216600,395.98517484775925,359.5353110691454,False,False,,,,,,False
2021-06-02,393.6532287597656,394.49613202119497,392.67925421266847,393.690698113344,49097100,395.98517484775925,359.5353110691454,False,False,,,,,,False
2021-06-03,392.1921997070313,393.334771942257,389.8602399847774,391.33060472483857,58138800,395.98517484775925,359.5353110691454,False,False,,,,,,False
2021-06-04,395.7791748046875,396.0788724688653,392.257798702454,394.04658162329105,55938800,396.0788724688653,359.5353110691454,False,False,,,,,,False
2021-06-07,395.3951721191406,395.9477235822755,394.4586384024901,395.7697798896526,51555000,396.0788724688653,365.51975365812234,False,False,,,,,,False
2021-06-08,395.47943115234375,396.3504005931343,393.64383318900553,396.256741511377,47134300,396.3504005931343,367.87980961613647,False,False,,,,,,False
2021-06-09,394.8893432617187,396.3971770537476,394.664584368292,396.32223836878256,48436300,396.3971770537476,368.0764852202729,False,False,,,,,,False
2021-06-10,396.7249755859375,397.680258127959,394.7957187001208,396.11623447588136,51020100,397.680258127959,370.22116794831715,False,False,,,,,,False
2021-06-11,397.380615234375,397.4929947063824,395.98518915571566,397.2776102452818,45570800,397.680258127959,372.90898337676424,False,False,,,,,,False
2021-06-14,398.2703857421875,398.3733907447433,396.24746923944144,397.493046657972,42358500,398.3733907447433,377.77903264554743,False,False,,,,,,False
2021-06-15,397.5398559570313,398.4576407391281,396.65951194675006,398.4201999673124,51508500,398.4576407391281,378.3596596779323,False,False,,,,,,False
2021-06-16,395.3201904296875,397.90503235240567,393.2692081075272,397.6802734306868,80386100,398.4576407391281,378.3596596779323,False,False,,,,,,False
2021-06-17,395.1890869140625,396.17243576818447,392.7072785740148,394.908138264524,90949700,398.4576407391281,378.3596596779323,False,False,,,,,,False
2021-06-18,389.8577880859375,392.5919914427347,389.65107549916456,391.8966985027886,118676300,398.4576407391281,378.3596596779323,False,False,,,,,,False
2021-06-21,395.43902587890625,395.62695686561256,390.8068166664467,391.6242619775581,72822000,398.4576407391281,378.3596596779323,False,False,,,,,,False
2021-06-22,397.5531311035156,398.389386740263,394.70615149146886,395.4296600028668,57700300,398.4576407391281,378.3596596779323,True,False,short,,,,,True
2021-06-23,397.0739440917969,398.4363433818504,396.9893837502826,397.6283032245522,49445400,398.4576407391281,378.3596596779323,False,False,,,,,,False
2021-06-24,399.4229431152344,399.8457448281696,398.9719259471938,399.2256356491979,45110300,399.8457448281696,378.3596596779323,False,False,,,,,,False
2021-06-25,400.8417053222656,401.2927224783095,399.84573419263063,400.1745990767725,58129500,401.2927224783095,378.3596596779323,False,False,,,,,,False
2021-06-28,401.6497802734375,401.8189009566946,400.1652287077761,401.36791246800897,53159600,401.8189009566946,378.3596596779323,False,False,,,,,,False
2021-06-29,401.865966796875,402.6740070935152,401.3303892006845,402.03508750906747,35970500,402.6740070935152,378.3596596779323,False,False,,,,,,False
2021-06-30,402.2041931152344,402.8807046128434,401.3773425432404,401.40552932754713,64827900,402.8807046128434,378.3596596779323,False,False,,,,,,False
2021-07-01,404.4309692382813,404.5907134395037,402.8994206337779,402.96519934453073,53441000,404.5907134395037,378.3596596779323,False,False,,,,,,False
2021-07-02,407.5223083496094,407.87936005714425,404.51558429333807,405.5961445685343,57697700,407.87936005714425,378.3596596779323,False,False,,,,,,False
2021-07-06,406.7799682617187,407.79474969280744,404.0363594205368,407.5786319294247,68710400,407.87936005714425,378.3596596779323,False,False,,,,,,False
2021-07-07,408.2175903320313,408.4994868338858,405.4457944463871,407.4659236755757,63549500,408.4994868338858,378.3596596779323,False,False,,,,,,False
2021-07-08,404.8914489746094,405.65252080916207,401.69679389092374,402.88069615544833,97595200,408.4994868338858,378.3596596779323,False,False,,,,,,False
2021-07-09,409.2135314941406,409.5142096043328,404.69406938658494,406.4041438797797,76238600,409.5142096043328,378.3596596779323,False,False,,,,,,False
2021-07-12,410.6792907714844,410.93300046535035,408.69675367452527,409.12896052529857,52889600,410.93300046535035,378.3596596779323,False,False,,,,,,False
2021-07-13,409.27935791015625,411.3934527310656,409.0162717016352,409.8900906791253,52911300,411.3934527310656,378.3596596779323,False,False,,,,,,False
2021-07-14,409.8901062011719,411.46865218632223,408.6404538319354,410.9800430132471,64130400,411.46865218632223,378.3596596779323,False,False,,,,,,False
2021-07-15,408.4901123046875,409.2229973856593,406.5827300635527,408.5464858744355,55126400,411.46865218632223,378.3596596779323,False,False,,,,,,False
2021-07-16,405.2860412597656,409.7209432529059,404.89142630984423,409.6739748407586,75874700,411.46865218632223,378.3596596779323,False,False,,,,,,False
2021-07-19,399.3008117675781,405.3518228866035,396.4820188366375,400.4471220397971,147987000,411.46865218632223,378.3596596779323,False,False,,,,,,False
2021-07-20,405.0229797363281,406.3008475109484,399.16927577919,399.96793955404695,99608200,411.46865218632223,378.3596596779323,False,False,,,,,,False
2021-07-21,408.3020935058594,408.4430560741701,404.9759389088471,406.22559100192103,64724400,411.46865218632223,378.3596596779323,False,False,,,,,,False
2021-07-22,409.15716552734375,409.4014700806899,407.4940880872588,408.48065410397567,47878500,411.46865218632223,378.3596596779323,False,False,,,,,,False
2021-07-23,413.36663818359375,413.7048796113906,410.4069109933799,411.0927990022728,63766600,413.7048796113906,379.60511993595617,False,False,,,,,,False
2021-07-26,414.38128662109375,414.39069177202066,412.7276144896714,412.7745828958248,43719200,414.39069177202066,379.60511993595617,False,False,long,,,multiple_bottom,,True
2021-07-27,412.4927978515625,413.366616835825,409.6551944295432,413.33843005163095,67397100,414.39069177202066,379.60511993595617,False,False,,,,,,False
2021-07-28,412.3235778808594,413.7047874183934,410.89539993579183,413.12224152861904,52472400,414.39069177202066,379.60511993595617,False,False,,,,,,False
2021-07-29,414.03369140625,415.1142229497678,413.244432835135,413.25383798722675,47435300,415.1142229497678,379.60511993595617,False,False,,,,,,False
2021-07-30,412.0229797363281,413.4793446420124,411.32765796830415,411.4592154045569,68951200,415.1142229497678,385.5428029314172,False,False,,,,,,False
2021-08-02,411.1585998535156,414.2968530798133,410.8015480999055,413.74249381603687,58783300,415.1142229497678,388.1463932893185,False,False,,,,,,False
2021-08-03,414.5035400390625,414.6256923339593,409.75858289001906,411.9572381754178,58053900,415.1142229497678,389.65107549916456,False,False,,,,,,False
2021-08-04,412.4645385742187,414.4752623999069,412.2296391891377,413.2162051367815,46732200,415.1142229497678,389.65107549916456,False,False,,,,,,False
2021-08-05,415.07672119140625,415.1612815500288,413.3102727910731,413.62973259284104,38969700,415.1612815500288,389.65107549916456,False,False,,,,,,False
2021-08-06,415.7625122070313,416.18534257573646,415.11418760127896,415.3960840718297,46930000,416.18534257573646,389.65107549916456,False,False,,,,,,False
2021-08-09,415.4243469238281,416.0538613422752,414.6538699071719,415.7344015565451,41222600,416.18534257573646,389.65107549916456,False,False,,,,,,False
2021-08-10,415.9410705566406,416.6551739287781,415.1894039248862,415.87529184094507,43339300,416.6551739287781,389.65107549916456,False,False,,,,,,False
2021-08-11,416.9746398925781,417.0686053915082,415.88470318832685,417.012231826999,44034300,417.0686053915082,389.65107549916456,False,False,,,,,,False
2021-08-12,418.2243041992187,418.3652667888013,415.9223071173895,416.8243128497932,38909400,418.3652667888013,389.65107549916456,False,False,,,,,,False
2021-08-13,418.9853820800781,419.00416370969447,418.18671837060634,418.6752988088245,39470300,419.00416370969447,389.65107549916456,False,False,,,,,,False
2021-08-16,419.9719848632813,420.1035136305941,416.1196285607499,417.679364182721,73740000,420.1035136305941,389.65107549916456,False,False,,,,,,False
2021-08-17,417.2189025878906,418.0833162731186,414.2215841205355,417.4068048926508,92673900,420.1035136305941,389.65107549916456,False,False,,,,,,False
2021-08-18,412.6524963378906,417.7733150905875,412.40822044306,416.2041743706888,89351900,420.1035136305941,389.65107549916456,False,False,,,,,,False
2021-08-19,413.2913818359375,414.4940942774275,409.7772960279677,409.9182299315039,92812200,420.1035136305941,389.65107549916456,False,False,,,,,,False
2021-08-20,416.5799865722656,416.9088514737455,413.15046099796143,413.6390701113293,72008700,420.1035136305941,389.65107549916456,False,False,,,,,,False
2021-08-23,420.2444152832031,421.1558260664564,416.6551457100411,418.2712546656788,54973000,421.1558260664564,389.65107549916456,False,False,,,,,,False
2021-08-24,420.91156005859375,421.44713760045585,420.3947928212322,420.91156005859375,38744700,421.44713760045585,389.65107549916456,False,False,,,,,,False
2021-08-25,421.7947692871094,422.3115365062703,420.7236142411114,421.0994762269488,40529700,422.3115365062703,389.65107549916456,False,False,,,,,,False
2021-08-26,419.3048400878906,421.74777094308087,419.2108745917118,421.5128715397554,57829600,422.3115365062703,389.65107549916456,False,False,,,,,,False
2021-08-27,423.0538330078125,423.4296663250528,420.05651427346226,420.1128878373361,77235100,423.4296663250528,389.65107549916456,False,False,,,,,,False
2021-08-30,424.9142761230469,425.7035347462911,423.4860692744892,423.73037385105744,48357400,425.7035347462911,390.8068166664467,False,False,,,,,,False
2021-08-31,424.28466796875,425.1584868096362,423.683340446527,424.82024545480607,59300200,425.7035347462911,394.70615149146886,False,False,,,,,,False
2021-09-01,424.51019287109375,425.7410634582663,424.2752934663014,425.22429623742056,48721400,425.7410634582663,396.4820188366375,False,False,,,,,,False
2021-09-02,425.8162231445313,426.6242632874938,424.6135394072609,425.9383754159656,42501000,426.6242632874938,396.4820188366375,False,False,long,,,multiple_bottom,,True
2021-09-03,425.712890625,426.22968653702213,424.27530736753846,424.67935614944514,47170500,426.6242632874938,396.4820188366375,False,False,,,,,,False
2021-09-07,424.1907653808594,425.4592279980526,423.5142538966394,425.3652624941409,51671500,426.6242632874938,396.4820188366375,False,False,,,,,,False
2021-09-08,423.6739807128906,424.3880841041836,421.7477883217044,423.6551990825783,56181900,426.6242632874938,396.4820188366375,False,False,,,,,,False
2021-09-09,421.8605346679687,425.23368656226256,421.6162301197451,423.47664366355934,57970400,426.6242632874938,396.4820188366375,False,False,,,,,,False
2021-09-10,418.5343627929687,424.21891687872017,418.4122105154686,423.7961151576544,89948200,426.6242632874938,396.4820188366375,False,False,,,,,,False
2021-09-13,419.6055603027344,421.8042443220271,417.28475265947947,421.5411580929,83738600,426.6242632874938,396.4820188366375,False,False,,,,,,False
2021-09-14,417.3410949707031,421.259201058738,416.4484657460099,421.052488431664,78197100,426.6242632874938,396.4820188366375,False,False,,,,,,False
2021-09-15,420.8270263671875,421.32501200583664,416.6552102465529,417.7639286610175,78792200,426.6242632874938,396.4820188366375,False,False,,,,,,False
2021-09-16,420.1599426269531,421.27803758016967,417.2001867458717,420.3008765559932,77786700,426.6242632874938,396.4820188366375,False,False,,,,,,False
2021-09-17,416.0670776367187,419.8092317575897,415.70888206973706,419.38507550677497,118425000,426.6242632874938,396.4820188366375,False,False,,,,,,False
2021-09-20,409.1295166015625,411.50487801227933,404.2467861081484,409.9213037384681,166445500,426.6242632874938,396.4820188366375,False,False,,,,,,False
2021-09-21,408.7430114746094,412.7773715752907,408.21515342525714,411.4765682514919,92526100,426.6242632874938,396.4820188366375,False,False,,,,,,False
2021-09-22,412.7301940917969,414.7756654597537,408.8560902489832,411.0240764545246,102350100,426.6242632874938,396.4820188366375,False,False,,,,,,False
2021-09-23,417.7449645996094,419.35684482939774,414.3704409554604,414.6060929318038,76396000,426.6242632874938,396.4820188366375,False,False,,,,,,False
2021-09-24,418.4329528808594,419.149343878641,415.8879007953416,416.1047109041707,62094800,426.6242632874938,396.4820188366375,False,False,,,,,,False
2021-09-27,417.2359313964844,418.5649830834851,416.5383820618651,417.3961586138471,61371100,426.6242632874938,396.4820188366375,False,False,,,,,,False
2021-09-28,408.8278503417969,414.78513845678503,408.0926174189165,414.4552199782642,130436300,426.6242632874938,399.16927577919,False,False,,,,,,False
2021-09-29,409.5159912109375,411.9573420861644,408.9504207487212,410.2135118135427,82329200,426.6242632874938,404.2467861081484,False,False,,,,,,False
2021-09-30,404.5107116699219,411.70278478161407,404.17135791481275,410.9958289550851,140506000,426.6242632874938,404.17135791481275,False,False,,,,,,False
2021-10-01,409.3180236816406,411.0052997880748,402.7103622124351,406.2451416508228,129240100,426.6242632874938,402.7103622124351,False,False,,,,,,False
2021-10-04,404.0394287109375,409.0540804379198,401.89025527152086,408.1491849876075,128570000,426.6242632874938,401.89025527152086,False,False,,,,,,False
2021-10-05,408.243408203125,410.49622568957915,404.7463416257037,405.54753517269626,90682500,426.6242632874938,401.89025527152086,False,False,,,,,,False
2021-10-06,409.9400939941406,410.1474688443581,403.00251494341944,404.6332078979385,113032200,426.6242632874938,401.89025527152086,False,False,,,,,,False
2021-10-07,413.4843444824219,416.3310097065987,413.05075294528,413.22985073007703,72437500,426.6242632874938,401.89025527152086,False,False,,,,,,False
2021-10-08,412.7301940917969,414.6437153400072,412.0986630412376,414.25724273072115,74557400,426.6242632874938,401.89025527152086,False,False,,,,,,False
2021-10-11,409.7421875,414.9925198577681,409.67619805003494,412.07042992014857,65233300,426.6242632874938,401.89025527152086,False,False,,,,,,False
2021-10-12,408.7335815429687,411.0712591964954,407.9417944585742,410.66594475438393,71181200,426.6242632874938,401.89025527152086,False,False,,,,,,False
2021-10-13,410.20404052734375,411.02410468083355,406.77296321895665,409.7610137268703,72974000,426.6242632874938,401.89025527152086,False,False,,,,,,False
2021-10-14,417.1040344238281,417.25485515374544,413.4089984561364,413.88030244983565,70236800,426.6242632874938,401.89025527152086,False,False,,,,,,False
2021-10-15,420.2805480957031,420.64817895672934,418.60270731079913,419.2248319298455,66260200,426.6242632874938,401.89025527152086,False,False,,,,,,False
2021-10-18,421.5247802734375,421.86410527039766,417.8297450763768,418.4895820363863,62213200,426.6242632874938,401.89025527152086,False,False,,,,,,False
2021-10-19,424.7768249511719,424.842785639923,422.5428201325496,423.15553826181207,46996800,426.6242632874938,401.89025527152086,False,False,,,,,,False
2021-10-20,426.4452209472656,426.7468623631861,425.1255757102496,425.23868404969255,49571600,426.7468623631861,401.89025527152086,False,False,,,,,,False
2021-10-21,427.5574645996094,427.783681264365,425.4083199861109,425.84191151559463,41305400,427.783681264365,401.89025527152086,False,False,,,,,,False
2021-10-22,427.1144714355469,428.5755308868153,425.1632662499917,427.1239067193573,58845100,428.5755308868153,401.89025527152086,False,False,,,,,,False
2021-10-25,429.405029296875,429.7349478242848,426.4264135641018,428.2079275863371,45214500,429.7349478242848,401.89025527152086,False,False,,,,,,False
2021-10-26,429.79144287109375,432.17623944578014,429.4144055056858,430.9602960997976,56075100,432.17623944578014,401.89025527152086,False,False,,,,,,False
2021-10-27,427.8873291015625,430.9225269572709,427.81190437875426,430.2532835643899,72438000,432.17623944578014,401.89025527152086,False,False,,,,,,False
2021-10-28,432.0159606933594,432.091356651004,429.3106812424889,429.3200877583797,51437900,432.17623944578014,401.89025527152086,False,False,,,,,,False
2021-10-29,432.892578125,433.1847842052441,429.4143534757939,429.706559556038,70162400,433.1847842052441,401.89025527152086,False,False,,,,,,False
2021-11-01,433.6373291015625,434.25945374272055,431.9029340865654,433.88238758484846,48433600,434.25945374272055,401.89025527152086,False,False,,,,,,False
2021-11-02,435.3905029296875,435.7015795883174,433.6749499643309,433.80692885371445,48908400,435.7015795883174,401.89025527152086,False,False,,,,,,False
2021-11-03,438.0487060546875,438.4540205123054,434.38194783725373,434.824974662078,52509800,438.4540205123054,401.89025527152086,False,False,,,,,,False
2021-11-04,440.1130065917969,440.197837840947,438.303186978276,438.6519472579283,52847100,440.197837840947,401.89025527152086,False,False,,,,,,False
2021-11-05,441.6400146484375,443.63833850613855,440.1224299556743,442.34697047164906,66390600,443.63833850613855,401.89025527152086,False,False,,,,,,False
2021-11-08,442.01708984375,443.2424973018923,441.3290045272223,442.74291629469593,50405200,443.63833850613855,401.89025527152086,False,False,,,,,,False
2021-11-09,440.5560607910156,442.6203742803155,439.1421490184052,442.3847223182138,51149100,443.63833850613855,401.89025527152086,False,False,,,,,,False
2021-11-10,437.0118408203125,440.5560554928544,435.52253309482785,438.85934412646145,69429700,443.63833850613855,401.89025527152086,False,False,,,,,,False
2021-11-11,437.1532287597656,438.5860110906729,437.13438695871474,438.51058635425227,34848500,443.63833850613855,401.89025527152086,False,False,,,,,,False
2021-11-12,440.4522705078125,441.008405574744,437.47362685315153,438.4256697939867,53466700,443.63833850613855,401.89025527152086,False,False,,,,,,False
2021-11-15,440.6031799316406,441.90398336577135,439.4720677725637,441.74375614047045,46980500,443.63833850613855,401.89025527152086,False,False,,,,,,False
2021-11-16,442.3470153808594,443.4875628369249,440.2638600648137,440.33925603652415,48857500,443.63833850613855,401.89025527152086,False,False,,,,,,False
2021-11-17,441.2723693847656,442.2620959339399,440.65024486930344,442.0829981749689,47858300,443.63833850613855,401.89025527152086,False,False,,,,,,False
2021-11-18,442.7711791992187,443.0351082367169,439.57572489933375,442.3092818090162,50625600,443.63833850613855,401.89025527152086,True,False,short,,,,,True
2021-11-19,441.9793701171875,443.9117045350223,441.61173927995986,442.6580200946424,57315600,443.9117045350223,401.89025527152086,False,False,,,,,,False
2021-11-22,440.7351684570313,446.3625385887317,440.52779357509166,443.86463348771593,72762000,446.3625385887317,401.89025527152086,False,False,,,,,,False
2021-11-23,441.3195495605469,442.17732611315665,437.79420558269936,440.4052188410492,73206500,446.3625385887317,401.89025527152086,False,False,,,,,,False
2021-11-24,442.4978332519531,442.6203768755419,438.4917498727346,439.3118141030796,61858800,446.3625385887317,401.89025527152086,False,False,,,,,,False
2021-11-26,432.6287231445313,437.2757729097936,431.49758222572393,435.8053069750091,112669600,446.3625385887317,401.89025527152086,False,False,,,,,,False
2021-11-29,437.9355773925781,439.78308057442894,435.23029768476994,437.43599642318605,86268800,446.3625385887317,401.89025527152086,False,False,,,,,,False
2021-11-30,429.4144287109375,437.39831833000216,429.1693414654298,435.48482555019865,148559600,446.3625385887317,401.89025527152086,False,False,,,,,,False
2021-12-01,424.6447143554687,438.0014764074852,424.4467748183794,435.1453765936518,131939200,446.3625385887317,401.89025527152086,False,False,,,,,,False
2021-12-02,431.14886474609375,432.7230326583945,424.4657779229065,424.8616859136416,127637800,446.3625385887317,401.89025527152086,False,False,,,,,,False
2021-12-03,427.3971557617187,433.8822719637705,423.1554215109781,432.81714952655415,137331600,446.3625385887317,401.89025527152086,False,False,,,,,,False
2021-12-06,432.45904541015625,434.3442610310532,427.52919620571214,429.9517051824305,98977500,446.3625385887317,401.89025527152086,False,False,,,,,,False
2021-12-07,441.40435791015625,441.9699283158001,432.3270406361957,437.7564705046071,95484700,446.3625385887317,401.89025527152086,False,False,,,,,,False
2021-12-08,442.5732421875,443.02570432644137,440.0376246848535,441.80032558687594,72238800,446.3625385887317,401.89025527152086,False,False,,,,,,False
2021-12-09,439.5851440429687,442.6768964113346,439.38720446363953,441.28182654086095,61272600,446.3625385887317,401.89025527152086,False,False,,,,,,False
2021-12-10,443.72314453125,443.87396521689504,439.73593232528253,442.2998264490392,77159800,446.3625385887317,401.89025527152086,False,False,,,,,,False
2021-12-13,439.79254150390625,443.55353753495234,439.5097418956549,443.2047772409396,87724700,446.3625385887317,401.89025527152086,False,False,,,,,,False
2021-12-14,436.7667236328125,439.0101347338108,433.83522726823674,436.5122298900504,97264100,446.3625385887317,403.00251494341944,False,False,,,,,,False
2021-12-15,443.59130859375,443.8363671006616,434.29717921546614,436.8233903926551,116899300,446.3625385887317,403.00251494341944,False,False,,,,,,False
2021-12-16,439.6793823242187,445.7309077751746,438.12405657395834,445.4481369657299,116568600,446.3625385887317,406.77296321895665,False,False,,,,,,False
2021-12-17,434.99993896484375,439.6065617087256,433.28782720309647,436.5890765889238,135511600,446.3625385887317,406.77296321895665,False,False,,,,,,False
2021-12-20,430.3744812011719,430.77175124096993,426.7421536442943,429.9015214328205,107134800,446.3625385887317,406.77296321895665,False,False,,,,,,False
2021-12-21,438.0174560546875,438.159338198056,431.63249979857073,433.80810297600897,69806300,446.3625385887317,406.77296321895665,False,False,,,,,,False
2021-12-22,442.39703369140625,442.5105393973741,437.5633706863754,437.7620345389874,58890200,446.3625385887317,406.77296321895665,False,False,,,,,,False
2021-12-23,445.1496887207031,446.6536971476036,443.29569472408735,443.3997320049562,56439700,446.6536971476036,413.4089984561364,False,False,,,,,,False
2021-12-27,451.449462890625,451.4967473096525,446.4833864717361,446.5306708907636,56808600,451.4967473096525,417.8297450763768,False,False,,,,,,False
2021-12-28,451.0805358886719,452.91562165597793,450.31434355839286,451.884573074086,47274600,452.91562165597793,417.8297450763768,False,False,long,,,multiple_bottom,,True
2021-12-29,451.6576232910156,452.6792035816923,450.181991278277,451.1846635723899,54503000,452.91562165597793,422.5428201325496,False,False,,,,,,False
2021-12-30,450.408935546875,453.09534288404825,449.9454443292258,452.08320230898494,55329000,453.09534288404825,423.1554215109781,False,False,,,,,,False
2021-12-31,449.27386474609375,451.0711058110778,448.99956890774945,449.9171118694179,65237400,453.09534288404825,423.1554215109781,False,False,,,,,,False
2022-01-03,451.8750915527344,452.0075341082872,448.2238569850489,450.54134190273305,72668200,453.09534288404825,423.1554215109781,False,False,,,,,,False
2022-01-04,451.7237854003906,454.02239141771696,449.86032307936296,453.3034834561525,71178700,454.02239141771696,423.1554215109781,False,False,,,,,,False
2022-01-05,443.0497131347656,452.1305447371283,442.95511542561405,451.35488393612025,104538900,454.02239141771696,423.1554215109781,False,False,,,,,,False
2022-01-06,442.633544921875,445.3577975269539,440.25927789073734,442.58626049675826,86858900,454.02239141771696,423.1554215109781,False,False,,,,,,False
2022-01-07,440.8835754394531,443.8253998227985,439.5214491762915,442.6430005573575,85111600,454.02239141771696,423.1554215109781,False,False,,,,,,False
2022-01-10,440.33489990234375,440.5524428650343,431.9067555265444,437.6768689948834,119362000,454.02239141771696,423.1554215109781,False,False,,,,,,False
2022-01-11,444.345703125,444.4403008522665,437.06211113308007,440.0701572039839,74303100,454.02239141771696,423.1554215109781,False,False,,,,,,False
2022-01-12,445.5469970703125,447.6091235405263,443.5794971916765,446.08617811896727,67605400,454.02239141771696,423.1554215109781,False,False,,,,,,False
2022-01-13,439.407958984375,447.3063921299082,438.3769102525567,446.6537054029599,91173100,454.02239141771696,423.1554215109781,False,False,,,,,,False
2022-01-14,439.587646484375,439.9376320291072,435.0283082374195,436.24855229559944,95890900,454.02239141771696,423.1554215109781,False,False,,,,,,False
2022-01-18,431.802734375,435.0850758226512,430.686556419634,434.8769724015517,109709100,454.02239141771696,423.1554215109781,False,False,,,,,,False
2022-01-19,427.3191223144531,434.7540355227191,427.0447975842269,433.35409317640193,109357600,454.02239141771696,423.1554215109781,False,False,,,,,,False
2022-01-20,422.58941650390625,433.9309788475706,420.461098233881,429.21085112176263,122379700,454.02239141771696,420.461098233881,False,False,short,symmetric_triangle,down,,,True
2022-01-21,414.2937622070313,423.828616436145,414.26538578156715,421.46381809024535,202271200,454.02239141771696,414.26538578156715,False,False,,,,,,False
2022-01-24,416.05316162109375,416.5639661506676,398.0050332035479,408.6655338392634,251783900,454.02239141771696,398.0050332035479,False,False,,,,,,False
2022-01-25,410.97357177734375,415.9396482515973,404.0494353651215,409.63982206019847,167997300,454.02239141771696,398.0050332035479,False,False,,,,,,False
2022-01-26,409.9425048828125,420.0260079380278,405.6669312340907,416.885548979642,186391100,454.02239141771696,398.0050332035479,False,False,,,,,,False
2022-01-27,407.9182739257813,417.7085455157903,406.225098979547,414.5586466067945,149878300,454.02239141771696,398.0050332035479,False,False,,,,,,False
2022-01-28,418.049072265625,418.0963566867088,404.6832271039297,409.2803813325248,164457400,454.02239141771696,398.0050332035479,False,False,,,,,,False
2022-01-31,425.57861328125,425.9285988508346,416.0248212857858,417.37747913959595,152251400,454.02239141771696,398.0050332035479,False,False,,,,,,False
2022-02-01,428.4542236328125,429.0974419265007,422.7692385378579,426.3069680203135,123155400,454.02239141771696,398.0050332035479,False,False,,,,,,False
2022-02-02,432.6162414550781,433.3445889976843,428.548770732719,430.86628479936365,117361000,454.02239141771696,398.0050332035479,False,False,,,,,,False
2022-02-03,422.4476013183594,428.4731031564445,421.60571921304773,426.5623563990489,118024400,454.02239141771696,398.0050332035479,False,False,,,,,,False
2022-02-04,424.4340515136719,428.2933900112805,419.8273997309541,422.2111351230728,118454400,454.02239141771696,398.0050332035479,False,False,,,,,,False
2022-02-07,423.0718994140625,426.6001601287156,421.738149661157,425.2002179600923,84472900,454.02239141771696,398.0050332035479,False,False,,,,,,False
2022-02-08,426.5529479980469,427.47995951404795,421.1422872227027,422.5706349264903,81012000,454.02239141771696,398.0050332035479,False,False,,,,,,False
2022-02-09,432.79595947265625,433.1175685965065,430.4027846055387,430.6014195917351,92589900,454.02239141771696,398.0050332035479,False,False,,,,,,False
2022-02-10,425.0205078125,432.95675649430774,423.0151633217596,426.9312545906798,140103700,454.02239141771696,398.0050332035479,False,False,,,,,,False
2022-02-11,416.63970947265625,427.18670649344455,415.2019221745051,425.1057008408973,153214600,454.02239141771696,398.0050332035479,False,False,,,,,,False
2022-02-14,415.2775268554687,417.7180150863629,411.7965503726483,416.1288774138365,123006300,454.02239141771696,398.0050332035479,False,False,,,,,,False
2022-02-15,421.97467041015625,422.144928982225,419.21257292774663,419.73284594307296,88482700,454.02239141771696,398.0050332035479,False,False,,,,,,False
2022-02-16,422.4476013183594,423.82863553178055,418.0396135389401,419.921983869593,84863600,454.02239141771696,398.0050332035479,False,False,,,,,,False
2022-02-17,413.4235229492187,422.41922551305055,412.8181495554297,419.25038980867765,102259100,454.02239141771696,398.0050332035479,False,False,,,,,,False
2022-02-18,410.74664306640625,414.937059606831,408.4669735618949,413.6789704811315,132642900,454.02239141771696,398.0050332035479,False,False,,,,,,False
2022-02-22,406.3385620117187,411.94785655168494,402.8291806124182,408.5331017233057,124391800,454.02239141771696,398.0050332035479,False,False,,,,,,False
2022-02-23,399.1307373046875,409.8290843455233,398.5631798415869,409.2615268824227,132578000,454.02239141771696,398.0050332035479,False,True,long,,,,,True
2022-02-24,405.1372375488281,405.5723812250493,388.43232758179744,388.79175267882744,213942900,454.02239141771696,388.43232758179744,False,False,,,,,,False
2022-02-25,414.0762023925781,414.1613316714428,404.72104600826754,406.376404898472,121804500,454.02239141771696,388.43232758179744,False,False,,,,,,False
2022-02-28,413.0167846679687,414.5018850268596,407.40748965693734,408.665549734316,145615000,454.02239141771696,388.43232758179744,False,False,,,,,,False
2022-03-01,406.7264404296875,413.5276033325065,404.0116274603765,411.5127903599292,137785900,454.02239141771696,388.43232758179744,False,False,,,,,,False
2022-03-02,414.2086181640625,415.9396377899964,408.230401230632,408.98712512747574,117726500,454.02239141771696,388.43232758179744,False,False,,,,,,False
2022-03-03,412.14654541015625,417.254504541962,410.3398358407241,416.6491311196768,105501700,454.02239141771696,388.43232758179744,False,False,,,,,,False
2022-03-04,408.7979736328125,409.9330595198553,404.7399715837537,408.40067480868873,113978200,454.02239141771696,388.43232758179744,False,False,,,,,,False
2022-03-07,396.7469787597656,408.92095717943505,396.6807574716845,408.21151760843173,137896600,454.02239141771696,388.43232758179744,False,False,,,,,,False
2022-03-08,393.739013671875,404.1062838829853,392.6701199589549,396.9267579445968,164772700,454.02239141771696,388.43232758179744,False,False,,,,,,False
2022-03-09,404.2954406738281,406.28187731724785,399.9536738077774,402.1482138875015,116990800,454.02239141771696,388.43232758179744,False,False,,,,,,False
2022-03-10,402.4698181152344,403.368424272738,397.70237600280313,399.669875757918,93972700,454.02239141771696,388.43232758179744,False,False,,,,,,False
2022-03-11,397.3523559570313,405.58183714067377,396.8415514153587,404.9669953247323,95636300,454.02239141771696,388.43232758179744,False,False,,,,,,False
2022-03-14,394.4484558105469,401.59013692883224,393.3039012278142,398.12809674857226,95729200,454.02239141771696,388.43232758179744,False,False,,,,,,False
2022-03-15,403.12255859375,403.75630854434826,395.7916818763262,397.06865021078295,106219100,454.02239141771696,388.43232758179744,False,False,,,,,,False
2022-03-16,412.0614318847656,412.1181847431763,401.8265763662033,406.6413318363514,144954800,454.02239141771696,388.43232758179744,False,False,short,,,multiple_top,,True
2022-03-17,417.2166748046875,417.2166748046875,409.7628253475534,410.1411873324134,102676900,452.1305447371283,388.43232758179744,False,False,,,,,,False
2022-03-18,421.7863464355469,422.1089546797308,414.8596946396348,415.5998027190798,106345500,447.6091235405263,388.43232758179744,False,False,,,,,,False
2022-03-21,421.66302490234375,423.6271389755555,418.1427408368208,421.6155646277415,88349800,447.6091235405263,388.43232758179744,False,False,,,,,,False
2022-03-22,426.59710693359375,427.5364671803006,423.0578558191134,423.0578558191134,74650400,447.6091235405263,388.43232758179744,False,False,,,,,,False
2022-03-23,421.1032104492187,425.553357225726,421.0178166955982,424.054174178524,79426100,447.6091235405263,388.43232758179744,False,False,,,,,,False
2022-03-24,427.4510192871094,427.4605171330371,422.01408163043,423.1337270897033,64736900,447.6091235405263,388.43232758179744,False,False,,,,,,False
2022-03-25,429.5385437011719,429.8137206376512,425.4963992292135,428.0867920742761,77101300,447.3063921299082,388.43232758179744,False,False,,,,,,False
2022-03-28,432.5938720703125,432.5938720703125,427.04304675034354,428.94076282849704,68529800,439.9376320291072,388.43232758179744,False,False,,,,,,False
2022-03-29,437.9454345703125,438.43885930354094,433.7989294001612,436.49368286841064,86581500,438.43885930354094,388.43232758179744,False,False,,,,,,False
2022-03-30,435.2412109375,437.6133561269199,433.1252470040713,436.7973231241973,79666900,438.43885930354094,388.43232758179744,False,False,,,,,,False
2022-03-31,428.5422973632813,435.2981625784349,428.0868350389325,434.4726606429951,121699900,438.43885930354094,388.43232758179744,False,False,,,,,,False
2022-04-01,429.7567443847656,430.26910681563794,426.17006258443,430.12678391817343,89048800,438.43885930354094,388.43232758179744,False,False,,,,,,False
2022-04-04,433.4383239746094,433.54271341244913,429.1305294920376,429.9560313211461,59601000,438.43885930354094,388.43232758179744,False,False,,,,,,False
2022-04-05,427.9634094238281,434.4156320427128,426.81529938704466,431.93912663814103,74214500,438.43885930354094,388.43232758179744,False,False,,,,,,False
2022-04-06,423.68408203125,425.9708333848193,420.790076589019,424.0351838301639,106898000,438.43885930354094,388.43232758179744,False,False,,,,,,False
2022-04-07,425.8189697265625,427.6407897227167,420.846963358929,422.8016084098771,78097200,438.43885930354094,388.43232758179744,False,False,,,,,,False
2022-04-08,424.680419921875,427.5839233445298,423.1337766107068,425.0599573643876,79272700,438.43885930354094,388.43232758179744,False,False,,,,,,False
2022-04-11,417.421630859375,422.24181683640415,416.9187372695067,421.397319303444,89770500,438.43885930354094,388.43232758179744,False,False,,,,,,False
2022-04-12,415.8749694824219,422.9534418596943,414.3188285059621,420.4199783284058,84363600,438.43885930354094,388.43232758179744,False,False,,,,,,False
2022-04-13,420.6382141113281,421.3972888860871,415.4479599836638,415.6282453101172,74070400,438.43885930354094,388.43232758179744,False,False,,,,,,False
2022-04-14,415.4005432128906,421.98561991128474,415.2961537775196,420.86594548757074,97869500,438.43885930354094,388.43232758179744,False,False,,,,,,False
2022-04-18,415.57135009765625,417.2603162227855,413.332030102549,414.4706713145492,66002500,438.43885930354094,388.43232758179744,False,False,,,,,,False
2022-04-19,422.27978515625,423.000897567329,415.2961750081894,415.4669625036937,77821000,438.43885930354094,388.43232758179744,False,False,,,,,,False
2022-04-20,421.9666442871094,424.6803932967964,420.7995674484736,424.06364137177405,65224400,438.43885930354094,388.43232758179744,False,False,,,,,,False
2022-04-21,415.6567077636719,426.9955717535205,414.745812247252,425.6007494204808,85417300,438.43885930354094,388.43232758179744,False,False,,,,,,False
2022-04-22,404.2514343261719,415.6756627769985,403.6821137856455,414.5655152319754,132471800,438.43885930354094,388.43232758179744,False,False,,,,,,False
2022-04-25,406.5951843261719,406.76597183059135,397.4197139696294,402.0027147028392,119647700,438.43885930354094,388.43232758179744,False,False,,,,,,False
2022-04-26,394.81982421875,404.251475165839,394.79135963669034,404.05219413457274,103996300,438.43885930354094,388.43232758179744,False,False,,,,,,False
2022-04-27,395.9299926757813,401.2910638857322,393.7855931486508,395.9015280922262,122030000,438.43885930354094,388.43232758179744,False,False,,,,,,False
2022-04-28,405.9309387207031,407.66736507678297,396.24310664725425,400.69325298442976,105449100,438.43885930354094,388.43232758179744,False,False,,,,,,False
2022-04-29,390.9294738769531,404.0901289590842,390.1798679914565,401.92673399978656,145491100,438.43885930354094,388.43232758179744,False,True,long,,,,,True
2022-05-02,393.28271484375,394.64907282128,384.3064963886446,390.99596335297906,158312500,438.43885930354094,384.3064963886446,False,False,,,,,,False
2022-05-03,395.08544921875,397.5050252331432,392.21987988506135,393.78551855456294,100028200,438.43885930354094,384.3064963886446,False,False,,,,,,False
2022-05-04,407.1170349121094,407.6863555366896,392.55205797111023,395.7497049845453,144247900,438.43885930354094,384.3064963886446,False,False,,,,,,False
2022-05-05,392.64697265625,403.2646972365076,388.50046734364383,402.8376995037518,172929100,438.43885930354094,384.3064963886446,False,False,,,,,,False
2022-05-06,390.3033142089844,393.5863553527453,384.98023380135953,390.0755975155233,151770800,438.43885930354094,384.3064963886446,False,False,,,,,,False
2022-05-09,377.8067626953125,385.62534252328646,376.2221572616727,384.3823409911259,155586100,438.43885930354094,376.2221572616727,False,False,,,,,,False
2022-05-10,378.67974853515625,385.312256912979,374.6281351627776,383.80357611684485,132497200,438.43885930354094,374.6281351627776,False,False,,,,,,False
2022-05-11,372.6639709472656,383.37658562932586,371.9143650365518,377.71190234105785,142361000,438.43885930354094,371.9143650365518,False,False,,,,,,False
2022-05-12,372.27490234375,375.5579425463097,365.45261177508553,369.45679324266854,125090800,438.43885930354094,365.45261177508553,False,False,,,,,,False
2022-05-13,381.1752014160156,382.5605258590705,375.3776645184311,376.421414012587,104174400,438.43885930354094,365.45261177508553,False,False,,,,,,False
2022-05-16,379.6285400390625,383.3101131913254,377.265893219498,379.5241795731135,78622400,438.43885930354094,365.45261177508553,False,False,,,,,,False
2022-05-17,387.4376831054687,387.67489759175146,381.9912188097621,385.73921927576754,83029700,438.43885930354094,365.45261177508553,False,False,,,,,,False
2022-05-18,371.8194580078125,383.1488241139043,370.57645642450234,382.864178314996,117674500,438.43885930354094,365.45261177508553,False,False,,,,,,False
2022-05-19,369.5422668457031,373.98294475283024,367.31244452339,368.7452295179755,98510700,438.43885930354094,365.45261177508553,False,False,,,,,,False
2022-05-20,369.70355224609375,376.72509575107233,361.07843638256344,373.1384136201305,131432200,438.43885930354094,361.07843638256344,False,False,,,,,,False
2022-05-23,376.6207580566406,377.3893307771421,370.41521816810126,372.739903066548,76414900,438.43885930354094,361.07843638256344,False,False,,,,,,False
2022-05-24,373.7457275390625,374.94126904362616,367.17011895813306,372.4837300616024,91448800,438.43885930354094,361.07843638256344,False,False,,,,,,False
2022-05-25,377.0476989746094,379.02133983121746,371.8479756649552,372.2464798092764,91472900,438.43885930354094,361.07843638256344,False,False,,,,,,False
2022-05-26,384.5816955566406,386.2232305852887,378.07254252836816,378.2812924802376,82168300,438.43885930354094,361.07843638256344,False,False,,,,,,False
2022-05-27,394.0227661132813,394.1366244354948,386.84940224535666,387.0486543092304,84768700,438.43885930354094,361.07843638256344,False,False,,,,,,False
2022-05-31,391.8119812011719,395.1614492463279,389.0602984118207,392.4002686094712,95937000,438.43885930354094,361.07843638256344,False,False,,,,,,False
2022-06-01,388.6427612304687,394.95266140674994,386.11879536858646,393.9374053108898,86585800,438.43885930354094,361.07843638256344,False,False,,,,,,False
2022-06-02,396.04388427734375,396.0913155981684,386.2231974480646,388.4814842908441,79609600,438.43885930354094,361.07843638256344,False,False,,,,,,False
2022-06-03,389.5442199707031,392.8652233845477,388.56689726718866,391.3090821713431,71874300,438.43885930354094,361.07843638256344,False,False,,,,,,False
2022-06-06,390.7302551269531,395.3037288108325,389.5536514825728,393.5673313620774,57508900,438.43885930354094,361.07843638256344,False,False,,,,,,False
2022-06-07,394.4782409667969,394.93370326048847,386.76402029869297,387.22898043918536,59272400,438.43885930354094,361.07843638256344,False,False,,,,,,False
2022-06-08,390.18939208984375,394.55414472787754,389.39235483614425,392.76078918941744,64350000,438.43885930354094,361.07843638256344,False,False,,,,,,False
2022-06-09,380.9096374511719,390.68286531115297,380.9096374511719,388.4056114265496,86289800,437.6133561269199,361.07843638256344,False,False,,,,,,False
2022-06-10,369.86474609375,375.53892596640515,369.8173147881236,374.68495976724273,132893900,435.2981625784349,361.07843638256344,False,False,,,,,,False
2022-06-13,355.8217468261719,362.28346743198733,354.2086766578207,360.42371387649325,170004900,434.4156320427128,354.2086766578207,False,False,,,,,,False
2022-06-14,354.7494812011719,358.61133961615116,351.63722859868284,357.5770880302311,104011800,434.4156320427128,351.63722859868284,False,False,,,,,,False
2022-06-15,359.8069763183594,364.2665916822706,353.089045254612,358.06105206229864,125666800,434.4156320427128,351.63722859868284,False,False,short,,,multiple_top,,True
2022-06-16,347.8988342285156,351.9694437920059,345.46026183812063,351.56144173794524,134473300,427.6407897227167,345.46026183812063,False,False,,,,,,False
2022-06-17,348.6487731933594,352.00319986018303,345.1323892326363,348.3152615671358,111113900,427.6407897227167,345.1323892326363,False,False,,,,,,False
2022-06-21,357.42547607421875,358.8167847118206,354.3188279292555,354.39508075105675,76811900,427.5839233445298,345.1323892326363,False,False,,,,,,False
2022-06-22,356.77752685546875,360.9038171947583,352.7655576024374,353.18486094043567,90059400,426.9955717535205,345.1323892326363,False,False,,,,,,False
2022-06-23,360.2748718261719,361.0086381463317,355.3481010957897,358.92168935710464,79292100,426.9955717535205,345.1323892326363,False,False,,,,,,False
2022-06-24,371.7294006347656,371.738939509623,363.429154494016,363.4577420366525,98050300,426.9955717535205,345.1323892326363,False,False,,,,,,False
2022-06-27,370.3094787597656,372.9491586215477,369.21358425811263,372.6537443406309,66009600,426.9955717535205,345.1323892326363,False,False,,,,,,False
2022-06-28,362.7430114746094,374.6645107225344,362.62866130813416,371.872354190672,86548900,426.9955717535205,345.1323892326363,False,False,,,,,,False
2022-06-29,362.4475402832031,364.28673969645666,360.6178797429698,363.29568568796776,65676000,426.9955717535205,345.1323892326363,False,False,,,,,,False
2022-06-30,359.5029602050781,362.75254644984545,355.0335903944629,358.5404645110338,112508300,426.9955717535205,345.1323892326363,False,False,,,,,,False
2022-07-01,363.3052673339844,363.7436484326006,356.21526590396945,358.84543616792405,74839700,426.9955717535205,345.1323892326363,False,False,,,,,,False
2022-07-05,363.9913330078125,364.01041075424905,355.35754763192216,358.19736906756344,81438000,415.6756627769985,345.1323892326363,False,False,,,,,,False
2022-07-06,365.220703125,367.717445353006,361.7424165306726,364.1343183853388,70426200,407.6863555366896,345.1323892326363,False,False,,,,,,False
2022-07-07,370.6906433105469,371.49112350460933,365.2397294426553,367.0027052771426,64525900,407.6863555366896,345.1323892326363,False,False,,,,,,False
2022-07-08,370.3857116699219,372.26303762487726,367.51730255509904,369.0515489585137,72397800,407.6863555366896,345.1323892326363,False,False,,,,,,False
2022-07-11,366.1545715332031,368.6703621550962,365.4589026570856,367.69835676876295,58366900,407.6863555366896,345.1323892326363,False,False,,,,,,False
2022-07-12,362.9145202636719,367.9937962223962,361.1610832660688,365.6018653816874,62219200,407.6863555366896,345.1323892326363,False,False,,,,,,False
2022-07-13,361.0085754394531,363.9532372473949,357.03476226900284,357.454065545386,84224600,407.6863555366896,345.1323892326363,False,False,,,,,,False
2022-07-14,360.13189697265625,361.2182525694564,353.585088606192,356.0341654064419,89704800,407.6863555366896,345.1323892326363,False,False,,,,,,False
2022-07-15,367.0122985839844,367.1266487598198,362.63822986665895,364.5536534757757,79060400,407.6863555366896,345.1323892326363,False,False,,,,,,False
2022-07-18,363.9819030761719,370.7860002847752,362.7525805204478,370.109409022233,63203600,403.2646972365076,345.1323892326363,False,False,,,,,,False
2022-07-19,373.8163757324219,374.388155662866,367.26005698672697,367.91757046251206,78506000,396.0913155981684,345.1323892326363,False,False,,,,,,False
2022-07-20,376.19879150390625,377.6187170853848,372.63474194197374,374.00700222845904,71843800,396.0913155981684,345.1323892326363,False,False,,,,,,False
2022-07-21,380.0296020507813,380.0772382519454,373.20642874129487,375.6174079751862,64903900,396.0913155981684,345.1323892326363,False,False,,,,,,False
2022-07-22,376.5036926269531,381.354239171884,374.273777240293,380.15353339871814,72197300,396.0913155981684,345.1323892326363,False,False,,,,,,False
2022-07-25,376.9610595703125,377.8187147174266,374.71206681008834,377.13258478334967,53631500,396.0913155981684,345.1323892326363,False,False,,,,,,False
2022-07-26,372.5013122558594,375.5221691455496,371.6055305018474,375.31251747797376,52946400,396.0913155981684,345.1323892326363,False,False,,,,,,False
2022-07-27,382.173828125,383.92726526145685,375.5126398831095,375.8080541838099,82342100,396.0913155981684,345.1323892326363,False,False,,,,,,False
2022-07-28,386.96722412109375,387.6628640613991,379.4197925062167,382.9838711686013,73966600,396.0913155981684,345.1323892326363,False,False,,,,,,False
2022-07-29,392.6087036132813,393.5997869314372,387.63426743595056,388.4061601977831,87003700,396.0913155981684,345.1323892326363,False,False,,,,,,False
2022-08-01,391.4461059570313,393.9619262005739,389.1876026959049,389.9023203902835,69997500,396.0913155981684,345.1323892326363,False,False,,,,,,False
2022-08-02,388.863525390625,393.5711340175346,387.6818683380496,389.8736572094908,63435400,396.0913155981684,345.1323892326363,False,False,,,,,,False
2022-08-03,394.9529418945313,396.125060100099,390.7122726681648,390.9981480641734,67820600,396.125060100099,345.1323892326363,False,False,,,,,,False
2022-08-04,394.6861267089844,395.562830670343,393.0375009919587,394.87670061792033,45656600,396.125060100099,345.1323892326363,False,False,,,,,,False
2022-08-05,394.01904296875,394.6670466027406,390.3311048647374,390.38827994527,56814900,396.125060100099,345.1323892326363,False,False,,,,,,False
2022-08-08,393.5616760253906,397.9738712959136,392.45624248886287,395.7153680087928,53886100,397.9738712959136,345.1323892326363,False,False,,,,,,False
2022-08-09,391.9988403320313,393.33297422227287,390.9219943442848,392.8279082108979,44931800,397.9738712959136,345.1323892326363,False,False,,,,,,False
2022-08-10,400.2323913574219,400.37535816948497,397.1162325129598,399.0793215585019,68665700,400.37535816948497,345.1323892326363,False,False,,,,,,False
2022-08-11,400.2323913574219,404.9590789010792,399.4890860788374,403.0912622876605,59489700,404.9590789010792,345.1323892326363,False,False,,,,,,False
2022-08-12,407.0077819824219,407.1125932522657,401.2233282658641,402.1762848946771,61694500,407.1125932522657,345.1323892326363,False,False,,,,,,False
2022-08-15,408.68505859375,409.2092023076691,404.7302935033253,404.7874685874713,54048300,409.2092023076691,345.1323892326363,False,False,,,,,,False
2022-08-16,409.4855346679687,411.42003574290754,406.79818960368954,407.608208672531,59289000,411.42003574290754,345.1323892326363,False,False,,,,,,False
2022-08-17,406.5790100097656,409.2949426868216,404.5682851354052,405.87383128900353,63563400,411.42003574290754,345.1323892326363,False,False,,,,,,False
2022-08-18,407.76068115234375,408.4467820994696,405.483100541327,406.7791077729189,49023200,411.42003574290754,345.1323892326363,False,False,,,,,,False
2022-08-19,402.2811584472656,405.2543787214376,401.4044254803512,404.9875520066255,68016900,411.42003574290754,345.1323892326363,False,False,,,,,,False
2022-08-22,393.90472412109375,397.6022013931033,392.9994034708054,397.43064705593497,77695600,411.42003574290754,345.1323892326363,False,False,,,,,,False
2022-08-23,392.9517517089844,395.87733613472665,392.39902046586167,393.4758663287654,49105200,411.42003574290754,345.1323892326363,False,False,,,,,,False
2022-08-24,394.2096557617187,395.5818868105569,392.0369154016521,392.72301638510424,49177800,411.42003574290754,345.1323892326363,False,False,,,,,,False
2022-08-25,399.7748718261719,399.8225080280783,394.60983375096794,395.7057281321885,50942300,411.42003574290754,345.1323892326363,False,False,,,,,,False
2022-08-26,386.2429809570313,400.20379452606346,386.1858058663081,399.66063116419394,103087000,411.42003574290754,345.1323892326363,False,False,,,,,,False
2022-08-29,383.68902587890625,386.74800926201755,382.3263045463414,383.2792614080402,65370800,411.42003574290754,345.1323892326363,False,False,,,,,,False
2022-08-30,379.4769287109375,385.0898583631651,377.37090227301206,384.85161915718464,85652400,411.42003574290754,352.7655576024374,False,False,,,,,,False
2022-08-31,376.5894775390625,382.36439367038383,376.4560787038959,381.1160225349225,76029700,411.42003574290754,352.7655576024374,False,False,,,,,,False
2022-09-01,377.7711486816406,378.11419917142905,371.69127962474215,374.4072123299688,78740100,411.42003574290754,353.585088606192,False,False,,,,,,False
2022-09-02,373.7877197265625,382.6692829844878,371.9675689736966,381.44949959452725,99632100,411.42003574290754,353.585088606192,False,False,,,,,,False
2022-09-06,372.3774108886719,375.57933179810465,370.1474954520454,374.6359138662064,76637400,411.42003574290754,353.585088606192,False,False,,,,,,False
2022-09-07,379.0671081542969,379.8390007408785,371.84370929408584,372.0628707187139,70964200,411.42003574290754,353.585088606192,False,False,,,,,,False
2022-09-08,381.5448303222656,382.0022309523516,375.5793117281485,376.78958541975953,80821700,411.42003574290754,353.585088606192,False,False,,,,,,False
2022-09-09,387.47222900390625,388.33942315556953,383.52697401163135,383.79380074430213,76706900,411.42003574290754,353.585088606192,False,False,,,,,,False
2022-09-12,391.63665771484375,392.360914189905,389.2447268378426,389.5496799938614,69256300,411.42003574290754,353.585088606192,False,False,long,,,multiple_bottom,,True
2022-09-13,374.6073303222656,384.1368984857324,373.48284825864073,382.92662471653426,122947100,411.42003574290754,353.585088606192,False,False,,,,,,False
2022-09-14,376.0367736816406,377.561510437167,372.72047341951594,375.912884639726,85023700,411.42003574290754,353.585088606192,False,False,,,,,,False
2022-09-15,371.7674865722656,377.33275056104594,370.4905280036488,374.4738802809369,87633800,411.42003574290754,353.585088606192,False,False,,,,,,False
2022-09-16,368.9313049316406,369.59154848057193,365.63008718698416,367.5725640058656,103084800,411.42003574290754,353.585088606192,False,False,,,,,,False
2022-09-19,371.79241943359375,371.79241943359375,365.6971524903318,365.7737185651322,73278500,411.42003574290754,353.585088606192,False,False,,,,,,False
2022-09-20,367.5247497558594,369.467197620889,364.7594064649133,368.45291622543897,77274900,411.42003574290754,353.585088606192,False,False,,,,,,False
2022-09-21,361.11370849609375,372.51959913129366,361.1041304377305,369.457598997585,106746600,411.42003574290754,353.585088606192,False,False,,,,,,False
2022-09-22,358.0804138183594,361.9844362527684,357.3340552999548,360.33861628892794,89472600,411.42003574290754,353.585088606192,False,False,,,,,,False
2022-09-23,352.0807800292969,354.63560985532166,347.621756602572,354.5973268298111,122346900,411.42003574290754,347.621756602572,False,False,,,,,,False
2022-09-26,348.5978088378906,354.24334411898207,347.37301464402196,350.6072445688274,92581200,411.42003574290754,347.37301464402196,False,False,,,,,,False
2022-09-27,347.70794677734375,354.42517373959924,345.3061901306675,352.1478150517164,108294100,411.42003574290754,345.3061901306675,False,False,,,,,,False
2022-09-28,354.5495910644531,356.2432430846765,346.96160717757476,348.6648372571205,110802200,411.42003574290754,345.3061901306675,False,False,,,,,,False
2022-09-29,347.14337158203125,351.27703369645445,344.18664256070633,350.9899839667711,112952300,411.42003574290754,344.18664256070633,False,False,,,,,,False
2022-09-30,341.7752990722656,350.1287964039732,341.64135226905466,346.19604000195835,153711200,411.42003574290754,341.64135226905466,False,False,,,,,,False
2022-10-03,350.7986145019531,352.65494737821973,343.7177718900961,345.50711675915556,89756500,411.42003574290754,341.64135226905466,False,False,,,,,,False
2022-10-04,361.6687316894531,361.6974366671643,350.760402138184,356.33895028366675,103602800,411.42003574290754,341.64135226905466,False,False,,,,,,False
2022-10-05,360.82666015625,363.0944408744506,354.95148449827474,357.28625322790396,88065700,411.42003574290754,341.64135226905466,False,False,,,,,,False
2022-10-06,357.1044006347656,362.38631999103904,356.6068088422916,359.42001295633844,82333500,411.42003574290754,341.64135226905466,False,False,short,,,,channel_down,True
2022-10-07,347.14337158203125,357.19052094050096,345.3731537119263,353.0568296246811,107789500,411.42003574290754,341.64135226905466,False,False,,,,,,False
2022-10-10,344.49285888671875,348.5021527143666,342.24423427525903,348.26293484494323,76042800,411.42003574290754,341.64135226905466,False,False,,,,,,False
2022-10-11,342.3111572265625,347.37301498969447,340.3687094983833,342.78959291529037,92482800,411.42003574290754,340.3687094983833,False,False,,,,,,False
2022-10-12,341.1820068359375,344.3014164212988,340.93321096921017,342.7225847163287,76991800,411.42003574290754,340.3687094983833,False,False,,,,,,False
2022-10-13,350.1861877441406,351.65977770954976,333.096451291965,334.1490155529715,147254500,411.42003574290754,333.096451291965,False,False,,,,,,False
2022-10-14,342.2059631347656,354.29125499034103,341.56484637380987,352.6549836816006,123737000,411.42003574290754,333.096451291965,False,False,,,,,,False
2022-10-17,350.99957275390625,352.1095470782715,341.8710114527869,348.31076646522916,93168200,411.42003574290754,333.096451291965,False,False,,,,,,False
2022-10-18,355.1237487792969,359.25744095062913,351.6694272430827,358.9512350413298,97162900,411.42003574290754,333.096451291965,False,False,,,,,,False
2022-10-19,352.6070861816406,355.8126109872074,349.7843040689634,353.07594379032565,79746900,411.42003574290754,333.096451291965,False,False,,,,,,False
2022-10-20,349.65032958984375,356.5972242614072,348.8848150632648,352.1573276114291,88283100,411.42003574290754,333.096451291965,False,False,,,,,,False
2022-10-21,358.14739990234375,358.6353844531529,347.8610324838875,349.3728764279388,131038400,411.42003574290754,333.096451291965,False,False,,,,,,False
2022-10-24,362.52984619140625,363.6685254418361,357.01825783311693,359.6783882377217,85436900,411.42003574290754,333.096451291965,False,False,,,,,,False
2022-10-25,368.3189392089844,368.6346939112867,362.3384931688921,362.4533130606384,78846300,411.42003574290754,333.096451291965,False,False,,,,,,False
2022-10-26,365.5440368652344,370.8642400246991,364.90294931837184,365.1612941087104,104087300,409.2949426868216,333.096451291965,False,False,,,,,,False
2022-10-27,363.5920104980469,368.39549448506307,362.97002071766786,366.5487396639021,81971800,408.4467820994696,333.096451291965,False,False,,,,,,False
2022-10-28,372.24212646484375,372.7205621969107,363.3049504940016,363.486758408299,100302000,405.2543787214376,333.096451291965,False,False,,,,,,False
2022-10-31,369.55328369140625,371.6488343281588,368.6442734105965,369.7733746190449,96631300,400.20379452606346,333.096451291965,False,False,,,,,,False
2022-11-01,367.9361877441406,373.55304750624583,366.759254586953,373.313829651351,85407600,400.20379452606346,333.096451291965,False,False,,,,,,False
2022-11-02,358.70233154296875,371.86888968118615,358.59708971899,367.3428780208254,126990400,400.20379452606346,333.096451291965,False,False,,,,,,False
2022-11-03,355.0088806152344,358.0613028304703,352.88462486045256,355.44903329915525,87100100,400.20379452606346,333.096451291965,False,False,,,,,,False
2022-11-04,360.11859130859375,362.5298969522744,354.0424515033242,360.7405519371709,103505200,400.20379452606346,333.096451291965,False,False,short,,,multiple_top,,True
2022-11-07,363.5632629394531,364.1565184745744,359.333878935255,361.4198513656474,68286900,392.360914189905,333.096451291965,False,False,,,,,,False
2022-11-08,365.52484130859375,368.5102751308282,361.4294332598936,364.67321182395386,84641100,392.360914189905,333.096451291965,False,False,,,,,,False
2022-11-09,357.9942932128906,364.70197091504775,357.4967014075901,363.5441355230192,78495500,392.360914189905,333.096451291965,False,False,,,,,,False
2022-11-10,377.6675720214844,378.0024828489434,369.0078976049732,371.31393196232233,141455800,392.360914189905,333.096451291965,False,False,,,,,,False
2022-11-11,381.32281494140625,382.1265833794771,376.6341219172314,378.5287377221533,93839900,392.360914189905,333.096451291965,False,False,,,,,,False
2022-11-14,378.07904052734375,382.9208077010258,377.8015396320112,379.55263072845537,71903500,392.360914189905,333.096451291965,False,False,,,,,,False
2022-11-15,381.3036804199219,384.9589362297327,377.4761947639268,383.8489618853264,93194500,392.360914189905,333.096451291965,False,False,,,,,,False
2022-11-16,378.3948059082031,380.62430341627146,377.76326728154146,379.6674320185533,68508500,392.360914189905,333.096451291965,False,False,,,,,,False
2022-11-17,377.2369689941406,377.9163687088292,373.3138196401911,373.6199962931831,74496300,392.360914189905,333.096451291965,False,False,,,,,,False
2022-11-18,378.9497985839844,380.6530285942701,376.0887622973976,380.5860405845387,92922500,392.360914189905,333.096451291965,False,False,,,,,,False
2022-11-21,377.5718078613281,378.74876996403566,375.7250534313708,377.6196689427408,51243200,384.9589362297327,333.096451291965,False,False,,,,,,False
2022-11-22,382.65289306640625,382.81557406409473,378.1077536070245,379.5239338879253,60429000,384.9589362297327,333.096451291965,False,False,,,,,,False
2022-11-23,385.064208984375,385.5521935507362,382.0883236888626,382.3179634847973,68261600,385.5521935507362,333.096451291965,False,False,,,,,,False
2022-11-25,384.9780578613281,385.5330596266125,384.2221504796513,384.49962216089574,30545400,385.5521935507362,333.096451291965,False,False,,,,,,False
2022-11-28,378.8349914550781,383.5236558705619,378.0694767496235,381.8778357555847,67881600,385.5521935507362,333.096451291965,False,False,,,,,,False
2022-11-29,378.1842956542969,380.16499726824185,376.3375116508364,378.9689080128027,52310000,385.5521935507362,333.096451291965,False,False,,,,,,False
2022-11-30,390.0973205566406,390.0973205566406,376.509764364217,378.4330559976652,144566700,390.0973205566406,333.096451291965,False,False,,,,,,False
2022-12-01,389.8102722167969,392.3172705907876,387.29369578444215,391.14030826651214,76398200,392.3172705907876,333.096451291965,False,False,,,,,,False
2022-12-02,389.3605346679687,390.2695449532932,384.7962687221607,384.90151055673,85342700,392.3172705907876,333.096451291965,False,False,,,,,,False
2022-12-05,382.356201171875,387.46589043521953,380.99746027187206,386.52817524543025,77289800,392.3172705907876,333.096451291965,False,False,,,,,,False
2022-12-06,376.84466552734375,382.7389970887848,374.7491439436975,382.1936025622626,77972200,392.3172705907876,333.096451291965,False,False,,,,,,False
2022-12-07,376.2035827636719,378.5766344720338,375.064903402128,375.9930698766285,65927900,392.3172705907876,333.096451291965,False,False,,,,,,False
2022-12-08,379.1506958007813,380.22238704457504,376.3087867125726,378.0981606729528,60737900,392.3172705907876,333.096451291965,False,False,,,,,,False
2022-12-09,376.318359375,380.4711774858571,376.1939614285939,377.9067693033474,81447700,392.3172705907876,333.096451291965,False,False,,,,,,False
2022-12-12,381.743896484375,381.743896484375,376.4428201996656,377.11261272861253,75405800,392.3172705907876,333.096451291965,False,False,,,,,,False
2022-12-13,384.6335754394531,392.7861087804528,381.8586543812398,392.5277640299923,123782500,392.7861087804528,333.096451291965,False,False,,,,,,False
2022-12-14,382.1744995117187,388.01142193348954,379.21776986231254,384.2891775066527,108111300,392.7861087804528,333.096451291965,False,False,,,,,,False
2022-12-15,372.8258361816406,378.20344918024006,371.16088916537103,377.2944096015872,117705900,392.7861087804528,333.096451291965,False,False,,,,,,False
2022-12-16,368.4241638183594,371.6059498118414,366.2805608411349,370.2601841754804,119858000,392.7861087804528,333.096451291965,False,False,,,,,,False
2022-12-19,365.3000793457031,368.95290559297706,363.62748687937614,368.6164568242752,79878100,392.7861087804528,333.096451291965,False,False,,,,,,False
2022-12-20,365.79986572265625,367.4244062499485,363.21405999982943,364.5406106633448,74427200,392.7861087804528,333.096451291965,False,False,,,,,,False
2022-12-21,371.26953125,372.4038173364099,367.86664365527946,368.40494991105,78167400,392.7861087804528,333.096451291965,False,False,,,,,,False
2022-12-22,365.9729614257813,371.25029904353386,360.2534206059007,368.2126968828108,100120900,392.7861087804528,333.096451291965,False,False,,,,,,False
2022-12-23,368.0780944824219,368.2222784083417,363.3871151892416,364.9443602601523,59857300,392.7861087804528,341.56484637380987,False,False,,,,,,False
2022-12-27,366.6265869140625,368.30880122283816,364.9443726052869,367.9627597889249,51638200,392.7861087804528,341.8710114527869,False,False,,,,,,False
2022-12-28,362.0702209472656,368.53954750465414,361.8395266438076,366.5593138365044,70911500,392.7861087804528,347.8610324838875,False,False,,,,,,False
2022-12-29,368.5875549316406,369.4623098415616,364.39642312891414,364.92513662505775,66970900,392.7861087804528,347.8610324838875,False,False,,,,,,False
2022-12-30,367.61669921875,367.7608831535474,363.7716378348704,365.89605537101687,84022200,392.7861087804528,347.8610324838875,False,False,,,,,,False
2023-01-03,366.069091796875,371.4617765380731,363.1948883409904,369.481572187265,74850700,392.7861087804528,347.8610324838875,False,False,long,,,multiple_bottom,,True
2023-01-04,368.8951721191406,370.93304981286974,365.2808052899679,368.3376218305615,85934100,392.7861087804528,352.88462486045256,False,False,,,,,,False
2023-01-05,364.6848449707031,367.04954946455626,364.08886516079207,366.9342023188302,76970500,392.7861087804528,352.88462486045256,False,False,,,,,,False
2023-01-06,373.0478210449219,374.172514342468,364.7136674038187,367.78969873225174,104189600,392.7861087804528,352.88462486045256,False,False,,,,,,False
2023-01-09,372.83636474609375,378.4501802079773,372.6537513181587,375.2491501630905,73978100,392.7861087804528,352.88462486045256,False,False,,,,,,False
2023-01-10,375.4510498046875,375.5183454272887,371.3079980261493,372.2500487360848,65358100,392.7861087804528,352.88462486045256,False,False,,,,,,False
2023-01-11,380.19964599609375,380.2765636489995,376.2200228551562,377.03710423821616,68881100,392.7861087804528,352.88462486045256,False,False,,,,,,False
2023-01-12,381.5839538574219,383.0546889344282,377.2198295038579,381.3052079772641,90157700,392.7861087804528,352.88462486045256,False,False,,,,,,False
2023-01-13,383.0642395019531,383.64100457532766,378.1041068077167,378.3732599305594,63903900,392.7861087804528,352.88462486045256,False,False,,,,,,False
2023-01-17,382.3625183105469,384.7272522586673,381.68002810706065,383.0450378495243,62677300,392.7861087804528,352.88462486045256,False,False,,,,,,False
2023-01-18,376.32574462890625,384.6214688994839,376.12388712892096,383.554478492644,99632300,392.7861087804528,354.0424515033242,False,False,,,,,,False
2023-01-19,373.586181640625,375.93164211812586,372.2596307570735,374.27826453414,86958900,392.7861087804528,357.4967014075901,False,False,,,,,,False
2023-01-20,380.5457458496094,380.6995518316875,373.3362554518386,374.9896330898137,91806400,392.7861087804528,357.4967014075901,False,False,,,,,,False
2023-01-23,385.11175537109375,387.05350088541945,380.3919388167981,381.35320420051227,84178800,392.7861087804528,357.4967014075901,False,False,,,,,,False
2023-01-24,384.6983947753906,385.61157923279035,382.2375578903821,383.4295175059516,59524900,392.7861087804528,360.2534206059007,False,False,,,,,,False
2023-01-25,384.8426208496094,385.1790696172797,378.31562036458047,380.6130588238066,84800300,392.7861087804528,360.2534206059007,False,False,,,,,,False
2023-01-26,389.0721740722656,389.2356020993196,384.5350001709371,387.5149288042469,72287400,392.7861087804528,360.2534206059007,False,False,long,,,,channel_up,True
2023-01-27,389.9661254882813,392.35007414970727,387.8129004621486,388.02438001546454,68346200,392.7861087804528,360.2534206059007,False,False,,,,,,False
2023-01-30,385.0733337402344,389.4374872178155,384.7753437893362,387.197722229523,74202000,392.7861087804528,360.2534206059007,False,False,,,,,,False
2023-01-31,390.7350769042969,390.78312842860805,385.2462316614588,385.5923023771481,86811800,392.7861087804528,360.2534206059007,False,False,,,,,,False
2023-02-01,394.8878173828125,397.64667374216685,386.7651422965744,389.51434727901096,101459200,397.64667374216685,360.2534206059007,False,False,,,,,,False
2023-02-02,400.63616943359375,402.106904238457,396.8872404540885,398.7905270630348,101654500,402.106904238457,360.2534206059007,False,False,,,,,,False
2023-02-03,396.3777770996094,400.81881836953994,395.16657335854075,395.647206038585,94736800,402.106904238457,360.2534206059007,False,False,,,,,,False
2023-02-06,393.9553527832031,395.35882127051354,392.2923825560251,393.91692329199503,60295300,402.106904238457,360.2534206059007,False,False,,,,,,False
2023-02-07,399.1077270507813,400.3573601589839,391.7828904374817,393.03252354568434,90990700,402.106904238457,360.2534206059007,False,False,,,,,,False
2023-02-08,394.7435607910156,398.47327457670247,394.0514486520687,397.12750912194093,76227500,402.106904238457,360.2534206059007,False,False,,,,,,False
2023-02-09,391.3215026855469,398.51177797014213,390.091084227083,398.3579719958979,78694900,402.106904238457,360.2534206059007,False,False,,,,,,False
2023-02-10,392.2347717285156,392.6192720505302,389.32213851940145,390.139190702872,70769700,402.106904238457,360.2534206059007,False,False,,,,,,False
2023-02-13,396.8391723632813,396.9737635969899,392.42696780662374,392.8883857479932,64913500,402.106904238457,360.2534206059007,False,False,,,,,,False
2023-02-14,396.6565246582031,398.9731481995332,392.6864943036978,395.3107297793623,88389300,402.106904238457,360.2534206059007,False,False,,,,,,False
2023-02-15,397.9446105957031,398.0214989103763,393.6092948018598,394.45521294070613,61555700,402.106904238457,360.2534206059007,False,False,,,,,,False
2023-02-16,392.4654235839844,396.9160869350225,392.3308616868133,392.9556783094092,76431500,402.106904238457,360.2534206059007,False,False,,,,,,False
2023-02-17,391.4849548339844,391.7252711831512,388.399271789129,390.3314246237872,89257800,402.106904238457,360.2534206059007,False,False,,,,,,False
2023-02-21,383.6313781738281,388.5050004519839,383.37184709473024,387.4476027187317,82655900,402.106904238457,360.2534206059007,False,False,short,symmetric_triangle,down,,,True
2023-02-22,383.1027221679687,385.59239604305503,381.6415799797693,384.0447434887899,83742300,402.106904238457,360.2534206059007,False,False,,,,,,False
2023-02-23,385.1405334472656,386.6208901264533,380.90135023106023,386.0056662936268,96242400,402.106904238457,360.2534206059007,False,False,,,,,,False
2023-02-24,381.0263671875,381.8626633550395,378.39250949469886,380.1035606580243,108194400,402.106904238457,360.2534206059007,False,False,,,,,,False
2023-02-27,382.3240356445313,385.7461375626413,381.3819851456519,384.3811280100192,80444700,402.106904238457,360.2534206059007,False,False,,,,,,False
2023-02-28,380.9110107421875,383.8140214908837,380.8052563009639,381.8434392898417,96438600,402.106904238457,360.2534206059007,False,False,,,,,,False
2023-03-01,379.4498596191406,381.32433871048954,378.142552876725,380.0939202853675,99706800,402.106904238457,360.2534206059007,False,False,,,,,,False
2023-03-02,382.40093994140625,383.2468580842527,377.1331956289913,377.4696443451899,85127800,402.106904238457,360.2534206059007,False,False,,,,,,False
2023-03-03,388.5337829589844,388.7837212979694,383.5736510140776,384.22730430859224,90120000,402.106904238457,360.2534206059007,False,False,,,,,,False
2023-03-06,388.802978515625,391.66755968109305,388.3608046899115,389.3604994840909,72795900,402.106904238457,360.2534206059007,False,False,,,,,,False
2023-03-07,382.8431396484375,388.9952613450141,382.2279450800741,388.75494500797566,108310600,402.106904238457,360.2534206059007,False,False,,,,,,False
2023-03-08,383.4679870605469,384.2273655669412,381.228222362903,382.95851759749536,74746600,402.106904238457,361.8395266438076,False,False,,,,,,False
2023-03-09,376.3930358886719,385.9288005055939,375.4029338100162,384.2561789471598,111945300,402.106904238457,361.8395266438076,False,False,,,,,,False
2023-03-10,370.9619445800781,377.9311189281999,369.4335360708871,375.8451600432832,189253000,402.106904238457,361.8395266438076,False,False,,,,,,False
2023-03-13,370.4331970214844,375.2683898395796,365.9056454879313,367.0207168016272,157790000,402.106904238457,363.1948883409904,False,False,,,,,,False
2023-03-14,376.5564880371094,378.20986562096294,372.05774388118834,375.3741210898015,149752400,402.106904238457,363.1948883409904,False,False,,,,,,False
2023-03-15,374.201416015625,374.4032735477043,368.8471603783562,370.94274137008466,172996900,402.106904238457,363.1948883409904,False,False,,,,,,False
2023-03-16,380.7668151855469,381.1128859764341,371.327211458966,371.8366809364042,143254200,402.106904238457,364.08886516079207,False,False,,,,,,False
2023-03-17,376.3146362304687,380.5699990998706,374.925128785462,379.43138394137793,140553400,402.106904238457,364.08886516079207,False,False,,,,,,False
2023-03-20,379.9331359863281,380.3480800216105,376.3918443963073,377.09622742972954,93055800,402.106904238457,364.7136674038187,False,False,,,,,,False
2023-03-21,384.9218444824219,385.4043115062477,381.7085976131698,383.31039166596554,91524200,402.106904238457,365.9056454879313,False,False,,,,,,False
2023-03-22,378.3602600097656,388.376279731483,378.3216838515816,384.7481478831017,111746600,402.106904238457,365.9056454879313,False,False,,,,,,False
2023-03-23,379.3831176757813,385.28850910550153,376.6619967001418,381.23577448444496,119351300,402.106904238457,365.9056454879313,False,False,,,,,,False
2023-03-24,381.8726501464844,381.9594906772583,375.745313041757,378.0997544786835,107682400,402.106904238457,365.9056454879313,False,False,,,,,,False
2023-03-27,382.586669921875,384.93148190774815,381.6892883746926,384.1595170439499,74010400,402.106904238457,365.9056454879313,False,False,,,,,,False
2023-03-28,381.7279052734375,382.5866812409754,379.8848777563681,381.8919275667265,62871700,402.106904238457,365.9056454879313,False,False,,,,,,False
2023-03-29,387.27630615234375,387.5175396768628,384.69991915360174,385.9060867761969,77497900,402.106904238457,365.9056454879313,False,False,,,,,,False
2023-03-30,389.54388427734375,390.1710855147399,387.67190988130295,389.92019324080144,69840000,402.106904238457,365.9056454879313,False,False,,,,,,False
2023-03-31,395.0343627929687,395.3334899911043,390.3640561017006,390.4702141593181,112062600,402.106904238457,365.9056454879313,False,False,,,,,,False
2023-04-03,396.5396423339844,396.9448981267397,394.1176485509198,394.51327502786114,67391100,402.106904238457,365.9056454879313,False,False,,,,,,False
2023-04-04,394.3396301269531,397.4756659402077,392.95975198905785,397.1861680428209,66601500,402.106904238457,365.9056454879313,False,False,,,,,,False
2023-04-05,393.30712890625,394.3685622621739,391.6474411444736,393.60625610917623,65200200,402.106904238457,365.9056454879313,False,False,,,,,,False
2023-04-06,394.84136962890625,395.1212087510691,391.45444166145506,392.5062162511944,63743300,402.106904238457,365.9056454879313,False,False,,,,,,False
2023-04-10,395.24658203125,395.3237932379976,391.7342377578668,392.3517801746106,63681000,402.106904238457,365.9056454879313,False,False,,,,,,False
2023-04-11,395.3527221679687,396.7615174290919,394.5807868201482,395.87379472384293,59297900,402.106904238457,365.9056454879313,False,False,,,,,,False
2023-04-12,393.7413024902344,397.7168552613543,393.1527068916333,397.4273573961428,86420400,402.106904238457,365.9056454879313,False,False,,,,,,False
2023-04-13,398.9712219238281,399.3282427562327,393.6833735359973,394.831647235996,85814800,402.106904238457,365.9056454879313,False,False,,,,,,False
2023-04-14,397.9967041015625,400.5344854544586,395.6808681891024,398.33443692050383,78161500,402.106904238457,365.9056454879313,False,False,,,,,,False
2023-04-17,399.4248352050781,399.44412328655056,396.6747670514419,397.90988155708993,66436400,400.81881836953994,365.9056454879313,False,False,,,,,,False
2023-04-18,399.685302734375,401.14236249332856,398.30545418576855,401.0072575989454,63560000,401.14236249332856,365.9056454879313,False,False,,,,,,False
2023-04-19,399.6178588867187,400.5248699320839,397.7072785927563,397.7651722882593,55227300,401.14236249332856,365.9056454879313,False,False,,,,,,False
2023-04-20,397.43707275390625,399.193259931611,395.8835134974897,396.7905539322404,75840400,401.14236249332856,365.9056454879313,False,False,,,,,,False
2023-04-21,397.7457885742187,398.2089380268862,395.7869738207864,397.7361298114724,73457400,401.14236249332856,365.9056454879313,False,False,,,,,,False
2023-04-24,398.1606750488281,398.5852483154843,396.2018604334376,397.54310322553,64332100,401.14236249332856,365.9056454879313,False,False,,,,,,False
2023-04-25,391.84039306640625,396.7422743683408,391.7824993811231,396.182596147338,97766700,401.14236249332856,365.9056454879313,False,False,,,,,,False
2023-04-26,390.1807556152344,393.53873703125976,389.6211067696234,392.4580155035605,80447000,401.14236249332856,365.9056454879313,False,False,,,,,,False
2023-04-27,397.9484558105469,398.2186361671352,392.4772667803199,392.7281590569557,92968400,401.14236249332856,365.9056454879313,False,False,,,,,,False
2023-04-28,401.3450317382813,401.354690502432,397.0028283035074,397.0607219935082,89433100,401.354690502432,365.9056454879313,False,False,,,,,,False
2023-05-01,400.9397277832031,402.9757243479049,400.7081236035476,400.90112217868585,62122300,402.9757243479049,365.9056454879313,False,False,,,,,,False
2023-05-02,396.4334411621094,400.2738886970066,393.5193513762233,400.2256243333907,103998500,402.9757243479049,365.9056454879313,False,False,,,,,,False
2023-05-03,393.7123107910156,399.3571798738377,393.4710773212151,396.9351864138577,91531800,402.9757243479049,365.9056454879313,False,False,,,,,,False
2023-05-04,390.9237365722656,392.9886801275643,389.5824641073576,392.6606060841038,94901900,402.9757243479049,365.9056454879313,False,False,,,,,,False
2023-05-05,398.1606750488281,399.2124494534029,394.3105982576162,394.5711198063821,87891800,402.9757243479049,365.9056454879313,False,False,,,,,,False
2023-05-08,398.2669067382813,398.74937380733377,396.8581111419347,398.4888521911285,50046800,402.9757243479049,365.9056454879313,False,False,,,,,,False
2023-05-09,396.5203552246094,397.63968229335507,396.2887804681279,396.71335381997807,49220100,402.9757243479049,365.9056454879313,False,False,,,,,,False
2023-05-10,398.373046875,400.00378785079255,394.5325985771212,399.36692781461454,96142900,402.9757243479049,365.9056454879313,False,False,,,,,,False
2023-05-11,397.67828369140625,397.9677521339432,395.5940225627873,397.5046026258841,70157100,402.9757243479049,365.9056454879313,False,False,,,,,,False
2023-05-12,397.15716552734375,399.13529781612647,394.72554254638,398.9230111667802,70481500,402.9757243479049,365.9056454879313,False,False,,,,,,False
2023-05-15,398.52740478515625,398.9326605786748,395.8448894159821,397.7650986721773,54289400,402.9757243479049,365.9056454879313,False,False,,,,,,False
2023-05-16,395.8642578125,398.3441457880626,395.8545990472592,397.41778774860063,57705500,402.9757243479049,365.9056454879313,False,False,,,,,,False
2023-05-17,400.6695861816406,401.2774699124527,396.240542315304,397.8905713366958,87287000,402.9757243479049,365.9056454879313,False,False,,,,,,False
2023-05-18,404.5293273925781,404.95390074612783,400.1292303171092,400.3511463104752,97177200,404.95390074612783,365.9056454879313,False,False,,,,,,False
2023-05-19,403.940673828125,405.9670411550364,402.7152182265757,405.4363392242152,103793300,405.9670411550364,365.9056454879313,False,False,,,,,,False
2023-05-22,404.104736328125,405.6486366872359,402.7152289496702,403.960002111088,60745400,405.9670411550364,365.9056454879313,False,False,,,,,,False
2023-05-23,399.5695495605469,404.0371990614997,399.1739230541448,402.4546930358912,86383500,405.9670411550364,368.8471603783562,False,False,,,,,,False
2023-05-24,396.67474365234375,398.3440901959979,395.5071816719006,397.9581224571478,89213700,405.9670411550364,368.8471603783562,False,False,,desc_triangle_upper_test,,,,True
2023-05-25,400.10986328125,401.5669229937081,397.94842061968114,400.1967038045329,90961600,405.9670411550364,371.327211458966,False,False,,,,,,False
2023-05-26,405.2915954589844,406.015296007875,400.6888705691221,400.7660523374588,93830000,406.015296007875,374.925128785462,False,False,,,,,,False
2023-05-30,405.4459533691406,407.76178903576425,404.0564460796768,407.23108712480087,72216000,407.76178903576425,375.745313041757,False,False,,,,,,False
2023-05-31,403.19769287109375,404.5196477889496,401.6248456806696,403.6126074392259,110811800,407.76178903576425,375.745313041757,False,False,,,,,,False
2023-06-01,407.0284729003906,408.0899062054044,402.1748559873019,403.4292584266687,88865000,408.0899062054044,375.745313041757,False,False,,,,,,False
2023-06-02,412.91455078125,413.70577424390825,409.0837618038505,409.61446369986544,91426200,413.70577424390825,375.745313041757,False,False,long,,,multiple_bottom,,True
2023-06-05,412.1233520507813,414.5549753347994,411.4189395702847,413.2619671994321,65460200,414.5549753347994,375.745313041757,False,False,,,,,,False
2023-06-06,413.0207214355469,413.5514233855983,411.0522477225799,411.70842525853584,64022200,414.5549753347994,379.8848777563681,False,False,,,,,,False
2023-06-07,411.5925598144531,414.5549140739441,411.16798652558714,413.416299093552,85373300,414.5549753347994,379.8848777563681,False,False,,,,,,False
2023-06-08,414.0821228027344,414.53564295041497,410.88819369048633,411.6601290941159,61952800,414.5549753347994,384.69991915360174,False,False,,,,,,False
2023-06-09,414.8251647949219,416.84187353554825,413.8312838471978,414.88305848527847,85742800,416.84187353554825,387.67190988130295,False,False,,,,,,False
2023-06-12,418.5884094238281,418.6656206439917,415.0857233045333,415.8094238944413,76104300,418.6656206439917,389.5824641073576,False,False,,,,,,False
2023-06-13,421.34808349609375,421.9945727847897,419.389268656212,420.0550754712533,95899700,421.9945727847897,389.5824641073576,False,False,,,,,,False
2023-06-14,421.849853515625,423.6639342094121,418.38574387055274,421.6858312205728,100612100,423.6639342094121,389.5824641073576,False,False,,,,,,False
2023-06-15,427.0798950195313,428.33429773641217,420.93326870139447,421.02973856618866,110303100,428.33429773641217,389.5824641073576,False,False,,,,,,False
2023-06-16,425.62506103515625,429.6444062311506,425.1504965071728,429.072983957888,114165800,429.6444062311506,389.5824641073576,False,False,,,,,,False
2023-06-20,423.4168701171875,424.56940938616935,421.3345614533151,423.67838900347647,76160400,429.6444062311506,389.5824641073576,False,False,,,,,,False
2023-06-21,421.2473754882813,423.2328262923549,420.65656392245774,422.4289690630937,76982300,429.6444062311506,389.5824641073576,False,False,,,,,,False
2023-06-22,422.7679748535156,422.8744976898845,419.9495827719529,420.28857012220664,70637200,429.6444062311506,389.5824641073576,False,False,,,,,,False
2023-06-23,419.57183837890625,421.36360329009193,418.8551442371661,419.3006544152612,92074500,429.6444062311506,389.5824641073576,False,False,,,,,,False
2023-06-26,417.8575439453125,420.92773045025166,417.6154143667033,419.0003884627084,72823600,429.6444062311506,389.5824641073576,False,False,,,,,,False
2023-06-27,422.4386901855469,423.0585266017534,418.2837379082009,418.7389427456429,72813700,429.6444062311506,389.5824641073576,False,False,,,,,,False
2023-06-28,422.6517639160156,423.6686964256791,420.73408682017543,421.35392323417744,75636000,429.6444062311506,389.5824641073576,False,False,,,,,,False
2023-06-29,424.3175659179687,424.4822270447214,421.8284961877175,422.23525734843753,67882300,429.6444062311506,389.5824641073576,False,False,,,,,,False
2023-06-30,429.3248291015625,430.3127072151387,427.2231311982605,427.542758817571,104964000,430.3127072151387,389.5824641073576,False,False,,,,,,False
2023-07-03,429.81878662109375,430.09963567460966,428.6953017365227,428.9761803468744,32793400,430.3127072151387,389.5824641073576,False,False,,,,,,False
2023-07-05,429.1795654296875,429.91564887549146,427.98827715137367,427.9979717936088,58418400,430.3127072151387,389.5824641073576,False,False,,,,,,False
2023-07-06,425.8188171386719,426.2449676130774,423.30066330541297,425.5863821733005,80658300,430.3127072151387,389.5824641073576,False,False,,,,,,False
2023-07-07,424.74371337890625,428.7049794666193,424.5015837898049,424.82121139924607,86134200,430.3127072151387,389.5824641073576,False,False,,,,,,False
2023-07-10,425.8188171386719,425.9931433627005,423.8139768918328,424.3853992195954,62443500,430.3127072151387,389.5824641073576,False,False,,,,,,False
2023-07-11,428.5306091308594,429.0245629340207,425.6056944344112,426.5839073993123,64463800,430.3127072151387,389.5824641073576,False,False,,,,,,False
2023-07-12,431.97857666015625,433.3926348395561,430.90353539722554,432.3369533046365,91924500,433.3926348395561,389.5824641073576,False,False,,,,,,False
2023-07-13,435.4071044921875,436.20129662814134,433.3635449730267,433.7993604938544,72425200,436.20129662814134,389.5824641073576,False,False,,,,,,False
2023-07-14,435.1359558105469,437.15046112495,434.3708179806255,436.29818974063414,69815800,437.15046112495,389.5824641073576,False,False,,,,,,False
2023-07-17,436.6467895507813,437.70247095755104,434.9421878739544,434.99063152335657,52680200,437.70247095755104,389.5824641073576,False,False,,,,,,False
2023-07-18,439.8913879394531,440.5402787355079,435.88170745330945,436.31755256939874,80668200,440.5402787355079,394.3105982576162,False,False,,,,,,False
2023-07-19,440.8695983886719,442.0608571337114,439.8138872965887,440.6855775235812,65891700,442.0608571337114,394.5325985771212,False,False,,,,,,False
2023-07-20,437.9446105957031,440.7726971193373,437.2279164909502,439.87198216766114,70591600,442.0608571337114,394.5325985771212,False,False,,,,,,False
2023-07-21,437.9446105957031,439.87198216766114,437.9349455110671,439.66857203779847,71275600,442.0608571337114,394.5325985771212,False,False,,,,,,False
2023-07-24,439.9010925292969,440.7146444818016,438.06088382582936,439.0972056626584,54023400,442.0608571337114,394.72554254638,False,False,,,,,,False
2023-07-25,441.10198974609375,442.36105174998073,439.58140887722743,439.6298525277362,55191200,442.36105174998073,394.72554254638,False,False,,,,,,False
2023-07-26,441.16986083984375,442.6032492691783,439.1069117550979,440.162593348024,71052900,442.6032492691783,395.5071816719006,False,False,,,,,,False
2023-07-27,438.2449035644531,444.97611860827,437.3344938577742,444.5693278546494,92194400,444.97611860827,395.5071816719006,False,False,,,,,,False
2023-07-28,442.535400390625,443.3683119521668,438.2448418026871,441.5281330696249,80011800,444.97611860827,395.5071816719006,False,False,long,,,multiple_bottom,,True
2023-07-31,443.3780212402344,443.7363682986347,441.6927792220216,443.0099795402013,62040400,444.97611860827,395.5071816719006,False,False,,,,,,False
2023-08-01,442.1093444824219,442.8550931020768,441.1504910493345,441.9059343123745,55291500,444.97611860827,395.5071816719006,False,False,,,,,,False
2023-08-02,435.9591979980469,439.24246004875226,435.2037548181366,438.9809707176882,93933400,444.97611860827,395.5071816719006,False,False,,,,,,False
2023-08-03,434.7098083496094,436.5984311098676,433.286085075972,433.9350054287447,64276100,444.97611860827,395.5071816719006,False,False,,,,,,False
2023-08-04,432.74365234375,438.641925149683,432.2206441941938,436.5305623830598,100128900,444.97611860827,395.5071816719006,False,False,,,,,,False
2023-08-07,436.5208740234375,436.6758404980112,433.88650306935034,434.5838374265156,58357500,444.97611860827,397.94842061968114,False,False,,,,,,False
2023-08-08,434.62261962890625,436.5112422778829,431.2521650523819,433.9736993143693,71361300,444.97611860827,400.6888705691221,False,False,,,,,,False
2023-08-09,431.7170715332031,435.05847179517355,430.95193373062347,434.89381066417457,78789600,444.97611860827,401.6248456806696,False,False,,,,,,False
2023-08-10,431.8720397949219,437.4797695614428,430.7001408163222,434.08026054677345,93005500,444.97611860827,401.6248456806696,False,False,long,,,,channel_up,True
2023-08-11,431.6202087402344,432.6371707700478,429.3926282961702,429.9931049607352,68690900,444.97611860827,402.1748559873019,False,False,,,,,,False
2023-08-14,434.0028076171875,434.0028076171875,430.3902525554547,430.70018556678906,47867400,444.97611860827,409.0837618038505,False,False,,,,,,False
2023-08-15,428.9471130371094,432.57905690734094,428.3756611915116,432.22068028440344,75707500,444.97611860827,410.88819369048633,False,False,,,,,,False
2023-08-16,425.7994384765625,430.19649067911223,425.6928860842807,428.5306378687395,80107200,444.97611860827,410.88819369048633,False,False,,,,,,False
2023-08-17,422.5549011230469,427.5330703308015,422.0318929109953,427.2715810031936,95711300,444.97611860827,410.88819369048633,False,False,,,,,,False
2023-08-18,422.7582702636719,423.79459201752337,419.3781505964978,419.7268030238674,98852000,444.97611860827,410.88819369048633,False,False,,,,,,False
2023-08-21,425.5088806152344,426.25462916083586,421.6154471933943,423.77522436133023,68719000,444.97611860827,413.8312838471978,False,False,,,,,,False
2023-08-22,424.3563232421875,427.29093275792906,423.7945955855288,427.29093275792906,64994200,444.97611860827,415.0857233045333,False,False,,,,,,False
2023-08-23,429.0827026367187,429.7025685957629,425.2764324443773,425.42170429201707,68441000,444.97611860827,417.6154143667033,False,False,,,,,,False
2023-08-24,423.1360168457031,431.203762091387,423.10693291921746,430.6904485230162,88517300,444.97611860827,417.6154143667033,False,False,,,,,,False
2023-08-25,426.1189880371094,427.4071043420946,421.3054510122365,424.8695911823325,102325100,444.97611860827,417.6154143667033,False,False,,,,,,False
2023-08-28,428.8211975097656,429.4410338891343,426.1190230158921,428.31754904739176,61595400,444.97611860827,417.6154143667033,False,False,,,,,,False
2023-08-29,435.0197143554687,435.3005929585144,428.5306294576214,428.71465031235795,83081900,444.97611860827,417.6154143667033,False,False,,,,,,False
2023-08-30,436.81146240234375,437.450688048326,434.651655881381,435.35868490424787,69053900,444.97611860827,417.6154143667033,False,False,,,,,,False
2023-08-31,436.1722412109375,438.5741477826128,435.9882203614193,437.43130323274573,66084600,444.97611860827,417.6154143667033,False,False,,,,,,False
2023-09-01,436.98583984375,439.38777622934856,435.5233675326761,438.90351700653866,58944100,444.97611860827,417.6154143667033,False,False,,,,,,False
2023-09-05,435.09722900390625,436.8599397169958,435.02945517404754,436.5403416261706,55166200,444.97611860827,417.6154143667033,False,False,,,,,,False
2023-09-06,432.1722412109375,434.39015641541886,429.8381085384193,434.2836040318296,70758500,444.97611860827,418.2837379082009,False,False,,,,,,False
2023-09-07,430.8453979492187,431.5233430664757,428.81150348377855,429.1601559057676,70355400,444.97611860827,419.3781505964978,False,False,,,,,,False
2023-09-08,431.4942626953125,433.03420324663375,430.5354390357885,430.8937860779607,61659700,444.97611860827,419.3781505964978,False,False,,,,,,False
2023-09-11,434.33203125,434.6419346340966,432.41435442944015,434.1286211317976,60180100,444.97611860827,419.3781505964978,False,False,,,,,,False
2023-09-12,431.9495239257813,434.4095690069945,431.3684365148808,432.8793228968955,67565400,444.97611860827,419.3781505964978,False,False,,,,,,False
2023-09-13,432.4530944824219,433.615298651593,431.0680909178332,432.1722159132188,60199300,444.97611860827,419.3781505964978,False,False,,,,,,False
2023-09-14,436.1819152832031,436.8792496860528,433.6250421773107,434.9325478772583,83430800,444.97611860827,419.3781505964978,False,False,,,,,,False
2023-09-15,430.92669677734375,434.9213639440362,430.4893439452129,434.5909096949505,111848900,444.97611860827,419.3781505964978,False,False,,,,,,False
2023-09-18,431.1794738769531,432.4818630517371,430.13949644074927,430.6157350385386,55752200,444.97611860827,419.3781505964978,False,False,,,,,,False
2023-09-19,430.2851867675781,430.8489254828746,427.5929384264587,430.2560299141037,66514600,444.97611860827,419.3781505964978,False,False,,,,,,False
2023-09-20,426.3294677734375,431.9666773901904,426.125340122441,431.5487525714544,82562600,444.97611860827,419.3781505964978,False,False,short,symmetric_triangle,down,,,True
2023-09-21,419.2829284667969,423.7343763843457,419.1274153539834,423.471964690838,104095800,444.97611860827,419.1274153539834,False,False,,,,,,False
2023-09-22,418.3401184082031,421.9168307442946,417.922163972963,420.31314452968047,100829700,444.97611860827,417.922163972963,False,False,,,,,,False
2023-09-25,420.0993347167969,420.13819074776075,416.6878345203537,417.12521698798207,70874500,444.97611860827,416.6878345203537,False,False,,,,,,False
2023-09-26,413.9275512695313,417.7569763279254,413.09167201085535,417.04745332495224,96168400,444.97611860827,413.09167201085535,False,False,,,,,,False
2023-09-27,414.0927429199219,415.667301957409,410.4382888305996,415.1035632540751,104705800,444.97611860827,410.4382888305996,False,False,,,,,,False
2023-09-28,416.4934692382813,418.1749270371919,412.9459133257919,413.5388089482658,92258300,444.97611860827,410.4382888305996,False,False,,,,,,False
2023-09-29,415.482666015625,419.73001600884464,413.9567213820376,419.5550748773884,115111300,444.97611860827,410.4382888305996,False,False,,,,,,False
2023-10-02,415.31744384765625,416.57124800501185,412.5474238232593,414.6468064840308,83798600,444.97611860827,410.4382888305996,False,False,,,,,,False
2023-10-03,409.7579040527344,415.3756848487803,408.38747270874785,413.1305182978698,103760600,444.97611860827,408.38747270874785,False,False,,,,,,False
2023-10-04,412.7417907714844,413.49016980797626,408.7568525933047,410.2244834730011,87453000,444.97611860827,408.38747270874785,False,False,,,,,,False
2023-10-05,412.5862731933594,413.4318516223271,409.34974374781166,412.4501881003292,70142700,444.97611860827,408.38747270874785,False,False,,,,,,False
2023-10-06,417.48480224609375,419.0301747224433,408.7957044273052,410.12725010221135,113273300,443.7363682986347,408.38747270874785,False,False,,,,,,False
2023-10-09,420.1576843261719,420.7311222733579,415.0258699966629,415.579850265612,80374400,443.7363682986347,408.38747270874785,False,False,,,,,,False
2023-10-10,422.3444519042969,424.94922940579903,420.3908539476259,420.7893506764591,78607300,442.8550931020768,408.38747270874785,False,False,,,,,,False
2023-10-11,424.0745239257813,424.32720675947064,421.02263495712657,423.4136154975306,62451700,439.38777622934856,408.38747270874785,False,False,,,,,,False
2023-10-12,421.48919677734375,425.06590928014145,419.1274026242267,424.6868701788091,81154200,439.38777622934856,408.38747270874785,False,False,,,,,,False
2023-10-13,419.3898315429687,424.2009202698343,417.8153020428582,422.9957010478843,95143100,439.38777622934856,408.38747270874785,False,False,,,,,,False
2023-10-16,423.8023986816406,424.8715327429623,421.4017188780287,421.6447025437339,75433200,439.38777622934856,408.38747270874785,False,False,,,,,,False
2023-10-17,423.7829284667969,425.8434548063301,420.313144365616,420.6630265965554,75324700,439.38777622934856,408.38747270874785,False,False,,,,,,False
2023-10-18,418.135986328125,422.96650259633606,417.0474242949097,422.004296810028,93559800,439.38777622934856,408.38747270874785,False,False,,,,,,False
2023-10-19,414.4621276855469,420.6728049658076,413.7817911582514,418.8552917318818,121323000,439.38777622934856,408.38747270874785,False,False,,,,,,False
2023-10-20,409.3691711425781,414.5690276242347,409.2622429037748,414.02474657512494,123919900,439.38777622934856,408.38747270874785,False,True,long,,,,,True
2023-10-23,408.6596984863281,412.537738515308,406.07434835404024,407.8335479725251,92035100,439.38777622934856,406.07434835404024,False,False,,,,,,False
2023-10-24,411.74066162109375,412.8972661743781,408.93175637423457,410.78815502983304,78564200,439.38777622934856,406.07434835404024,False,False,,,,,,False
2023-10-25,405.8312683105469,410.0786473016962,405.316144174292,410.0494904510059,94223200,439.38777622934856,405.316144174292,False,False,,,,,,False
2023-10-26,400.9715881347656,405.61743411350494,400.04826810570256,404.7621566218401,115156800,439.38777622934856,400.04826810570256,False,False,,,,,,False
2023-10-27,399.1541442871094,402.9641414460812,397.7253990601317,402.5656446509548,107367700,439.38777622934856,397.7253990601317,False,False,,,,,,False
2023-10-30,403.9263610839844,404.9857664071122,400.650945706927,401.95333471869225,86562700,439.38777622934856,397.7253990601317,False,False,,,,,,False
2023-10-31,406.4630737304687,406.7837991071731,402.58503439104294,404.4997467967024,79665200,439.38777622934856,397.7253990601317,False,False,,,,,,False
2023-11-01,410.7978820800781,411.6143035857107,406.9004148379302,407.43499666521507,98068100,439.38777622934856,397.7253990601317,False,False,,,,,,False
2023-11-02,418.6706237792969,418.8261368991399,414.5884859514256,414.6079139684955,94938900,439.38777622934856,397.7253990601317,False,False,,,,,,False
2023-11-03,422.49029541015625,424.0453968560964,420.8574522394109,420.9838084956757,100167800,439.38777622934856,397.7253990601317,False,False,,,,,,False
2023-11-06,423.4622192382813,423.909300881896,421.5086210577569,423.2483924241886,67831700,439.38777622934856,397.7253990601317,False,False,,,,,,False
2023-11-07,424.6673583984375,425.3088387646738,422.3152933833265,423.462169040648,64256100,439.38777622934856,397.7253990601317,False,False,,,,,,False
2023-11-08,424.9784240722656,425.7948456157836,422.66521486841896,425.2699926017036,61746000,439.38777622934856,397.7253990601317,False,False,,,,,,False
2023-11-09,421.66412353515625,426.1641856948334,421.2364699177512,426.12530000386255,83174400,439.38777622934856,397.7253990601317,False,False,,,,,,False
2023-11-10,428.244140625,428.555166852525,421.6544244424177,423.74410780896307,89462200,439.38777622934856,397.7253990601317,False,False,,,,,,False
2023-11-13,427.8359680175781,428.9439582296362,426.1156541557348,426.90291894514576,52236100,436.8792496860528,397.7253990601317,False,False,,,,,,False
2023-11-14,436.1362609863281,437.4289210638544,433.57033918584983,433.79389484093616,97176900,437.4289210638544,397.7253990601317,False,False,,,,,,False
2023-11-15,437.0595703125,438.71187109713105,436.2042630668601,437.4774950971813,77327600,438.71187109713105,397.7253990601317,False,False,,,,,,False
2023-11-16,437.5941162109375,437.9148415711499,435.5433188253415,436.6124527945321,66665800,438.71187109713105,397.7253990601317,False,False,,,,,,False
2023-11-17,438.1383972167969,438.7507207474031,436.6804953481496,437.6038154016392,83133200,438.7507207474031,397.7253990601317,False,False,,,,,,False
2023-11-20,441.5110778808594,442.3566563462381,437.87602183807985,437.8857506768845,69936200,442.3566563462381,397.7253990601317,False,False,,,,,,False
2023-11-21,440.548828125,441.3847073857101,439.2755960485925,440.4613575618605,49244600,442.3566563462381,397.7253990601317,False,False,,,,,,False
2023-11-22,442.2497253417969,443.57157198394486,441.1514640241976,442.2108693090085,59394900,443.57157198394486,397.7253990601317,False,False,,,,,,False
2023-11-24,442.5218505859375,442.71624938753706,441.9678703574549,442.2983245913,29737400,443.57157198394486,397.7253990601317,False,False,,,,,,False
2023-11-27,441.7249450683594,442.70657906122847,441.3361474137733,441.8901573765715,50506000,443.57157198394486,397.7253990601317,False,False,,,,,,False
2023-11-28,442.1622619628906,443.4646509487185,440.7724024102266,441.33611150575734,62115000,443.57157198394486,397.7253990601317,False,False,,,,,,False
2023-11-29,441.8511962890625,445.4570951907533,441.45272918496346,444.3199186012006,63146000,445.4570951907533,397.7253990601317,False,False,,,,,,False
2023-11-30,443.5909729003906,443.9408848017652,440.6168552136203,442.6968096233847,79752700,445.4570951907533,397.7253990601317,False,False,,,,,,False
2023-12-01,446.2152099609375,446.7497621614447,442.385785013724,442.97865092115586,89183400,446.7497621614447,397.7253990601317,False,False,,,,,,False
2023-12-04,443.8728332519531,446.2346273092226,441.5887809150275,442.8134280533559,72430900,446.7497621614447,397.7253990601317,False,False,,,,,,False
2023-12-05,443.785400390625,444.7476062747075,442.1039426420814,442.48301142132226,69793500,446.7497621614447,397.7253990601317,False,False,,,,,,False
2023-12-06,441.9970397949219,445.9625203750499,441.5596573094173,445.9333635200893,69124700,446.7497621614447,397.7253990601317,False,False,,,,,,False
2023-12-07,445.3695983886719,446.02077795454375,443.4840429089197,444.0866376096692,66995400,446.7497621614447,397.7253990601317,False,False,,,,,,False
2023-12-08,447.2843933105469,447.81894556995786,444.37828817680423,444.6212718694629,83194400,447.81894556995786,397.7253990601317,False,False,,,,,,False
2023-12-11,449.0241088867187,449.1990796776143,446.5748440862102,446.78867090966605,65002200,449.1990796776143,397.7253990601317,False,False,,,,,,False
2023-12-12,451.0748596191406,451.1720590126142,447.673088475197,448.67417993968536,68327600,451.1720590126142,397.7253990601317,False,False,,,,,,False
2023-12-13,457.2952575683594,457.5479700715299,451.0943096912645,451.45392076972,93278000,457.5479700715299,397.7253990601317,False,False,,,,,,False
2023-12-14,458.7629699707031,460.4346990697423,456.08042034033616,459.2392085472751,119026000,460.4346990697423,397.7253990601317,False,False,,,,,,False
2023-12-15,458.0074768066406,459.34445079528814,456.1533199545878,458.16362040636614,141553700,460.4346990697423,397.7253990601317,False,False,,,,,,False
2023-12-18,460.5838928222656,461.5695364615582,458.5540851861991,459.61778575015273,70375300,461.5695364615582,397.7253990601317,False,False,,,,,,False
2023-12-19,463.3845825195313,463.46266921411814,461.052256247002,461.1303131602408,55761800,463.46266921411814,397.7253990601317,False,False,,,,,,False
2023-12-20,456.9633483886719,464.4190197192671,456.5339609015259,462.52581937540066,102921000,464.4190197192671,397.7253990601317,False,False,,,,,,False
2023-12-21,461.2962646484375,461.5695085402511,457.5293705169891,459.9592904756651,86667500,464.4190197192671,397.7253990601317,False,False,,,,,,False
2023-12-22,462.2232971191406,463.9115719897357,460.320358287861,462.4282225788341,67160400,464.4190197192671,397.7253990601317,False,False,,,,,,False
2023-12-26,464.175048828125,465.0826056476979,462.5550923668575,462.6331790630877,55387000,465.0826056476979,397.7253990601317,False,False,,,,,,False
2023-12-27,465.0143432617187,465.1607185987264,463.4334300593357,463.9701495554804,68000300,465.1607185987264,397.7253990601317,False,False,,,,,,False
2023-12-28,465.19000244140625,466.0292409103148,464.770383206952,465.3754211322304,77158100,466.0292409103148,397.7253990601317,False,False,,,,,,False
2023-12-29,463.84326171875,465.5217683364712,461.8817429403466,464.9947873638026,122283100,466.0292409103148,397.7253990601317,False,False,,,,,,False
2024-01-02,461.2474365234375,462.2428483505155,459.1395423842335,460.7692671751978,123623700,466.0292409103148,397.7253990601317,False,False,,,,,,False
2024-01-03,457.4805908203125,459.82268558708614,456.8755528985423,459.08101082809,103585900,466.0292409103148,397.7253990601317,False,False,,,,,,False
2024-01-04,456.0070190429687,459.5982330785936,455.7825569977354,457.0024011496204,84232200,466.0292409103148,397.7253990601317,False,False,,,,,,False
2024-01-05,456.631591796875,459.0907868763805,455.1775173220721,456.21194277640495,86118900,466.0292409103148,397.7253990601317,False,False,,,,,,False
2024-01-08,463.1504211425781,463.29679648061466,457.0023889128876,457.1292574663028,74879100,466.0292409103148,397.7253990601317,False,False,,,,,,False
2024-01-09,462.44781494140625,463.4724721448551,459.97885150079935,460.4862959607646,65931400,466.0292409103148,397.7253990601317,False,False,,,,,,False
2024-01-10,465.0631103515625,465.9316536258223,462.4380035262674,462.7210156897323,67310600,466.0292409103148,400.650945706927,True,False,short,,,,,True
2024-01-11,464.8582458496094,466.58553456069586,460.86691909658737,466.0683217976234,77940700,466.58553456069586,402.58503439104294,False,False,,,,,,False
2024-01-12,465.18023681640625,467.0539305202065,463.7652354820875,466.31225575267183,58026400,467.0539305202065,406.9004148379302,False,False,,,,,,False
2024-01-16,463.4724426269531,465.1119059605971,461.64756060638337,463.7944981490244,85014900,467.0539305202065,414.5884859514256,False,False,,,,,,False
2024-01-17,460.8961791992187,461.3841168761338,458.53454773915473,460.43751659166446,68843900,467.0539305202065,420.8574522394109,False,False,,,,,,False
2024-01-18,464.9948120117187,465.5510680800572,461.02302217587135,462.5746603285912,91856200,467.0539305202065,421.2364699177512,False,False,,,,,,False
2024-01-19,470.79150390625,471.07451607606174,465.04361399672933,466.1268212618448,110834500,471.07451607606174,421.2364699177512,False,False,,,,,,False
2024-01-22,471.7868957519531,473.5141842020312,471.1330462386604,472.333383502758,75844900,473.5141842020312,421.2364699177512,False,False,,,,,,False
2024-01-23,473.1628723144531,473.4068411336017,471.2404266096584,472.333402154428,49945300,473.5141842020312,421.2364699177512,False,False,,,,,,False
2024-01-24,473.6801452636719,476.97857889434994,473.1824393105692,476.0417469073494,81765000,476.97857889434994,421.6544244424177,False,False,,,,,,False
2024-01-25,476.25640869140625,476.529652576822,473.6801134548218,475.817252905647,72525000,476.97857889434994,426.1156541557348,False,False,,,,,,False
2024-01-26,475.6513671875,477.3201055543282,474.8023604707163,475.8270175879346,76641600,477.3201055543282,433.57033918584983,False,False,,,,,,False
2024-01-29,479.4182739257813,479.5646790538066,475.4172088037404,475.963696618888,61322800,479.5646790538066,435.5433188253415,False,False,,,,,,False
2024-01-30,479.0474548339844,479.75982476451486,478.2862434868122,478.7253992976651,58618400,479.75982476451486,435.5433188253415,False,False,long,,,multiple_bottom,,True
2024-01-31,471.2306518554687,477.2810606184533,471.2111152901411,476.8321663361625,126011100,479.75982476451486,436.6804953481496,False,False,,,,,,False
2024-02-01,477.3982238769531,477.4274989456315,472.128473264039,472.9384664663924,91891600,479.75982476451486,437.87602183807985,False,False,,,,,,False
2024-02-02,482.4239807128906,484.0829509235499,477.4957923727111,477.8373546982843,99228200,484.0829509235499,439.2755960485925,False,False,,,,,,False
2024-02-05,480.6673889160156,482.453257473618,478.4033807510974,481.78966938702735,75757100,484.0829509235499,440.6168552136203,False,False,,,,,,False
2024-02-06,482.0628662109375,482.3946602218278,480.1794043465866,481.6139421538367,55918600,484.0829509235499,440.6168552136203,False,False,,,,,,False
2024-02-07,486.08349609375,486.5031153279947,483.4095775027874,484.3171641716027,70556500,486.5031153279947,440.6168552136203,False,False,,,,,,False
2024-02-08,486.2981872558594,486.67876313703624,485.26376181906494,486.08349349833503,52343600,486.67876313703624,440.6168552136203,False,False,,,,,,False
2024-02-09,489.1087036132813,489.5478296216965,486.46406015452993,486.805622459753,63979400,489.5478296216965,440.6168552136203,False,False,,,,,,False
2024-02-12,488.8940124511719,491.3532074553824,488.171844486811,489.0794311383801,56502300,491.3532074553824,440.6168552136203,False,False,,,,,,False
2024-02-13,482.1604614257813,485.097855647228,478.8815346699486,482.59961722906473,113099200,491.3532074553824,441.5596573094173,False,False,,,,,,False
2024-02-14,486.5421142578125,487.0300518664836,482.4727014977024,484.80505756219736,68387800,491.3532074553824,441.5596573094173,False,False,,,,,,False
2024-02-15,489.8991394042969,490.08455808264773,486.76655843722136,487.24475755676514,61683000,491.3532074553824,441.5596573094173,False,False,,,,,,False
2024-02-16,487.4595031738281,490.7384300384019,486.7178283814998,489.5966725621618,75532900,491.3532074553824,441.5596573094173,False,False,,,,,,False
2024-02-20,484.77581787109375,486.3860061409344,482.5215483370468,485.7126498093255,71736700,491.3532074553824,443.4840429089197,False,False,,,,,,False
2024-02-21,485.2149353027344,485.3710789199038,481.6529965187708,483.4681400096849,59293400,491.3532074553824,444.37828817680423,False,False,,,,,,False
2024-02-22,495.2566833496094,496.2227903053238,490.8847515615135,491.8508882985767,76402500,496.2227903053238,446.5748440862102,False,False,,,,,,False
2024-02-23,495.5982971191406,497.8232917019366,494.8663906145189,496.9840234236674,61321800,497.8232917019366,447.673088475197,False,False,,,,,,False
2024-02-26,493.7831115722656,496.4765368105967,493.65624302388784,496.03738103257336,50386700,497.8232917019366,451.0943096912645,False,False,,,,,,False
2024-02-27,494.7004089355469,494.92487095326175,492.57300814299754,494.4759766991797,48854500,497.8232917019366,455.1775173220721,False,False,,,,,,False
2024-02-28,494.046630859375,494.63213220475586,492.7779751212326,493.13904421133424,56506600,497.8232917019366,455.1775173220721,False,False,,,,,,False
2024-02-29,495.82269287109375,497.4426493891131,493.15857245054144,495.8129543697353,83924800,497.8232917019366,455.1775173220721,False,False,,,,,,False
2024-03-01,500.4776306152344,500.9070181356069,496.2911469636296,496.7010276990219,76844800,500.9070181356069,455.1775173220721,False,False,,,,,,False
2024-03-04,499.94091796875,501.79510491460894,499.64816728327304,499.6774721331723,49799300,501.79510491460894,455.1775173220721,False,False,,,,,,False
2024-03-05,494.9444580078125,498.3795583355677,492.7292316615837,497.93063422732985,72855600,501.79510491460894,455.1775173220721,False,False,,,,,,False
2024-03-06,497.4524536132813,499.71649154527415,496.1545525173592,498.2331419712469,68382400,501.79510491460894,455.1775173220721,False,False,,,,,,False
2024-03-07,502.390380859375,503.4443429029918,497.5110041646538,500.7606857208952,58652100,503.4443429029918,455.1775173220721,False,False,,,,,,False
2024-03-08,499.3749084472656,505.7180680999103,498.7991455954804,503.0247023113752,86532500,505.7180680999103,455.1775173220721,False,False,,,,,,False
2024-03-11,498.9455261230469,499.53105726392937,496.2325939589306,498.1648377894375,62557200,505.7180680999103,455.1775173220721,False,False,,,,,,False
2024-03-12,504.31292724609375,504.8984286719751,498.53570188475743,501.06324542568063,73114400,505.7180680999103,455.1775173220721,False,False,,,,,,False
2024-03-13,503.52239990234375,504.8105625736589,502.0781233751302,504.6349121497578,55104100,505.7180680999103,455.1775173220721,False,False,,,,,,False
2024-03-14,502.5269775390625,504.654378460411,499.4724832072711,504.4982050635474,110171800,505.7180680999103,455.1775173220721,False,False,,,,,,False
2024-03-15,499.0763549804687,500.9069369432788,497.4024316630392,499.4483445785383,107646300,505.7180680999103,455.1775173220721,False,False,,,,,,False
2024-03-18,502.0424499511719,504.6071826366265,501.6313255601591,503.15841876026013,88893300,505.7180680999103,455.1775173220721,False,False,,,,,,False
2024-03-19,504.8323059082031,505.1161675164121,500.33909510581594,501.3473983051708,60755300,505.7180680999103,457.0023889128876,True,False,short,,,,,True
2024-03-20,509.5016784667969,509.63873983527566,504.21561462485215,504.89106308633967,69594600,509.63873983527566,458.53454773915473,False,False,,,,,,False
2024-03-21,511.1853942871094,513.0550809055346,510.901472936943,512.350296341864,60256100,513.0550809055346,458.53454773915473,False,False,,,,,,False
2024-03-22,510.21630859375,511.5867430006875,509.9813206475284,511.0972893379752,79070800,513.0550809055346,458.53454773915473,False,False,,,,,,False
2024-03-25,508.8066711425781,509.9617745975222,508.65001251438474,508.83600729301406,48512100,513.0550809055346,458.53454773915473,False,False,,,,,,False
2024-03-26,507.866943359375,510.5785359636074,507.465617616324,510.2358825265971,65463700,513.0550809055346,458.53454773915473,False,False,,,,,,False
2024-03-27,512.1348876953125,512.1740822237578,508.5325161960011,510.7057213532242,82999800,513.0550809055346,458.53454773915473,False,False,,,,,,False
2024-03-28,512.0370483398438,513.5445440719409,511.7531867321709,512.1741097012416,96294900,513.5445440719409,461.02302217587135,False,False,,,,,,False
2024-04-01,511.1463012695313,513.319506934626,509.9813989834302,512.7811197724956,62477500,513.5445440719409,465.04361399672933,False,False,,,,,,False
2024-04-02,507.8963317871094,508.0333334121318,505.5860649599207,507.3089515099197,74230300,513.5445440719409,471.1330462386604,False,False,,,,,,False
2024-04-03,508.4542541503906,509.9618097488042,506.7509648748843,506.79989829415746,59155800,513.5445440719409,471.2111152901411,False,False,,,,,,False
2024-04-04,502.24798583984375,512.8201729462434,501.9445269605556,512.4775792833494,96858100,513.5445440719409,471.2111152901411,False,False,,,,,,False
2024-04-05,507.4949340820313,509.4625474298725,503.1681802920817,503.6087005524252,74546500,513.5445440719409,471.2111152901411,False,False,,,,,,False
2024-04-08,507.7787780761719,509.20800427742034,506.9663280162004,508.1997608032317,48401800,513.5445440719409,471.2111152901411,False,False,,,,,,False
2024-04-09,508.36614990234375,509.76598018179146,503.50094951713095,509.52125335501194,68049200,513.5445440719409,471.2111152901411,False,False,,,,,,False
2024-04-10,503.2758483886719,505.2727978988181,501.288697511792,502.6493333372583,82652800,513.5445440719409,471.2111152901411,False,False,,,,,,False
2024-04-11,507.0740356445313,508.52279948423035,501.2789205379683,504.8029632958507,70099000,513.5445440719409,471.2111152901411,False,False,,,,,,False
2024-04-12,500.0748596191406,504.94003067337457,498.3421743729088,503.5206029701081,92561100,513.5445440719409,472.128473264039,False,False,,,,,,False
2024-04-15,493.8098754882813,504.4309974299807,492.95820091205206,504.264599892726,92101400,513.5445440719409,477.4957923727111,False,False,,,,,,False
2024-04-16,492.90924072265625,495.81659688850766,491.6170757880816,494.2895037381496,73484000,513.5445440719409,478.4033807510974,False,False,,,,,,False
2024-04-17,489.9920654296875,495.5424832864925,488.5922350793865,495.3760558913513,75910300,513.5445440719409,478.8815346699486,False,False,,,,,,False
2024-04-18,488.9837951660156,493.4965736434475,488.0440524623093,491.39192878796825,74548100,513.5445440719409,478.8815346699486,False,False,,,,,,False
2024-04-19,484.7157897949219,489.9039870442403,483.44319225577453,488.9055122549044,102212600,513.5445440719409,478.8815346699486,False,False,,,,,,False
2024-04-22,489.1795959472656,491.78349315664354,484.98007493251976,487.3294466640699,67961000,513.5445440719409,478.8815346699486,False,False,,,,,,False
2024-04-23,494.9844970703125,495.4152186955436,488.99358884976584,491.19613039401867,64633600,513.5445440719409,478.8815346699486,False,False,,,,,,False
2024-04-24,494.74957275390625,496.66822281618226,492.5176651664761,495.8753102439296,55928100,513.5445440719409,478.8815346699486,False,False,,,,,,False
2024-04-25,492.87005615234375,493.6336026966789,486.9966120039557,488.6509678289955,69122400,513.5445440719409,481.6529965187708,False,False,,,,,,False
2024-04-26,497.5394592285156,499.1252843555603,495.03345880263834,495.66974260530816,64306100,513.5445440719409,481.6529965187708,False,False,,,,,,False
2024-04-29,499.3014831542969,499.976931619229,496.55075587636594,499.33084917999474,46415400,513.5445440719409,481.6529965187708,False,False,,,,,,False
2024-04-30,491.3919067382813,498.8120110716739,491.3919067382813,497.83310375268974,77483600,513.5445440719409,481.6529965187708,False,False,,,,,,False
2024-05-01,489.79632568359375,497.4709561479275,489.3264393749632,490.80459911500014,80242800,513.5445440719409,481.6529965187708,False,False,,,,,,False
2024-05-02,494.3775939941406,495.2194698771777,489.0131707855575,493.516150718059,62550200,513.5445440719409,483.44319225577453,False,False,,,,,,False
2024-05-03,500.5055847167969,501.7389877556503,497.83315669716075,500.37832197197366,72756700,513.5445440719409,483.44319225577453,False,False,,,,,,False
2024-05-06,505.6741333007813,505.7132680822078,502.47308742336617,502.9136076423856,47264700,513.5445440719409,483.44319225577453,False,False,,,,,,False
2024-05-07,506.232177734375,507.6320081205366,505.55672925106126,506.64330210533313,52561300,513.5445440719409,483.44319225577453,False,False,,,,,,False
2024-05-08,506.2810668945313,506.81945395787113,504.2743188869408,504.39178298266006,42047200,513.5445440719409,483.44319225577453,False,False,,,,,,False
2024-05-09,509.1982421875,509.23743672181314,505.8112608442941,506.4671120686162,43643700,513.5445440719409,483.44319225577453,False,False,,,,,,False
2024-05-10,509.8541564941406,511.6161778645498,508.63052224416674,510.8036679931926,52233200,513.5445440719409,483.44319225577453,False,False,,,,,,False
2024-05-13,509.9226684570313,511.64555517924214,508.7773634362912,511.53788969604665,36716400,513.5445440719409,483.44319225577453,False,False,,,,,,False
2024-05-14,512.2621459960938,512.7809955114608,509.5799497220426,510.11833675370696,57535900,513.5445440719409,483.44319225577453,True,False,short,,,,,True
2024-05-15,518.6055908203125,518.8992510906287,514.1025809336553,514.7388946424787,59504900,518.8992510906287,483.44319225577453,False,False,,,,,,False
2024-05-16,517.5385131835938,520.3088376274046,517.3916531865508,518.7034152838155,50244800,520.3088376274046,483.44319225577453,False,False,,,,,,False
2024-05-17,518.2825317382812,518.3510624255979,516.1974542090975,517.6560166666146,59187600,520.3088376274046,483.44319225577453,False,False,,,,,,False
2024-05-20,518.8795776367188,520.3479385204677,518.008335839566,518.3999226410019,37764200,520.3479385204677,483.44319225577453,False,False,,,,,,False
2024-05-21,520.1522216796875,520.308880322423,517.9105452430766,518.1161373062547,33437000,520.3479385204677,483.44319225577453,False,False,,,,,,False
2024-05-22,518.6546020507812,520.1718967981822,516.4715975937705,519.4573134085813,48390000,520.3479385204677,483.44319225577453,False,False,,,,,,False
2024-05-23,514.8662109375,521.82622893288,513.6523154476542,521.718563447193,57211200,521.82622893288,483.44319225577453,False,False,,,,,,False
2024-05-24,518.2727661132812,519.0852760314796,515.7667654147743,516.7162769685657,41291100,521.82622893288,483.44319225577453,False,False,,,,,,False
2024-05-28,518.635009765625,519.3202570042628,515.9919474153226,519.0853287505071,36269600,521.82622893288,483.44319225577453,False,False,,,,,,False
2024-05-29,515.0031127929688,516.187612149335,514.2885295747019,514.5919884514224,45190300,521.82622893288,483.44319225577453,False,False,,,,,,False
2024-05-30,511.5867004394531,514.1220964903868,510.333730235986,513.4564467342078,46377600,521.82622893288,483.44319225577453,False,False,,,,,,False
2024-05-31,516.246337890625,516.3736006194137,507.42637356021385,512.546099366396,90785800,521.82622893288,483.44319225577453,False,False,,,,,,False
2024-06-03,516.6672973632812,518.1454570499837,511.5769670953754,517.8615954221938,46835700,521.82622893288,483.44319225577453,False,False,,,,,,False
2024-06-04,517.2449340820312,517.9889133212755,513.8872886188278,515.3556498285665,34632700,521.82622893288,483.44319225577453,False,False,,,,,,False
2024-06-05,523.3923950195312,523.411992286524,517.577682760377,519.5746920651516,47610400,523.411992286524,483.44319225577453,False,False,,,,,,False
2024-06-06,523.382568359375,524.1265474920779,521.4443509593684,523.6958258756584,30808500,524.1265474920779,483.44319225577453,False,False,,,,,,False
2024-06-07,522.7463989257812,525.5656572802073,521.3073738449024,522.4037454552046,43224500,525.5656572802073,483.44319225577453,False,False,,,,,,False
2024-06-10,524.3615112304688,524.6845674016187,521.3367208253204,521.9338399994415,35686100,525.5656572802073,483.44319225577453,False,False,,,,,,False
2024-06-11,525.6243896484375,525.6831217080321,520.8277190397199,522.8051312923558,36383400,525.6831217080321,483.44319225577453,False,False,,,,,,False
2024-06-12,529.9412841796875,532.6430781044711,528.9036447482033,530.2056082912144,63251300,532.6430781044711,483.44319225577453,False,False,,,,,,False
2024-06-13,531.0083618164062,531.8698051580913,528.2087008298147,531.6936089856242,44760900,532.6430781044711,483.44319225577453,False,False,,,,,,False
2024-06-14,531.3314208984375,531.3607570534568,528.4631694567662,529.4714728215465,40089900,532.6430781044711,483.44319225577453,False,False,,,,,,False
2024-06-17,535.5601806640625,536.9600707352853,530.1859889386527,530.6461064563005,55839500,536.9600707352853,483.44319225577453,False,False,,,,,,False
2024-06-18,536.9208984375,537.0481611765176,535.1980118918142,535.618934894809,41376400,537.0481611765176,483.44319225577453,False,False,,,,,,False
2024-06-20,535.4623413085938,538.5165275797466,533.6807226924603,537.8508777255481,70328200,538.5165275797466,483.44319225577453,False,False,,,,,,False
2024-06-21,534.7444458007812,535.8640147535098,533.2811779308804,534.6364329914431,64338600,538.5165275797466,483.44319225577453,False,False,,,,,,False
2024-06-24,533.0062255859375,537.1407429637898,532.8883825199175,534.5677361214845,45528700,538.5165275797466,483.44319225577453,False,False,,,,,,False
2024-06-25,535.0587768554688,535.4221363045356,532.7116258646143,534.2338154405055,37936200,538.5165275797466,483.44319225577453,False,False,,,,,,False
2024-06-26,535.7265014648438,536.4433900198844,533.2909984741738,533.9391352589275,38550600,538.5165275797466,483.44319225577453,False,False,,,,,,False
2024-06-27,536.571044921875,537.1504898569925,534.8426003010983,535.588979563753,35041500,538.5165275797466,483.44319225577453,False,False,,,,,,False
2024-06-28,534.4595947265625,540.4109684989184,533.2124124479245,537.3468693543182,76144500,540.4109684989184,483.44319225577453,False,False,,,,,,False
2024-07-01,535.5595703125,536.08986404863,532.7901386983468,535.8443476992247,40297800,540.4109684989184,483.44319225577453,False,False,,,,,,False
2024-07-02,539.163818359375,539.163818359375,533.8999613857427,533.9490526752437,40434800,540.4109684989184,484.98007493251976,False,False,,,,,,False
2024-07-03,541.56982421875,541.9331836330194,538.8102227549504,538.8494837936086,32789900,541.9331836330194,486.9966120039557,False,False,,,,,,False
2024-07-05,544.6927490234375,545.0953694497009,541.2358597539028,541.8742262180542,41488400,545.0953694497009,486.9966120039557,False,False,,,,,,False
2024-07-08,545.3212890625,546.273863702814,544.2508114321598,545.4783931483458,36110500,546.273863702814,486.9966120039557,False,False,,,,,,False
2024-07-09,545.8515625,547.187156971853,545.5569548871665,546.2836736456596,27289700,547.187156971853,489.0131707855575,False,False,,,,,,False
2024-07-10,551.2529907226562,551.596689657151,546.7846048716298,547.079212521271,38701200,551.596689657151,489.0131707855575,False,False,,,,,,False
2024-07-11,546.499755859375,552.2448746370588,545.8614492888662,551.3708220113514,53054200,552.2448746370588,489.0131707855575,False,False,,,,,,False
2024-07-12,549.94677734375,553.5607707150377,547.1577452576701,547.6291174546383,53084400,553.5607707150377,489.0131707855575,False,False,,,,,,False
2024-07-15,551.459228515625,554.7098626844446,549.5932802263559,551.9502612295888,40584300,554.7098626844446,489.0131707855575,False,False,long,,,multiple_bottom,,True
2024-07-16,554.7294311523438,555.024038775581,552.0189211375351,552.7751306542716,36475300,555.024038775581,497.83315669716075,False,False,,,,,,False
2024-07-17,546.9514770507812,550.4574575343235,546.627378702753,548.7781042114635,57119000,555.024038775581,502.47308742336617,False,False,,,,,,False
2024-07-18,542.748291015625,549.4853058775749,540.5583041390183,548.4934101354552,56270400,555.024038775581,504.2743188869408,False,False,,,,,,False
2024-07-19,539.1441650390625,544.1429051396725,538.0835174453183,542.5126427347755,65509100,555.024038775581,504.2743188869408,False,False,,,,,,False
2024-07-22,544.70263671875,545.3115125146927,541.1377342686712,543.0822047176163,43346700,555.024038775581,505.8112608442941,False,False,,,,,,False
2024-07-23,543.8482055664062,546.7550807862475,543.3571728667828,544.5945249198012,34439600,555.024038775581,507.42637356021385,False,False,,,,,,False
2024-07-24,531.5232543945312,539.3208563195052,530.6001104911534,539.0164184333124,74515300,555.024038775581,507.42637356021385,False,False,,,,,,False
2024-07-25,528.7537841796875,537.6415236413737,527.8110397958803,531.6410587361225,61158300,555.024038775581,507.42637356021385,False,False,,,,,,False
2024-07-26,534.6756591796875,537.3763388802067,531.7785544219373,532.5544244069231,53763800,555.024038775581,507.42637356021385,False,False,,,,,,False
2024-07-29,534.9899291992188,537.2388372702122,532.9864775250034,536.227341129643,39515800,555.024038775581,507.42637356021385,False,False,,,,,,False
2024-07-30,532.2794799804688,537.5237359172042,528.8619113563942,536.463088435743,46853600,555.024038775581,507.42637356021385,False,False,,,,,,False
2024-07-31,540.9314575195312,543.5732159258974,537.7594053591405,539.1342609978949,65663400,555.024038775581,507.42637356021385,False,False,,,,,,False
2024-08-01,533.2713623046875,544.9186439967344,529.7555512584067,542.659905480717,76428700,555.024038775581,507.42637356021385,False,False,,,,,,False
2024-08-02,523.3427124023438,527.3593266038325,519.1197829332602,526.1415750127649,82789100,555.024038775581,507.42637356021385,False,False,,,,,,False
2024-08-05,508.10107421875,514.1898925589088,501.1185726401647,502.46402760588046,146267400,555.024038775581,501.1185726401647,False,False,,,,,,False
2024-08-06,512.7854614257812,520.2491343271334,508.58219283381527,509.9079571187549,84826300,555.024038775581,501.1185726401647,False,False,,,,,,False
2024-08-07,509.3580322265625,522.0561910508441,508.7589866968387,518.9920917478671,70698300,555.024038775581,501.1185726401647,False,False,,,,,,False
2024-08-08,521.1329956054688,521.7614718670237,512.4810023749844,514.5138248770706,63276600,555.024038775581,501.1185726401647,False,False,,,,,,False
2024-08-09,523.4309692382812,524.923727659792,519.0804271971765,520.3080088094694,45619600,555.024038775581,501.1185726401647,False,False,,,,,,False
2024-08-12,523.7059936523438,526.1218359834986,521.4275949115357,524.6291374530116,42542100,555.024038775581,501.1185726401647,False,False,,,,,,False
2024-08-13,532.3186645507812,532.5544105776438,526.6620186567962,526.9075349868316,52333100,555.024038775581,501.1185726401647,False,False,,,,,,False
2024-08-14,533.9981079101562,535.1864287265759,530.4332054014179,533.1142249967176,42446900,555.024038775581,501.1185726401647,False,False,,,,,,False
2024-08-15,543.15087890625,543.4356562731828,539.036022778579,539.644898487546,60846800,555.024038775581,501.1185726401647,False,False,,,,,,False
2024-08-16,544.3687133789062,545.066001447727,541.3734256554437,541.5305297582873,44430700,555.024038775581,501.1185726401647,False,False,,,,,,False
2024-08-19,549.5736083984375,549.5736083984375,543.926732304356,544.7811244137845,39121800,555.024038775581,501.1185726401647,False,False,,,,,,False
2024-08-20,548.679931640625,550.7815659083177,547.3345068852593,549.1218730431605,33732300,555.024038775581,501.1185726401647,False,False,,,,,,False
2024-08-21,550.5654907226562,552.028758554174,544.7811112258051,549.7307591225532,41514600,555.024038775581,501.1185726401647,False,False,,,,,,False
2024-08-22,546.244384765625,553.0795814875313,545.0266332673548,552.4707057383962,56121500,555.024038775581,501.1185726401647,False,False,,,,,,False
2024-08-23,552.0484619140625,552.9912663344013,547.2952387130678,549.4951156938582,50639400,555.024038775581,501.1185726401647,False,False,,,,,,False
2024-08-26,550.7324829101562,553.7965224345438,549.023698553154,553.0796338099561,35788600,555.024038775581,501.1185726401647,False,False,,,,,,False
2024-08-27,551.4886474609375,551.9796801643517,548.3067651332959,549.4557648759409,32693900,555.024038775581,501.1185726401647,False,False,,,,,,False
2024-08-28,548.2871704101562,551.5771258819644,545.0856272093944,551.1450146535084,41066000,555.024038775581,501.1185726401647,False,False,,,,,,False
2024-08-29,548.336181640625,553.5706069059922,547.187181927915,550.2610513664456,38715200,555.024038775581,501.1185726401647,False,False,,,,,,False
2024-08-30,553.5706176757812,554.0813108649274,547.1479315360851,550.7128337345928,62700100,555.024038775581,501.1185726401647,True,False,short,,,,,True
2024-09-03,542.1787109375,550.7521231432277,539.6547955357257,550.4181945160806,60600100,555.024038775581,501.1185726401647,False,False,,,,,,False
2024-09-04,541.0689697265625,544.486538299349,539.6057018017893,540.3324206417021,47224900,555.024038775581,501.1185726401647,False,False,,,,,,False
2024-09-05,539.7529296875,543.8677859554409,537.2879360362771,541.0100021233877,44264300,555.024038775581,501.1185726401647,False,False,,,,,,False
2024-09-06,530.6688842773438,541.7072905965744,529.7654008260863,540.0770882862281,68493800,555.024038775581,501.1185726401647,False,False,,,,,,False
2024-09-09,536.6103515625,537.8870845889743,532.9472666463545,534.8819667353457,40445800,555.024038775581,501.1185726401647,False,False,,,,,,False
2024-09-10,538.94775390625,539.301343073679,533.6348054347438,538.52547289514,36394600,555.024038775581,501.1185726401647,False,False,,,,,,False
2024-09-11,544.4767456054688,545.3998895864479,530.276116631913,538.8593596356329,75248600,555.024038775581,501.1185726401647,False,False,,,,,,False
2024-09-12,549.06298828125,549.367426167289,542.8268368290717,545.0561445387712,51819600,555.024038775581,501.1185726401647,False,False,,,,,,False
2024-09-13,551.9305419921875,552.9322678030146,549.4164571619145,549.6718037364791,39310500,555.024038775581,501.1185726401647,False,False,,,,,,False
2024-09-16,552.7457275390625,553.0108444429941,549.8584528057411,551.6654196124157,36656100,555.024038775581,501.1185726401647,False,False,,,,,,False
2024-09-17,552.9715576171875,556.4186166721934,550.7324197918623,554.9651191583721,49321000,556.4186166721934,501.1185726401647,False,False,,,,,,False
2024-09-18,551.3316040039062,558.4908400284567,550.7718194675883,553.6296037419249,59044900,558.4908400284567,501.1185726401647,False,False,,,,,,False
2024-09-19,560.7396850585938,562.6056333019461,557.8917313519955,560.769175792154,75315500,562.6056333019461,501.1185726401647,False,False,,,,,,False
2024-09-20,559.7703857421875,560.8145656669737,556.7363296850394,559.3665303523799,77503100,562.6056333019461,501.1185726401647,False,False,,,,,,False
2024-09-23,561.169189453125,561.8193743965802,559.6226102686882,560.844157105768,44116900,562.6056333019461,501.1185726401647,False,False,,,,,,False
2024-09-24,562.77490234375,562.8340046033333,559.1301026711176,561.9671313798626,46805700,562.8340046033333,501.1185726401647,False,False,,,,,,False
2024-09-25,561.53369140625,563.3561212938423,560.4205487537844,562.6173129912877,38428600,563.3561212938423,501.1185726401647,False,False,,,,,,False
2024-09-26,563.760009765625,566.1340809200134,561.395859133459,565.8089884130038,48336000,566.1340809200134,501.1185726401647,False,False,,,,,,False
2024-09-27,562.9423217773438,565.651285439919,561.908002221962,564.8337142422162,42100900,566.1340809200134,501.1185726401647,False,False,,,,,,False
2024-09-30,565.1981201171875,565.8088634048895,559.6028866955652,561.9079345557661,63557400,566.1340809200134,501.1185726401647,False,False,,,,,,False
2024-10-01,560.1348266601562,565.4936512718724,557.5539281278881,564.8435265029814,72668800,566.1340809200134,501.1185726401647,False,False,,,,,,False
2024-10-02,560.3712158203125,561.3957349796159,556.8348209898014,559.2384126817892,38097800,566.1340809200134,501.1185726401647,False,False,,,,,,False
2024-10-03,559.3468017578125,561.2972362765911,557.0515539848665,558.8936443913503,40846500,566.1340809200134,501.1185726401647,False,False,,,,,,False
2024-10-04,564.4297485351562,564.8040828361078,559.6225649986515,563.8091448322295,42939100,566.1340809200134,501.1185726401647,False,False,,,,,,False
2024-10-07,559.3270874023438,563.425044167477,558.1745633665616,562.7748592374886,49964700,566.1340809200134,501.1185726401647,False,False,,,,,,False
2024-10-08,564.616943359375,565.2178864241666,561.0313063853904,561.9079798048728,37398700,566.1340809200134,501.1185726401647,True,False,short,,,,,True
2024-10-09,568.52783203125,569.0893336080857,564.006298346405,564.6071813915806,37912200,569.0893336080857,501.1185726401647,False,False,,,,,,False
2024-10-10,567.5328369140625,568.9612116462271,565.9172950083815,567.1782233614125,44138100,569.0893336080857,501.1185726401647,False,False,,,,,,False
2024-10-11,570.9313354492188,571.6701437051296,567.3160570940822,567.4539823983677,42268000,571.6701437051296,501.1185726401647,False,False,,,,,,False
2024-10-14,575.6006469726562,576.5364828744649,572.0641913408873,572.5468698259319,36217200,576.5364828744649,501.1185726401647,False,False,,,,,,False
2024-10-15,571.1283569335938,576.1719497636773,569.9068101256781,575.8665780927906,54203600,576.5364828744649,508.58219283381527,False,False,,,,,,False
2024-10-16,573.6107177734375,574.1328378005626,570.3205920106161,571.1283629185417,30725400,576.5364828744649,508.7589866968387,False,False,,,,,,False
2024-10-17,573.6600341796875,577.3737967345479,573.4728669922558,577.1669087512673,34393700,577.3737967345479,512.4810023749844,False,False,,,,,,False
2024-10-18,575.8666381835938,576.6546883722069,573.8866222523045,575.3543785050263,37416800,577.3737967345479,519.0804271971765,False,False,,,,,,False
2024-10-21,574.9208984375,576.1226643625554,571.936084169767,575.1375866701346,36439000,577.3737967345479,521.4275949115357,False,False,,,,,,False
2024-10-22,574.6155395507812,575.7779240387921,571.7194086656112,572.379393899403,34183800,577.3737967345479,526.6620186567962,False,False,,,,,,False
2024-10-23,569.3650512695312,573.0295715850681,565.8483166590198,572.5862745943635,49314600,577.3737967345479,529.7654008260863,False,False,,,,,,False
2024-10-24,570.596435546875,571.4042065299044,567.966294746531,571.3253834738008,34979900,577.3737967345479,529.7654008260863,False,False,,,,,,False
2024-10-25,570.3992919921875,575.7384556877671,569.4536560087178,572.8324648441098,47268200,577.3737967345479,529.7654008260863,False,False,,,,,,False
2024-10-28,572.1627197265625,574.0146706850179,571.8573480325817,573.8866057690544,30174700,577.3737967345479,529.7654008260863,False,False,,,,,,False
2024-10-29,573.0886840820312,574.2116269876768,569.798498044357,571.1972915711463,42899700,577.3737967345479,529.7654008260863,False,False,,,,,,False
2024-10-30,571.35498046875,574.615585559352,570.6456931929514,572.6158487794029,41435800,577.3737967345479,529.7654008260863,False,False,,,,,,False
2024-10-31,560.154541015625,567.0402238212235,559.9575134707092,566.9712611742847,60182500,577.3737967345479,529.7654008260863,False,False,,,,,,False
2024-11-01,562.5187377929688,566.9614477579651,562.1050220014198,562.7945884035815,45667500,577.3737967345479,529.7654008260863,False,False,,,,,,False
2024-11-04,561.3071899414062,563.9570516809171,559.4158573627346,562.656741744212,38217000,577.3737967345479,529.7654008260863,False,False,,,,,,False
2024-11-05,568.0942993164062,568.1336807780868,562.0065265842841,562.2232148100805,39478300,577.3737967345479,529.7654008260863,False,False,,,,,,False
2024-11-06,582.2203369140625,583.0970705492409,576.6546836514896,580.4078275075276,68182000,583.0970705492409,529.7654008260863,False,False,,,,,,False
2024-11-07,586.7221069335938,587.7466262080364,584.1510685994552,584.2298916492671,47233200,587.7466262080364,529.7654008260863,False,False,,,,,,False
2024-11-08,589.2636108398438,590.6919854789882,587.2737347167168,587.2737347167168,46444900,590.6919854789882,529.7654008260863,False,False,,,,,,False
2024-11-11,589.8251342773438,591.214067381988,588.0913879024889,590.8594538392326,37586800,591.214067381988,529.7654008260863,False,False,,,,,,False
2024-11-12,587.9928588867188,590.3471487178498,585.5005836337616,589.7462657959629,43006100,591.214067381988,529.7654008260863,False,False,,,,,,False
2024-11-13,588.2785034179688,590.2880401081766,586.0817995759008,588.4558101737783,47388600,591.214067381988,529.7654008260863,False,False,,,,,,False
2024-11-14,584.4957885742188,588.8892564552813,583.8062823316938,588.406578035767,38904100,591.214067381988,529.7654008260863,False,False,,,,,,False
2024-11-15,577.00927734375,581.3928852443048,575.1474660138925,580.9200070517927,75988800,591.214067381988,530.276116631913,False,False,,,,,,False
2024-11-18,579.3734741210938,580.6934445713057,576.6054081851684,577.4722212479682,37001700,591.214067381988,530.276116631913,False,False,,,,,,False
2024-11-19,581.4913940429688,582.2203419709091,575.3149973262474,575.9848429931217,49412000,591.214067381988,530.276116631913,False,False,,,,,,False
2024-11-20,581.6883544921875,581.9740053669792,575.9059534750936,581.5701499836966,50032600,591.214067381988,542.8268368290717,False,False,,,,,,False
2024-11-21,584.81103515625,586.2394097822103,578.6838809961135,584.5451050737219,46750300,591.214067381988,549.4164571619145,False,False,,,,,,False
2024-11-22,586.6236572265625,587.2541214128702,584.2988881794737,584.8012273246769,38226400,591.214067381988,549.8584528057411,False,False,,,,,,False
2024-11-25,588.613525390625,591.8937909448966,586.3182774428572,590.5738204551704,42441400,591.8937909448966,550.7324197918623,False,False,,,,,,False
2024-11-26,591.6869506835938,592.3567963116076,589.1454333564441,589.8645208450938,45621300,592.3567963116076,550.7718194675883,False,False,,,,,,False
2024-11-27,589.89404296875,591.883858859544,588.3671846956962,591.4997242855515,34000200,592.3567963116076,556.7363296850394,False,False,,,,,,False
2024-11-29,593.55859375,594.3466439350991,590.4359140778026,590.7117045866185,30177400,594.3466439350991,556.7363296850394,False,False,,,,,,False
2024-12-02,594.6224365234375,595.3021425181648,593.4797127608734,593.9722515940274,31746000,595.3021425181648,556.8348209898014,False,False,,,,,,False
2024-12-03,594.8983154296875,595.1445848828695,593.3517961731578,594.3861158516463,26906600,595.3021425181648,556.8348209898014,False,False,,,,,,False
2024-12-04,598.59228515625,598.8385545797807,595.9227630847732,596.5926087018526,42787600,598.8385545797807,556.8348209898014,False,False,,,,,,False
2024-12-05,597.607177734375,599.4000262634194,597.2525642119798,598.592255379496,28762200,599.4000262634194,556.8348209898014,False,False,,,,,,False
2024-12-06,598.7401123046875,599.9813199050982,597.9619225172376,598.3756383425828,31241500,599.9813199050982,556.8348209898014,False,False,,,,,,False
2024-12-09,595.6567993164062,598.7893393078875,595.0657767234376,598.6218929272753,34742700,599.9813199050982,556.8348209898014,False,False,,,,,,False
2024-12-10,593.8048706054688,596.7601039297737,593.1448853311992,596.3365277015484,37234500,599.9813199050982,556.8348209898014,False,False,,,,,,False
2024-12-11,598.3953247070312,599.3508212217944,596.4645507592219,596.7404013764967,28677700,599.9813199050982,556.8348209898014,False,False,,,,,,False
2024-12-12,595.3120727539062,598.0997995870548,595.3120727539062,597.5284977631196,31543800,599.9813199050982,557.0515539848665,False,False,,,,,,False
2024-12-13,595.1937255859375,598.07013518482,593.8145929720881,597.3510478161899,35904700,599.9813199050982,558.1745633665616,False,False,,,,,,False
2024-12-16,597.7352294921875,598.710506843877,596.1788501366708,596.9570398144291,43695200,599.9813199050982,558.1745633665616,False,False,,,,,,False
2024-12-17,595.2725830078125,596.1394561956839,593.8935102993782,595.1740992873428,55773500,599.9813199050982,559.4158573627346,False,False,,,,,,False
2024-12-18,577.5313720703125,597.3609304879477,577.1471773446116,594.9671989364094,108248700,599.9813199050982,559.4158573627346,False,False,,,,,,False
2024-12-19,577.3540649414062,584.15112569827,577.1077954954964,582.5355837032507,85919500,599.9813199050982,559.4158573627346,False,False,,,,,,False
2024-12-20,584.2886352539062,588.8352196171104,574.1674387147792,575.0175026728227,125716700,599.9813199050982,559.4158573627346,False,False,,,,,,False
2024-12-23,587.7875366210938,588.3904419763173,580.8391036798633,584.0316546408188,57635800,599.9813199050982,559.4158573627346,False,False,,,,,,False
2024-12-24,594.32080078125,594.3603751171399,588.5584517113257,589.1416302251183,33160100,599.9813199050982,559.4158573627346,False,False,,,,,,False
2024-12-26,594.3603515625,595.4870738828115,591.1381803052061,592.5416816588521,41219100,599.9813199050982,559.4158573627346,False,False,,,,,,False
2024-12-27,588.1038208007812,590.8416891446476,583.9031498920888,590.6044241129971,64969300,599.9813199050982,559.4158573627346,False,False,,,,,,False
2024-12-30,581.392578125,584.8717412480703,577.6268027117767,581.066451827259,56578800,599.9813199050982,559.4158573627346,False,False,,,,,,False
2024-12-31,579.2774658203125,583.7845361057068,577.6366994322016,583.0629680945224,57052700,599.9813199050982,559.4158573627346,False,False,,,,,,False
2025-01-02,577.8541870117188,584.268848917565,573.7622248829753,582.5490544849214,50204000,599.9813199050982,559.4158573627346,False,False,,,,,,False
2025-01-03,585.079345703125,585.7217650639146,579.6233961313516,580.7106648081768,37888500,599.9813199050982,559.4158573627346,False,False,,,,,,False
2025-01-06,588.4497680664062,592.7394211491448,586.7101863614566,589.3492396720658,47679400,599.9813199050982,559.4158573627346,False,False,,,,,,False
2025-01-07,581.7979125976562,590.8120540414599,579.9694092503468,590.4858673836275,60393100,599.9813199050982,559.4158573627346,False,False,,,,,,False
2025-01-08,582.6478881835938,583.7252632975457,578.4077031433151,581.8670792861259,47304700,599.9813199050982,559.4158573627346,False,False,,,,,,False
2025-01-10,573.7523193359375,579.148967552338,571.8348342474784,579.0797727939155,73105000,599.9813199050982,559.4158573627346,False,False,,,,,,False
2025-01-13,574.6419067382812,574.9977137931114,568.6719735158341,569.0871420731995,47910100,599.9813199050982,559.4158573627346,False,False,,,,,,False
2025-01-14,575.4325561523438,578.209938228887,571.637100270467,577.5773521941201,48420600,599.9813199050982,559.4158573627346,False,False,,,,,,False
2025-01-15,585.899658203125,587.0461675916275,582.3611942103539,583.4780831774012,56900200,599.9813199050982,559.4158573627346,False,False,,,,,,False
2025-01-16,584.77294921875,587.4514560986999,584.0711683508569,587.2735525674167,43319700,599.9813199050982,559.4158573627346,False,False,,,,,,False
2025-01-17,590.6439819335938,592.4032903303786,588.6968161028142,590.0311830207747,58070600,599.9813199050982,562.0065265842841,False,False,,,,,,False
2025-01-21,596.0504150390625,596.0603086218102,591.721248666258,593.6980347606263,42532900,599.9813199050982,568.6719735158341,False,False,,,,,,False
2025-01-22,599.401123046875,600.7651103716523,598.3336415912388,598.887139322545,48196000,600.7651103716523,568.6719735158341,False,False,,,,,,False
2025-01-23,602.6727294921875,602.6727294921875,598.4918457286775,598.7685644436611,41152100,602.6727294921875,568.6719735158341,False,False,,,,,,False
2025-01-24,600.913330078125,603.6907726306447,599.7569270310084,602.7319999441287,34604700,603.6907726306447,568.6719735158341,False,False,,,,,,False
2025-01-27,592.4132080078125,592.7295010606359,587.7381276298589,587.9061375768574,70361100,603.6907726306447,568.6719735158341,False,False,,,,,,False
2025-01-28,597.50341796875,598.3435279756633,590.3177808049226,593.6486607361097,44433300,603.6907726306447,568.6719735158341,False,False,,,,,,False
2025-01-29,594.8248291015625,597.1179082556828,592.2648645148614,596.7126333153398,37177400,603.6907726306447,568.6719735158341,False,False,,,,,,False
2025-01-30,598.017333984375,599.5592247930683,593.747468592595,596.9499128814751,39281300,603.6907726306447,568.6719735158341,False,False,,,,,,False
2025-01-31,594.8347778320312,602.880312619884,594.0736957955036,600.4488437325783,66566900,603.6907726306447,568.6719735158341,False,False,,,,,,False
2025-02-03,590.8317260742188,593.3224355096802,583.6361957953392,585.7908853805931,65857200,603.6907726306447,568.6719735158341,False,False,,,,,,False
2025-02-04,594.7952270507812,595.3091504392034,590.3474581129256,590.8910622510958,33457800,603.6907726306447,568.6719735158341,False,False,,,,,,False
2025-02-05,597.2069091796875,597.3551922900909,591.6324173909024,593.6685049658528,30653100,603.6907726306447,568.6719735158341,False,False,,,,,,False
2025-02-06,599.2825927734375,599.4110887199739,595.6354193275449,598.9564061147885,35771500,603.6907726306447,568.6719735158341,False,False,,,,,,False
2025-02-07,593.7969970703125,601.0715564826635,593.0853226024016,599.8459585772572,50788500,603.6907726306447,568.6719735158341,False,False,,,,,,False
2025-02-10,597.82958984375,598.4720695404235,595.7440947156747,597.0191605249602,26048700,603.6907726306447,568.6719735158341,False,False,,,,,,False
2025-02-11,598.2842407226562,598.8278448766438,595.4376636934635,595.5562660424524,30056700,603.6907726306447,568.6719735158341,False,False,,,,,,False
2025-02-12,596.3568725585938,597.5330628123784,591.5631899435128,592.2451836255683,45076100,603.6907726306447,568.6719735158341,False,False,,,,,,False
2025-02-13,602.6528930664062,602.8604773307252,596.1987176270893,597.4638293989674,40921300,603.6907726306447,568.6719735158341,True,False,short,,,,,True
2025-02-14,602.623291015625,603.8982964094444,602.0005985304107,602.8604957096632,26910400,603.8982964094444,568.6719735158341,False,False,,,,,,False
2025-02-18,604.3925170898438,604.3925170898438,601.3186288745633,603.7896117473091,26749000,604.3925170898438,568.6719735158341,False,False,,,,,,False
2025-02-19,605.8158569335938,606.1123628380831,602.4849765652367,602.9989603508419,31011100,606.1123628380831,568.6719735158341,False,False,,,,,,False
2025-02-20,603.29541015625,604.5803091740476,599.9744236813096,604.4419196559093,36554000,606.1123628380831,568.6719735158341,False,False,,,,,,False
2025-02-21,592.9766235351562,603.2163626901448,592.5120473575615,603.0779731626286,76519800,606.1123628380831,568.6719735158341,False,False,,,,,,False
2025-02-24,590.2782592773438,596.0307143030876,589.5665848823073,595.0324276294365,50737200,606.1123628380831,568.6719735158341,False,False,,,,,,False
2025-02-25,587.3427734375,590.9504327968516,582.7171004383193,590.2190314712642,58266500,606.1123628380831,568.6719735158341,False,False,,,,,,False
2025-02-26,587.63916015625,592.620699550235,584.9902741209554,589.0130409225576,43321600,606.1123628380831,568.6719735158341,False,False,,,,,,False
2025-02-27,578.2593383789062,591.0788275306367,577.864017357305,589.9223642338113,74196700,606.1123628380831,568.6719735158341,False,False,,,,,,False
2025-02-28,587.2835083007812,587.8172189511107,575.6797809164046,578.7635631051176,88744100,606.1123628380831,568.6719735158341,False,False,,,,,,False
2025-03-03,576.9942626953125,590.4067643806418,573.1691862018861,589.2601945949107,74249200,606.1123628380831,568.6719735158341,False,False,,,,,,False
2025-03-04,570.1644287109375,578.5954508037184,565.6079510021611,572.9813852396189,109648200,606.1123628380831,565.6079510021611,False,False,,,,,,False
2025-03-05,576.29248046875,578.0913631561872,566.4283366011412,569.9964212260836,71230500,606.1123628380831,565.6079510021611,False,False,,,,,,False
2025-03-06,566.0626220703125,573.4359958315716,563.5026574515875,568.800429877349,80094900,606.1123628380831,563.5026574515875,False,False,,,,,,False
2025-03-07,569.2352905273438,570.6882596349558,559.0647480809484,564.2735985948641,81158800,606.1123628380831,559.0647480809484,False,False,,,,,,False
2025-03-10,554.073486328125,562.9294509409499,549.1414138289008,561.0021324297065,99326600,606.1123628380831,549.1414138289008,False,False,,,,,,False
2025-03-11,549.4674072265625,557.4734265413095,545.6127108098797,552.9070558108467,88102100,606.1123628380831,545.6127108098797,False,False,,,,,,False
2025-03-12,552.38330078125,556.5740782812179,547.2634312637055,555.6449862636414,69588200,606.1123628380831,545.6127108098797,False,False,,,,,,False
2025-03-13,545.0197143554688,552.6204598197313,543.2999199883595,552.0076609148241,74079400,606.1123628380831,543.2999199883595,False,False,,,,,,False
2025-03-14,556.277587890625,557.2857682834866,545.0889693576626,549.6553412256178,62660300,606.1123628380831,543.2999199883595,False,False,,,,,,False
2025-03-17,560.567138671875,563.0974224498057,555.8228038023716,556.2576991545186,49008700,606.1123628380831,543.2999199883595,False,False,,,,,,False
2025-03-18,554.50830078125,558.4618730708418,552.5710286417288,558.2443952250169,66041400,606.1123628380831,543.2999199883595,False,False,,,,,,False
2025-03-19,560.54736328125,564.3230320254004,555.1112014285828,556.2972851708735,66556000,606.1123628380831,543.2999199883595,False,False,,,,,,False
2025-03-20,558.9264526367188,563.9475069089323,556.0699818531248,556.7915499004863,62958200,606.1123628380831,543.2999199883595,False,False,,,,,,False
2025-03-21,559.1107788085938,560.0129560782987,553.2121973894178,554.4514053360011,83763000,606.1123628380831,543.2999199883595,False,False,,,,,,False
2025-03-24,569.1236572265625,570.1844265679264,565.2771506364932,565.8719462913679,58766800,606.1123628380831,543.2999199883595,False,False,,,,,,False
2025-03-25,570.49169921875,571.4334488408351,568.7369614238087,570.3330467188074,38355700,606.1123628380831,543.2999199883595,False,False,,,,,,False
2025-03-26,563.6810913085938,571.3542581528293,562.293154038674,570.2240858480267,51848300,606.1123628380831,543.2999199883595,False,False,,,,,,False
2025-03-27,562.1841430664062,565.971170433539,560.0626041917773,562.2832555151155,42164200,606.1123628380831,543.2999199883595,False,False,,,,,,False
2025-03-28,550.8626708984375,561.3811152230641,550.2777985606353,560.6475137101825,71662700,606.1123628380831,543.2999199883595,False,False,,,,,,False
2025-03-31,554.5604858398438,555.869096797962,542.1485586831927,545.0830251203251,95328200,606.1123628380831,542.1485586831927,False,False,,,,,,False
2025-04-01,556.1268310546875,558.0798545049701,548.8997911229003,552.6372621541935,54609600,606.1123628380831,542.1485586831927,False,False,,,,,,False
2025-04-02,559.6461791992188,562.5211054527999,550.019989677278,550.2579079318416,76014500,606.1123628380831,542.1485586831927,False,False,,,,,,False
2025-04-03,532.06640625,543.2390654249921,532.06640625,540.4037717910755,125986000,606.1123628380831,532.06640625,False,False,,,,,,False
2025-04-04,500.9176330566406,521.3298644038904,500.69953122991006,519.1488461365848,217965100,606.1123628380831,500.69953122991006,False,False,,,,,,False
2025-04-07,500.0254211425781,518.6531751879934,477.64034947944,484.966562158496,256611400,606.1123628380831,477.64034947944,False,False,,,,,,False
2025-04-08,492.193603515625,520.4475157965463,484.93679417196097,517.3544574544211,165816600,606.1123628380831,477.64034947944,False,False,,,,,,False
2025-04-09,543.8834838867188,543.8834838867188,488.7932402716448,489.17988772825765,241867300,606.1123628380831,477.64034947944,False,False,,,,,,False
2025-04-10,520.0509643554688,528.8939350431352,504.92270453590345,527.5754008869551,162331200,606.1123628380831,477.64034947944,False,False,,,,,,False
2025-04-11,529.3301391601562,531.7986316335475,515.5798930426869,518.4945124649533,97866300,606.1123628380831,477.64034947944,False,False,,,,,,False
2025-04-14,534.4654541015625,539.580938661594,529.2508571038156,539.3528832417228,68034000,606.1123628380831,477.64034947944,False,False,,,,,,False
2025-04-15,532.968505859375,538.5399805011373,532.1754247962592,535.0107183382963,56892900,606.1123628380831,477.64034947944,False,False,,,,,,False
2025-04-16,521.1216430664062,533.2460954669957,515.7980102587055,527.0896882471153,83484800,606.1123628380831,477.64034947944,False,False,,,,,,False
2025-04-17,521.8651733398438,526.5840872057769,519.3867572764926,523.0845951885916,79868100,606.1123628380831,477.64034947944,False,False,,,,,,False
2025-04-21,509.44342041015625,517.1959136790683,504.07020068364903,516.6605370453387,69368100,606.1123628380831,477.64034947944,False,False,,,,,,False
2025-04-22,522.6979370117188,524.7302260402327,514.7075262081219,515.6493363944684,75948100,606.1123628380831,477.64034947944,False,False,,,,,,False
2025-04-23,530.79736328125,540.7209502963145,529.2706808590098,535.7641184612734,90590700,606.1123628380831,477.64034947944,False,False,,,,,,False
2025-04-24,541.9701538085938,542.7037553366079,530.8272040401201,532.086198348384,64150400,606.1123628380831,477.64034947944,False,False,,,,,,False
2025-04-25,545.885986328125,546.2924199116221,538.9959780328687,541.9304442378503,61119600,606.1123628380831,477.64034947944,False,False,,,,,,False
2025-04-28,546.0941772460938,548.770878725811,540.3145544882295,546.6295538469604,47613800,606.1123628380831,477.64034947944,False,False,,,,,,False
2025-04-29,549.5342407226562,550.6544896169489,543.8140371215516,544.1709145104755,47775100,606.1123628380831,477.64034947944,False,False,,,,,,False
2025-04-30,549.7523193359375,551.7152660165827,536.8447695388113,542.8425243498715,93101500,606.1123628380831,477.64034947944,False,False,,,,,,False
2025-05-01,553.6483154296875,559.2000030839217,553.0435965011045,555.5319356264844,63186100,604.5803091740476,477.64034947944,False,False,,,,,,False
2025-05-02,561.8668212890625,563.4728299899488,557.52463168794,559.8543184862792,60717300,603.2163626901448,477.64034947944,False,False,,,,,,False
2025-05-05,558.6448974609375,561.7578025218996,556.850526672483,557.7130106117388,38659200,596.0307143030876,477.64034947944,False,False,,,,,,False
2025-05-06,553.9755249023438,558.486229861133,552.151444635027,553.1130409863903,48264700,592.620699550235,477.64034947944,False,False,,,,,,False
2025-05-07,556.3052978515625,558.9522292842823,551.239369394788,555.3139314189718,55588000,592.620699550235,477.64034947944,False,False,,,,,,False
2025-05-08,560.1815185546875,565.3861923682981,556.850541835946,560.3599572530266,65130800,591.0788275306367,477.64034947944,False,False,,,,,,False
2025-05-09,559.4677734375,562.6004648206437,557.9013974918248,561.5892516710271,37603400,590.4067643806418,477.64034947944,False,False,,,,,,False
2025-05-12,577.9567260742188,577.9666494201874,572.0580835025086,576.4498296839446,78993600,590.4067643806418,477.64034947944,False,False,,,,,,False
2025-05-13,581.7734985351562,583.9941496422729,577.8080328415324,578.3730584556538,67947200,583.9941496422729,477.64034947944,False,False,,,,,,False
2025-05-14,582.5170288085938,583.8949821637985,580.4846792150129,582.7351003798474,66283500,583.9941496422729,477.64034947944,False,False,,,,,,False
2025-05-15,585.3622436523438,585.8677897044162,580.0484736048338,580.5045239452851,71268100,585.8677897044162,477.64034947944,False,False,,,,,,False
2025-05-16,589.0699462890625,589.3673441171694,584.1924403834937,586.1454032115668,76052100,589.3673441171694,477.64034947944,False,False,,,,,,False
2025-05-19,589.7142944335938,590.3983396880136,583.0225710566098,583.0225710566098,68168500,590.3983396880136,477.64034947944,False,False,,,,,,False
2025-05-20,587.7315673828125,588.9212192076606,584.5096264657933,587.9695461543464,60614500,590.3983396880136,477.64034947944,False,False,,,,,,False
2025-05-21,577.8278198242188,587.4639329373288,576.7968205254032,583.3596614167781,95197700,590.3983396880136,477.64034947944,False,False,,,,,,False
2025-05-22,578.055908203125,581.5554004178355,576.3903592673228,577.6295673689441,70860400,590.3983396880136,477.64034947944,False,False,,,,,,False
2025-05-23,574.1101684570312,576.7868697784111,570.6304627900578,571.0071868542327,76029000,590.3983396880136,477.64034947944,False,False,,,,,,False
2025-05-27,586.0463256835938,586.2049176986301,573.4361124467979,581.0101669642168,72588500,590.3983396880136,477.64034947944,False,False,,,,,,False
2025-05-28,582.65576171875,587.6522871583933,581.9221602554891,586.452712017421,68445500,590.3983396880136,477.64034947944,False,False,,,,,,False
2025-05-29,584.9557495117188,588.0785779673218,581.0101304856973,587.9397721452495,69973300,590.3983396880136,477.64034947944,False,False,,,,,,False
2025-05-30,584.3014526367188,586.026420478472,578.2045251191539,583.8454023131852,90601200,590.3983396880136,477.64034947944,False,False,,,,,,False
2025-06-02,587.5928955078125,587.6721612666921,580.0089171212081,582.6856189346104,61630500,590.3983396880136,477.64034947944,False,False,,,,,,False
2025-06-03,590.943603515625,591.9250465362925,586.740159298439,587.2259796444896,63606200,591.9250465362925,477.64034947944,False,False,,,,,,False
2025-06-04,590.7850341796875,592.7876138828078,590.3488304970734,591.8061707239787,57314200,592.7876138828078,477.64034947944,False,False,,,,,,False
2025-06-05,587.9298095703125,593.8284515327539,585.9470768439928,592.4702844558809,92278700,593.8284515327539,477.64034947944,False,False,,,,,,False
2025-06-06,593.96728515625,595.6426968087642,591.7069406984755,593.4913881340742,66588700,595.6426968087642,477.64034947944,False,False,,,,,,False
2025-06-09,594.5026245117188,596.0590770966814,593.322896017802,594.5422573867003,53016400,596.0590770966814,477.64034947944,False,False,,,,,,False
2025-06-10,597.873291015625,598.2598779419187,593.9177485918233,595.0379370041686,66247000,598.2598779419187,477.64034947944,False,False,,,,,,False
2025-06-11,596.1680908203125,599.8361586452579,594.0961689044454,598.9736747077318,73658200,599.8361586452579,477.64034947944,False,False,,,,,,False
2025-06-12,598.5374755859375,598.5374755859375,594.3440149953893,594.8297748594797,64129000,599.8361586452579,477.64034947944,False,False,,,,,,False
2025-06-13,591.8457641601562,596.6538671866508,590.338867810054,593.3328138188501,89506000,599.8361586452579,477.64034947944,False,False,,,,,,False
2025-06-16,597.4767456054688,599.2314836456252,595.0379622706928,595.2164614851225,79984100,599.8361586452579,477.64034947944,False,False,,,,,,False
2025-06-17,592.3712158203125,596.5547531382241,591.6078443016146,595.0280706090336,82209400,599.8361586452579,477.64034947944,False,False,,,,,,False
2025-06-18,592.281982421875,596.0293161899417,591.3203254879343,593.2733488854554,76605000,599.8361586452579,484.93679417196097,False,False,,,,,,False
2025-06-20,590.8909912109375,596.0414436168163,589.4790454395113,594.9675856083323,94051400,599.8361586452579,488.7932402716448,False,False,,,,,,False
2025-06-23,596.7274780273438,597.1152078061239,588.5145735944315,591.6465733053511,87426000,599.8361586452579,504.07020068364903,False,False,,,,,,False
2025-06-24,603.3196411132812,604.3834856367664,599.9688039561656,600.8836010096178,67735300,604.3834856367664,504.07020068364903,False,False,,,,,,False
2025-06-25,603.65771484375,605.1392079707367,602.086708265907,604.4431877891288,62114800,605.1392079707367,504.07020068364903,False,False,,,,,,False
2025-06-26,608.380615234375,608.8181084243395,604.9005750782753,605.517034479532,78548400,608.8181084243395,504.07020068364903,False,False,,,,,,False
2025-06-27,611.4032592773438,612.8748603878714,607.3465704310272,609.3848675360332,86258400,612.8748603878714,504.07020068364903,False,False,,,,,,False
2025-06-30,614.3264770507812,615.6886593072754,611.5325044540273,613.8591865146053,92502500,615.6886593072754,504.07020068364903,False,False,,,,,,False
2025-07-01,614.127685546875,615.3009489521946,612.0098276707645,612.8450033281383,70030100,615.6886593072754,504.07020068364903,False,False,,,,,,False
2025-07-02,616.9117431640625,616.9514932068568,613.0936150077308,613.7200271324969,66510400,616.9514932068568,514.7075262081219,False,False,,,,,,False
2025-07-03,621.7738647460938,622.7085065821568,618.8804257837007,618.9003311484321,51065800,622.7085065821568,529.2706808590098,False,False,,,,,,False
2025-07-07,617.1403198242188,620.4712515380828,614.3463473867639,619.8050287830624,74814500,622.7085065821568,530.8272040401201,False,False,,,,,,False
2025-07-08,616.8023681640625,618.5622329876766,615.9870371559156,617.8065573856337,59024600,622.7085065821568,536.8447695388113,False,False,,,,,,False
2025-07-09,620.5010986328125,621.1573080723725,617.3690382262929,619.2184771119485,66113300,622.7085065821568,536.8447695388113,False,False,long,,,multiple_bottom,,True
2025-07-10,622.2510375976562,623.2950374474425,619.4570650879599,620.6402811009391,57529000,623.2950374474425,536.8447695388113,False,False,,,,,,False
2025-07-11,620.0636596679688,621.2965785748338,617.9856123550688,619.1886732139827,63670200,623.2950374474425,536.8447695388113,False,False,,,,,,False
2025-07-14,621.246826171875,621.5948059142781,618.2539819137044,619.6062115300674,51898500,623.2950374474425,551.239369394788,False,False,,,,,,False
2025-07-15,618.592041015625,624.2793915612978,618.5124802515571,623.9413645164026,74317300,624.2793915612978,551.239369394788,False,False,,,,,,False
2025-07-16,620.66015625,621.1672575214722,614.5253596449445,620.1829130237127,88987500,624.2793915612978,551.239369394788,False,False,,,,,,False
2025-07-17,624.4583740234375,624.8163671275224,620.6204015046147,620.8391784397268,68885700,624.8163671275224,551.239369394788,False,False,,,,,,False
2025-07-18,624.0010375976562,625.8802131347736,622.8874296174818,625.7111996075373,65621600,625.8802131347736,551.239369394788,False,False,,,,,,False
2025-07-21,625.1842651367188,627.9384270926762,624.7567246264017,625.1842651367188,63375000,627.9384270926762,556.850541835946,False,False,,,,,,False
2025-07-22,625.2737426757812,626.1387764125508,622.6189860590433,625.5123643014988,60046300,627.9384270926762,557.9013974918248,False,False,,,,,,False
2025-07-23,630.5932006835938,630.5932006835938,626.138708302101,627.9483363497261,70511000,630.5932006835938,570.6304627900578,False,False,,,,,,False
2025-07-24,630.802001953125,632.5221773472229,630.3744614468128,630.9809681636451,71307100,632.5221773472229,570.6304627900578,False,False,,,,,,False
2025-07-25,633.4667358398438,633.9440397736063,631.2196750953526,631.4682494008442,56865400,633.9440397736063,570.6304627900578,False,False,,,,,,False
2025-07-28,633.3076782226562,634.4013808975731,631.9156378299562,633.8445768779104,54917100,634.4013808975731,570.6304627900578,False,False,,,,,,False
2025-07-29,631.6372680664062,635.0277949185313,630.722531607152,634.7096125224674,60556300,635.0277949185313,570.6304627900578,False,False,,,,,,False
2025-07-30,630.841796875,634.0434045947875,627.9384054781906,632.2934318863223,80418900,635.0277949185313,570.6304627900578,False,False,,,,,,False
2025-07-31,628.475341796875,636.200989166749,627.1728149946817,635.8132594113927,103385200,636.200989166749,570.6304627900578,False,False,,,,,,False
2025-08-01,618.1743774414062,622.7680859762785,615.7582427178595,622.7282752516747,140103600,636.200989166749,570.6304627900578,False,False,,,,,,False
2025-08-04,627.570556640625,627.6202593639928,622.0124691896333,622.1019219542782,73218000,636.200989166749,570.6304627900578,False,False,,,,,,False
2025-08-05,624.3887939453125,629.0023475949919,623.464104816374,628.187016594973,68051400,636.200989166749,570.6304627900578,False,False,,,,,,False
2025-08-06,629.17138671875,629.8275961427472,624.5478806448895,625.462617040701,64357500,636.200989166749,573.4361124467979,False,False,,,,,,False
2025-08-07,628.6444091796875,633.3474155493337,625.5223013845391,632.6116453260242,74205800,636.200989166749,578.2045251191539,False,False,,,,,,False
2025-08-08,633.5462646484375,634.0136158764692,630.125879949944,630.4440623273716,64051600,636.200989166749,578.2045251191539,False,False,long,,,multiple_bottom,,True
2025-08-11,632.29345703125,635.3062066703783,631.0406328520911,633.824713555593,58742300,636.200989166749,578.2045251191539,False,False,,,,,,False
2025-08-12,639.0248413085938,639.1839021511607,633.1584638161933,634.6499095494731,64730800,639.1839021511607,580.0089171212081,False,False,,,,,,False
2025-08-13,641.2123413085938,642.5049155421342,639.0149226306152,641.2321859855442,60092800,642.5049155421342,585.9470768439928,False,False,,,,,,False
2025-08-14,641.27197265625,641.9381347685223,638.6768716045066,639.1242567818475,59327500,642.5049155421342,585.9470768439928,False,False,,,,,,False
2025-08-15,639.7705688476562,642.4054806038605,638.8558324502803,642.3060144753327,68592500,642.5049155421342,585.9470768439928,False,False,,,,,,False
2025-08-18,639.6314086914062,640.3274289037191,638.5178006265407,639.1939154739885,43804900,642.5049155421342,588.5145735944315,False,False,,,,,,False
2025-08-19,636.1612548828125,640.4367204754008,634.8388226855677,639.4523760102862,69750700,642.5049155421342,588.5145735944315,False,False,,,,,,False
2025-08-20,634.470947265625,636.0120957287904,629.3404006137462,635.7536294439067,88890300,642.5049155421342,588.5145735944315,False,False,,,,,,False
2025-08-21,631.9255981445312,634.3317804706619,630.195530658508,632.6514763962614,54805800,642.5049155421342,588.5145735944315,False,False,,,,,,False
2025-08-22,641.6299438476562,642.8131599802851,633.6159105915494,634.1230118894028,84083200,642.8131599802851,588.5145735944315,False,False,,,,,,False
2025-08-25,638.8060913085938,641.6100166878209,638.686780499868,640.3671451910226,51274300,642.8131599802851,588.5145735944315,False,False,,,,,,False
2025-08-26,641.4807739257812,641.8288143683822,637.9112808564007,638.5376929659955,51581600,642.8131599802851,588.5145735944315,False,False,,,,,,False
2025-08-27,642.9423828125,643.6781530071313,640.7449642231398,640.8941330732226,48341100,643.6781530071313,588.5145735944315,False,False,,,,,,False
2025-08-28,645.2192993164062,645.7761033013204,641.6597591604225,643.548887361664,61519500,645.7761033013204,588.5145735944315,False,False,,,,,,False
2025-08-29,641.3713989257812,644.1455269630451,639.472317969575,643.777581165663,74522200,645.7761033013204,588.5145735944315,False,False,,,,,,False
2025-09-02,636.6187133789062,636.8374296419402,631.2991867317828,633.8644906037873,81983500,645.7761033013204,588.5145735944315,False,False,long,,,multiple_bottom,,True
2025-09-03,640.06884765625,640.5361988813526,636.8075845104526,639.0049424066366,70820900,645.7761033013204,599.9688039561656,False,False,,,,,,False
2025-09-04,645.418212890625,645.4480709373178,639.8402199968853,640.7450037735979,65219200,645.7761033013204,602.086708265907,False,False,,,,,,False
2025-09-05,643.5488891601562,648.4905776412766,639.6612139364762,647.7646994415851,85178900,648.4905776412766,604.9005750782753,False,False,,,,,,False
2025-09-08,645.1298828125,646.1341327155172,643.5389708468488,644.9210585487652,63133100,648.4905776412766,607.3465704310272,False,False,,,,,,False
2025-09-09,646.6212768554688,647.148222783044,643.5289666240282,645.2689866211995,66133900,648.4905776412766,611.5325044540273,False,False,,,,,,False
2025-09-10,648.4905395507812,650.817160801947,646.9195331255914,649.8924717726807,78034500,650.817160801947,612.0098276707645,False,False,,,,,,False
2025-09-11,653.8796997070312,654.5757199134183,649.8627606991871,650.4493620868353,69934400,654.5757199134183,613.0936150077308,False,False,,,,,,False
2025-09-12,653.6608276367188,655.351144838518,653.1537870945498,653.8497465125743,72780100,655.351144838518,614.3463473867639,False,False,,,,,,False
2025-09-15,657.1409301757812,657.2701936656516,655.5799369896564,655.8782140097094,63772400,657.2701936656516,614.3463473867639,False,False,,,,,,False
2025-09-16,656.2361450195312,658.0060231465056,655.450672087237,657.6977327581834,61169000,658.0060231465056,614.5253596449445,False,False,,,,,,False
2025-09-17,655.4208374023438,657.9463305061431,650.5686620900484,656.2461210913638,101952200,658.0060231465056,614.5253596449445,False,False,,,,,,False
2025-09-18,658.4832153320312,661.098221592467,656.504573788396,658.1153302554297,90459200,661.098221592467,614.5253596449445,False,False,,,,,,False
2025-09-19,661.74462890625,662.5921003065068,658.4244226642126,660.3786700487054,97945600,662.5921003065068,614.5253596449445,False,False,,,,,,False
2025-09-22,664.8753662109375,665.3239917254978,660.2190812650523,660.2490220888672,69452200,665.3239917254978,614.5253596449445,False,False,,,,,,False
2025-09-23,661.256103515625,665.3739407705357,660.0296859026699,664.7557113987294,81708900,665.3739407705357,614.5253596449445,False,False,,,,,,False
2025-09-24,659.1522216796875,662.6518901422049,657.7264420940938,662.5522091075384,68082200,665.3739407705357,614.5253596449445,False,False,,,,,,False
2025-09-25,656.1112670898438,657.4672457066506,652.4819765077987,656.0016057727498,89622100,665.3739407705357,615.7582427178595,False,False,,,,,,False
2025-09-26,659.8701782226562,660.4185456623683,655.9417836675868,657.5669862915963,69179200,665.3739407705357,615.7582427178595,False,False,,,,,,False
2025-09-29,661.7246704101562,663.3199930316334,659.9100251593522,662.4026597035332,73499000,665.3739407705357,615.7582427178595,False,False,,,,,,False
2025-09-30,664.21728515625,664.6859320813617,659.6607420426623,660.976860345401,86288000,665.3739407705357,615.7582427178595,True,False,short,,,,,True
2025-10-01,666.4806518554688,667.3979243492374,661.1065170498754,661.2161783670498,72545400,667.3979243492374,615.7582427178595,False,False,,,,,,False
2025-10-02,667.248291015625,668.5943501107935,664.8155382515555,668.4747085274895,56896000,668.5943501107935,615.7582427178595,False,False,,,,,,False
2025-10-03,667.2384033203125,670.6981508367895,666.1914481336265,668.0160736487628,70494400,670.6981508367895,615.7582427178595,False,False,,,,,,False
2025-10-06,669.6312866210938,670.5286593813627,667.4876574687494,669.6412668959266,54623300,670.6981508367895,615.7582427178595,False,False,,,,,,False
2025-10-07,667.1486206054688,671.0072138668005,665.7028804529681,670.5585274945992,72020100,671.0072138668005,615.7582427178595,False,False,,,,,,False
2025-10-08,671.1268920898438,671.2266339865188,667.4477610054765,668.2753327277967,60702200,671.2266339865188,615.7582427178595,False,False,,,,,,False
2025-10-09,669.1826171875,671.9544560264949,667.2384109165724,671.5456907353398,66501900,671.9544560264949,615.7582427178595,False,False,,,,,,False
2025-10-10,651.0960693359375,671.9643973425017,650.9166069608107,670.1497521868876,159422600,671.9643973425017,615.7582427178595,False,False,,,,,,False
2025-10-13,661.0865478515625,663.170417127303,657.8262232173948,658.7036354539871,79560500,671.9643973425017,622.0124691896333,False,False,,,,,,False
2025-10-14,660.2789306640625,663.8683609233883,651.2456255038628,655.2338407773344,88779600,671.9643973425017,623.464104816374,False,False,,,,,,False
2025-10-15,663.2102661132812,668.2553559603689,656.988660072404,664.855429242796,81702600,671.9643973425017,624.5478806448895,False,False,,,,,,False
2025-10-16,658.6936645507812,666.7398963555108,655.1740352792065,664.8554499895176,110563300,671.9643973425017,625.5223013845391,False,False,,,,,,False
2025-10-17,662.4326171875,663.7985760836355,656.2010306703355,657.5570092911896,96500900,671.9643973425017,629.3404006137462,False,False,,,,,,False
2025-10-20,669.3222045898438,670.2295576279439,665.3041094156895,665.3539499346838,60493400,671.9643973425017,629.3404006137462,False,False,,,,,,False
2025-10-21,669.3121948242188,671.0071983826805,668.0060568363804,669.4617772299453,56249000,671.9643973425017,629.3404006137462,False,False,,,,,,False
2025-10-22,665.83251953125,670.0201576878661,661.3457774038759,670.0201576878661,80564000,671.9643973425017,629.3404006137462,False,False,,,,,,False
2025-10-23,669.7808837890625,670.7280970890292,665.8325287543602,666.1515932793667,65604500,671.9643973425017,629.3404006137462,True,False,short,,,,,True
2025-10-24,675.2546997070312,676.4710761570719,673.6594379369009,674.4670490970213,74356500,676.4710761570719,629.3404006137462,False,False,,,,,,False
2025-10-27,683.2211303710938,683.5202343374859,680.1103274099472,680.7185156175003,63339800,683.5202343374859,629.3404006137462,False,False,,,,,,False
2025-10-28,685.0357666015625,686.8802917495992,682.8123561492805,685.0257863269245,61738100,686.8802917495992,629.3404006137462,False,False,,,,,,False
2025-10-29,685.3648071289062,687.6679989086465,680.8581046045199,686.6908448301914,85657100,687.6679989086465,629.3404006137462,False,False,,,,,,False
2025-10-30,677.8270874023438,683.919071384824,677.8270874023438,681.8851035842282,76335800,687.6679989086465,630.195530658508,False,False,,,,,,False
2025-10-31,680.050537109375,683.0616591685175,677.2388379885472,683.0217380676526,87164100,687.6679989086465,631.2991867317828,False,False,,,,,,False
2025-11-03,681.3267822265625,683.7794956694769,677.9367749059246,683.6498738048132,57315000,687.6679989086465,631.2991867317828,False,False,,,,,,False
2025-11-04,673.2506103515625,677.9567360174515,672.5925816080086,674.1180423048241,78427000,687.6679989086465,631.2991867317828,False,False,,,,,,False
2025-11-05,675.583740234375,678.8540450990596,672.1837526501265,672.9913638051393,74402400,687.6679989086465,631.2991867317828,False,False,,,,,,False
2025-11-06,668.3351440429688,675.384321857154,666.7498016918889,674.4769688014325,85035300,687.6679989086465,631.2991867317828,False,False,,,,,,False
2025-11-07,668.9931640625,669.1028862313885,659.2619700189845,665.9421818455136,100592400,687.6679989086465,631.2991867317828,False,False,,,,,,False
2025-11-10,679.432373046875,680.1701831536659,673.0412846911101,675.2447347362015,75842900,687.6679989086465,631.2991867317828,False,False,,,,,,False
2025-11-11,680.9877319335938,681.5560598909952,676.7302928180768,677.9467300747958,58953400,687.6679989086465,636.8075845104526,False,False,,,,,,False
2025-11-12,681.3666381835938,682.9420002443612,678.9438047256676,682.7724572806613,62312500,687.6679989086465,639.6612139364762,False,False,,,,,,False
2025-11-13,670.0599975585938,678.8540191634994,668.5445172010542,678.4950944095032,103457800,687.6679989086465,639.6612139364762,False,False,,,,,,False
2025-11-14,669.9503784179688,673.669369761962,661.3159189526839,663.4196879466924,96846700,687.6679989086465,643.5289666240282,False,False,,,,,,False
2025-11-17,663.7088012695312,671.7251529532939,660.2191128892804,667.7269573864955,90456100,687.6679989086465,643.5289666240282,False,False,,,,,,False
2025-11-18,658.1353149414062,663.1604443809363,653.9277160969795,660.1493223141129,114467500,687.6679989086465,646.9195331255914,False,False,,,,,,False
2025-11-19,660.6777954101562,665.3739409367662,656.8092216159307,658.8332701356088,94703000,687.6679989086465,649.8627606991871,False,False,,,,,,False
2025-11-20,650.6075439453125,673.5696612658603,649.969414909385,670.9274443593279,165293500,687.6679989086465,649.969414909385,False,False,,,,,,False
2025-11-21,657.08837890625,662.5920743656175,648.9324254696204,653.1200634979649,123956200,687.6679989086465,648.9324254696204,False,False,,,,,,False
2025-11-24,666.759765625,668.0858642133718,659.6408477705503,660.7375826041805,80437900,687.6679989086465,648.9324254696204,False,False,,,,,,False
2025-11-25,673.03125,674.2177464111714,662.5222643995295,666.6600618545837,81077100,687.6679989086465,648.9324254696204,False,False,,,,,,False
2025-11-26,677.6775512695312,679.6916195137131,674.7262499751725,675.6336030547216,71879600,687.6679989086465,648.9324254696204,False,False,,,,,,False
2025-11-28,681.3765869140625,681.6557303234264,678.4950869285864,678.8540116786253,49212000,687.6679989086465,648.9324254696204,False,False,,,,,,False
2025-12-01,678.2658081054688,680.9777652313311,676.7402865806703,676.8100876493213,61201200,687.6679989086465,648.9324254696204,False,False,,,,,,False
2025-12-02,679.5220947265625,681.8053259843603,677.3285642303521,679.91089945233,62953800,687.6679989086465,648.9324254696204,False,False,,,,,,False
2025-12-03,681.8751220703125,682.8920755410956,677.6874840363832,678.5648962284573,57238500,687.6679989086465,648.9324254696204,False,False,,,,,,False
2025-12-04,682.3736572265625,683.3507504660292,679.3326553413237,683.2809493981625,61970300,687.6679989086465,648.9324254696204,False,False,,,,,,False
2025-12-05,683.6697998046875,686.3618571461667,682.5630847287977,683.4504163312143,79241000,687.6679989086465,648.9324254696204,False,False,,,,,,False
2025-12-08,681.6159057617188,684.6170474876437,679.5619773329797,684.5672069678625,55231500,687.6679989086465,648.9324254696204,False,False,,,,,,False
2025-12-09,681.027587890625,683.3707007727439,680.5789623765876,681.1373100558188,58310100,687.6679989086465,648.9324254696204,False,False,,,,,,False
2025-12-10,685.5443115234375,686.9401503769751,679.3027447895911,680.5490620813229,85671300,687.6679989086465,648.9324254696204,True,False,short,,,,,True
2025-12-11,687.1395263671875,687.2193077079016,680.1601500103427,683.1214313379483,86173700,687.6679989086465,648.9324254696204,False,False,,,,,,False
2025-12-12,679.7514038085938,686.8504219479569,677.1690077077839,686.1424918468441,113160300,687.6679989086465,648.9324254696204,False,False,,,,,,False
2025-12-15,678.7244262695312,683.7396361862291,677.2488060921288,683.7196756361553,90811000,687.6679989086465,648.9324254696204,False,False,,,,,,False
2025-12-16,676.8699340820312,679.0734449717613,672.9913800472318,677.2288588584025,122030600,687.6679989086465,648.9324254696204,False,False,,,,,,False
2025-12-17,669.4219360351562,678.4352803496147,669.2225131069573,677.8869129385677,110625200,687.6679989086465,648.9324254696204,False,False,,,,,,False
2025-12-18,674.4769287109375,678.7343677454887,672.9116078583543,675.603604329658,108650100,687.6679989086465,648.9324254696204,False,False,,,,,,False
2025-12-19,680.5900268554688,681.0900268554688,676.469970703125,676.5900268554688,103599500,687.6679989086465,648.9324254696204,False,False,,,,,,False
2025-12-22,684.8300170898438,685.3599853515625,680.5900268554688,683.9400024414062,69556700,687.6679989086465,648.9324254696204,False,False,,,,,,False
2025-12-23,687.9600219726562,688.2000122070312,683.8699951171875,683.9199829101562,64840000,688.2000122070312,648.9324254696204,False,False,,,,,,False
2025-12-24,690.3800048828125,690.8300170898438,687.7999877929688,687.9500122070312,39445600,690.8300170898438,648.9324254696204,False,False,,,,,,False
2025-12-26,690.3099975585938,691.6599731445312,689.27001953125,690.6400146484375,41613300,691.6599731445312,648.9324254696204,False,False,,,,,,False
2025-12-29,687.8499755859375,689.2000122070312,686.0700073242188,687.5399780273438,62559500,691.6599731445312,648.9324254696204,False,False,,,,,,False
2025-12-30,687.010009765625,688.5599975585938,686.5800170898438,687.4500122070312,47160700,691.6599731445312,648.9324254696204,False,False,,,,,,False
